checkpoint,index,metric,spatial_distance,value,error
1499,0,cls_effective_rank,,13.779254913330078,0.9329776167869568
1499,0,patch_effective_rank,,41.05878448486328,4.229992866516113
1499,0,mean_off_diagonal_similarity,,0.7860226035118103,0.016875009983778
1499,0,spatial_specificity,1.0,0.9383758306503296,0.007916136644780636
1499,0,spatial_specificity,1.4142135381698608,0.9090369343757629,0.011495864018797874
1499,0,spatial_specificity,2.0,0.8857380151748657,0.012744687497615814
1499,0,spatial_specificity,2.2360680103302,0.8664664030075073,0.014982013031840324
1499,0,spatial_specificity,2.8284270763397217,0.8349791765213013,0.01902393065392971
1499,0,spatial_specificity,3.0,0.8489198684692383,0.01441806461662054
1499,0,spatial_specificity,3.1622776985168457,0.8319953680038452,0.01676967181265354
1499,0,spatial_specificity,3.605551242828369,0.8069674372673035,0.021175436675548553
1499,0,spatial_specificity,4.0,0.8217483758926392,0.019085489213466644
1499,0,spatial_specificity,4.123105525970459,0.8059539794921875,0.02044103480875492
1499,0,spatial_specificity,4.242640495300293,0.7858037352561951,0.023559875786304474
1499,0,spatial_specificity,4.4721360206604,0.7858718633651733,0.02385348454117775
1499,0,spatial_specificity,5.0,0.782309889793396,0.023861024528741837
1499,0,spatial_specificity,5.099019527435303,0.7885531187057495,0.02094835229218006
1499,0,spatial_specificity,5.385164737701416,0.7703458070755005,0.02446327917277813
1499,0,spatial_specificity,5.656854152679443,0.7560843229293823,0.028106089681386948
1499,0,spatial_specificity,5.830952167510986,0.7555448412895203,0.026681702584028244
1499,0,spatial_specificity,6.0,0.7929704189300537,0.01837898977100849
1499,0,spatial_specificity,6.082762241363525,0.7788741588592529,0.019066574051976204
1499,0,spatial_specificity,6.324555397033691,0.76035475730896,0.021869398653507233
1499,0,spatial_specificity,6.4031243324279785,0.7421361207962036,0.028049619868397713
1499,0,spatial_specificity,6.7082037925720215,0.7449243068695068,0.023607103154063225
1499,0,spatial_specificity,7.0,0.792361855506897,0.01752556674182415
1499,0,spatial_specificity,7.071067810058594,0.762188732624054,0.02137632481753826
1499,0,spatial_specificity,7.211102485656738,0.7321776151657104,0.025597842410206795
1499,0,spatial_specificity,7.280109882354736,0.7575892210006714,0.019641198217868805
1499,0,spatial_specificity,7.6157732009887695,0.7412376403808594,0.0215164665132761
1499,0,spatial_specificity,7.8102498054504395,0.7196792364120483,0.028108658269047737
1499,0,spatial_specificity,8.0,0.7954858541488647,0.016280585899949074
1499,0,spatial_specificity,8.062257766723633,0.7555748820304871,0.01973489485681057
1499,0,spatial_specificity,8.246211051940918,0.7602999210357666,0.01806267350912094
1499,0,spatial_specificity,8.485280990600586,0.7092599272727966,0.027163714170455933
1499,0,spatial_specificity,8.5440034866333,0.7421282529830933,0.01991388574242592
1499,0,spatial_specificity,8.602325439453125,0.7149279117584229,0.02499455399811268
1499,0,spatial_specificity,8.9442720413208,0.7275599837303162,0.021693183109164238
1499,0,spatial_specificity,9.0,0.8054171800613403,0.01601480506360531
1499,0,spatial_specificity,9.05538558959961,0.7886333465576172,0.01677289418876171
1499,0,spatial_specificity,9.219544410705566,0.7370210886001587,0.020416952669620514
1499,0,spatial_specificity,9.433980941772461,0.7154272198677063,0.023036785423755646
1499,0,spatial_specificity,9.486832618713379,0.747005820274353,0.019372563809156418
1499,0,spatial_specificity,9.848857879638672,0.731667697429657,0.020387619733810425
1499,0,spatial_specificity,9.899495124816895,0.7009629607200623,0.023709401488304138
1499,0,spatial_specificity,10.0,0.7481757402420044,0.019899053499102592
1499,0,spatial_specificity,10.049875259399414,0.8051708340644836,0.017584102228283882
1499,0,spatial_specificity,10.198039054870605,0.7832552194595337,0.017539726570248604
1499,0,spatial_specificity,10.29563045501709,0.7193285822868347,0.02118614688515663
1499,0,spatial_specificity,10.440306663513184,0.7607896327972412,0.017978740856051445
1499,0,spatial_specificity,10.630146026611328,0.7035761475563049,0.022898338735103607
1499,0,spatial_specificity,10.770329475402832,0.7423956990242004,0.01897699199616909
1499,0,spatial_specificity,10.816654205322266,0.7107198238372803,0.020652474835515022
1499,0,spatial_specificity,11.0,0.8527069091796875,0.017316970974206924
1499,0,spatial_specificity,11.045360565185547,0.837887167930603,0.01876668818295002
1499,0,spatial_specificity,11.180339813232422,0.7729479670524597,0.018704771995544434
1499,0,spatial_specificity,11.313708305358887,0.7081154584884644,0.02178557589650154
1499,0,spatial_specificity,11.401754379272461,0.7506905794143677,0.018460500985383987
1499,0,spatial_specificity,11.661904335021973,0.7244584560394287,0.01944713294506073
1499,0,spatial_specificity,11.704700469970703,0.7726775407791138,0.021475084125995636
1499,0,spatial_specificity,12.0,0.895116925239563,0.017805248498916626
1499,0,spatial_specificity,12.041594505310059,0.7977477312088013,0.01704910397529602
1499,0,spatial_specificity,12.083045959472656,0.7616336345672607,0.022651750594377518
1499,0,spatial_specificity,12.16552448272705,0.8685814142227173,0.02032095566391945
1499,0,spatial_specificity,12.206555366516113,0.7315341830253601,0.01948155090212822
1499,0,spatial_specificity,12.369317054748535,0.8481751680374146,0.022094665095210075
1499,0,spatial_specificity,12.529964447021484,0.7602027654647827,0.02384834736585617
1499,0,spatial_specificity,12.649110794067383,0.8285077810287476,0.02479364350438118
1499,0,spatial_specificity,12.727921485900879,0.7420957684516907,0.019114702939987183
1499,0,spatial_specificity,12.806248664855957,0.7490280270576477,0.020120717585086823
1499,0,spatial_specificity,13.0,0.8528337478637695,0.021028710529208183
1499,0,spatial_specificity,13.038405418395996,0.8343436121940613,0.01820429041981697
1499,0,spatial_specificity,13.152946472167969,0.9201792478561401,0.013995448127388954
1499,0,spatial_specificity,13.34166431427002,0.8998834490776062,0.016757413744926453
1499,0,spatial_specificity,13.416407585144043,0.8129560351371765,0.026121139526367188
1499,0,spatial_specificity,13.45362377166748,0.7731474041938782,0.022063756361603737
1499,0,spatial_specificity,13.601469993591309,0.8229354023933411,0.021213775500655174
1499,0,spatial_specificity,13.892444610595703,0.8219918012619019,0.02360166236758232
1499,0,spatial_specificity,13.928387641906738,0.8703168630599976,0.020284496247768402
1499,0,spatial_specificity,14.142135620117188,0.8083502054214478,0.023734137415885925
1499,0,spatial_specificity,14.21267032623291,0.81688392162323,0.023641128093004227
1499,0,spatial_specificity,14.317821502685547,0.8665781021118164,0.020517639815807343
1499,0,spatial_specificity,14.422204971313477,0.8407475352287292,0.021541530266404152
1499,0,spatial_specificity,14.764822959899902,0.8734903335571289,0.01893998309969902
1499,0,spatial_specificity,14.866068840026855,0.8513711094856262,0.02163543365895748
1499,0,spatial_specificity,15.0,0.8635562658309937,0.019703030586242676
1499,0,spatial_specificity,15.264337539672852,0.8872711062431335,0.017287997528910637
1499,0,spatial_specificity,15.55634880065918,0.8837915658950806,0.018088985234498978
1499,0,spatial_specificity,15.620499610900879,0.8889254331588745,0.01612181030213833
1499,0,spatial_specificity,15.81138801574707,0.9015196561813354,0.014896133914589882
1499,0,spatial_specificity,16.278820037841797,0.9087047576904297,0.015312334522604942
1499,0,spatial_specificity,16.401220321655273,0.9152952432632446,0.012484992854297161
1499,0,spatial_specificity,16.970561981201172,0.9239194989204407,0.013576788827776909
1499,0,spatial_specificity,17.029386520385742,0.9258542060852051,0.011347672902047634
1499,0,spatial_specificity,17.69180679321289,0.932512104511261,0.01053215004503727
1499,0,spatial_specificity,18.384777069091797,0.9386709332466125,0.009759120643138885
1999,1,cls_effective_rank,,14.346893310546875,0.9807305335998535
1999,1,patch_effective_rank,,41.289039611816406,3.9429986476898193
1999,1,mean_off_diagonal_similarity,,0.8086971044540405,0.012899774126708508
1999,1,spatial_specificity,1.0,0.9479314088821411,0.004786177072674036
1999,1,spatial_specificity,1.4142135381698608,0.9219088554382324,0.006257630418986082
1999,1,spatial_specificity,2.0,0.8989434242248535,0.008075172081589699
1999,1,spatial_specificity,2.2360680103302,0.8828061819076538,0.008577263914048672
1999,1,spatial_specificity,2.8284270763397217,0.8539507985115051,0.010756060481071472
1999,1,spatial_specificity,3.0,0.8646340370178223,0.008987908251583576
1999,1,spatial_specificity,3.1622776985168457,0.8503923416137695,0.009605329483747482
1999,1,spatial_specificity,3.605551242828369,0.8272512555122375,0.012147221714258194
1999,1,spatial_specificity,4.0,0.8406656980514526,0.00948510691523552
1999,1,spatial_specificity,4.123105525970459,0.8270684480667114,0.01040526945143938
1999,1,spatial_specificity,4.242640495300293,0.8058980703353882,0.014531605876982212
1999,1,spatial_specificity,4.4721360206604,0.807742714881897,0.013296022079885006
1999,1,spatial_specificity,5.0,0.8032312393188477,0.013991198502480984
1999,1,spatial_specificity,5.099019527435303,0.812111496925354,0.012050113640725613
1999,1,spatial_specificity,5.385164737701416,0.7940424680709839,0.015181062743067741
1999,1,spatial_specificity,5.656854152679443,0.7764281630516052,0.018424032256007195
1999,1,spatial_specificity,5.830952167510986,0.7776336669921875,0.01776299625635147
1999,1,spatial_specificity,6.0,0.8168253898620605,0.011664084158837795
1999,1,spatial_specificity,6.082762241363525,0.8041456341743469,0.01328292302787304
1999,1,spatial_specificity,6.324555397033691,0.7854856848716736,0.016115909442305565
1999,1,spatial_specificity,6.4031243324279785,0.7641374468803406,0.01975223235785961
1999,1,spatial_specificity,6.7082037925720215,0.7685165405273438,0.018365103751420975
1999,1,spatial_specificity,7.0,0.815995991230011,0.01254159677773714
1999,1,spatial_specificity,7.071067810058594,0.7871764898300171,0.015940848737955093
1999,1,spatial_specificity,7.211102485656738,0.7555164098739624,0.020663760602474213
1999,1,spatial_specificity,7.280109882354736,0.7832806706428528,0.01628740504384041
1999,1,spatial_specificity,7.6157732009887695,0.7657074332237244,0.01884276233613491
1999,1,spatial_specificity,7.8102498054504395,0.7446308135986328,0.022418256849050522
1999,1,spatial_specificity,8.0,0.8180027008056641,0.013492856174707413
1999,1,spatial_specificity,8.062257766723633,0.7800289392471313,0.016938110813498497
1999,1,spatial_specificity,8.246211051940918,0.7856743931770325,0.016191504895687103
1999,1,spatial_specificity,8.485280990600586,0.7360351085662842,0.02277558669447899
1999,1,spatial_specificity,8.5440034866333,0.7674150466918945,0.01806720905005932
1999,1,spatial_specificity,8.602325439453125,0.7410329580307007,0.021721642464399338
1999,1,spatial_specificity,8.9442720413208,0.7535355687141418,0.019170304760336876
1999,1,spatial_specificity,9.0,0.8266921043395996,0.013814588077366352
1999,1,spatial_specificity,9.05538558959961,0.8127829432487488,0.014491136185824871
1999,1,spatial_specificity,9.219544410705566,0.764147937297821,0.017855998128652573
1999,1,spatial_specificity,9.433980941772461,0.7432746291160583,0.01977289654314518
1999,1,spatial_specificity,9.486832618713379,0.7743428945541382,0.016987269744277
1999,1,spatial_specificity,9.848857879638672,0.7604684829711914,0.017644915729761124
1999,1,spatial_specificity,9.899495124816895,0.7319678664207458,0.020445751026272774
1999,1,spatial_specificity,10.0,0.7757437229156494,0.016330469399690628
1999,1,spatial_specificity,10.049875259399414,0.8298624157905579,0.014475792646408081
1999,1,spatial_specificity,10.198039054870605,0.8107724189758301,0.015145929530262947
1999,1,spatial_specificity,10.29563045501709,0.7505160570144653,0.01815670169889927
1999,1,spatial_specificity,10.440306663513184,0.7913625836372375,0.015719303861260414
1999,1,spatial_specificity,10.630146026611328,0.7374518513679504,0.01912738010287285
1999,1,spatial_specificity,10.770329475402832,0.7759695649147034,0.016466600820422173
1999,1,spatial_specificity,10.816654205322266,0.7450377941131592,0.01804903708398342
1999,1,spatial_specificity,11.0,0.8720871210098267,0.01418549008667469
1999,1,spatial_specificity,11.045360565185547,0.8600984811782837,0.014991842210292816
1999,1,spatial_specificity,11.180339813232422,0.8034960627555847,0.015598274767398834
1999,1,spatial_specificity,11.313708305358887,0.7445500493049622,0.01797584444284439
1999,1,spatial_specificity,11.401754379272461,0.7834843397140503,0.015752188861370087
1999,1,spatial_specificity,11.661904335021973,0.7632418870925903,0.017141543328762054
1999,1,spatial_specificity,11.704700469970703,0.805259108543396,0.017131783068180084
1999,1,spatial_specificity,12.0,0.9052645564079285,0.013804136775434017
1999,1,spatial_specificity,12.041594505310059,0.8233076930046082,0.014538770541548729
1999,1,spatial_specificity,12.083045959472656,0.7971946597099304,0.017922252416610718
1999,1,spatial_specificity,12.16552448272705,0.8800797462463379,0.015389759093523026
1999,1,spatial_specificity,12.206555366516113,0.7708752751350403,0.0176550280302763
1999,1,spatial_specificity,12.369317054748535,0.8614804148674011,0.017089858651161194
1999,1,spatial_specificity,12.529964447021484,0.7968536615371704,0.01916133426129818
1999,1,spatial_specificity,12.649110794067383,0.8455381393432617,0.01912718638777733
1999,1,spatial_specificity,12.727921485900879,0.7785409688949585,0.018107082694768906
1999,1,spatial_specificity,12.806248664855957,0.7853197455406189,0.017363879829645157
1999,1,spatial_specificity,13.0,0.8656010627746582,0.016194075345993042
1999,1,spatial_specificity,13.038405418395996,0.8529642820358276,0.01440840121358633
1999,1,spatial_specificity,13.152946472167969,0.9138754606246948,0.013103324919939041
1999,1,spatial_specificity,13.34166431427002,0.8942985534667969,0.01450078934431076
1999,1,spatial_specificity,13.416407585144043,0.8333152532577515,0.0189324039965868
1999,1,spatial_specificity,13.45362377166748,0.8025189638137817,0.018948864191770554
1999,1,spatial_specificity,13.601469993591309,0.8386515378952026,0.015683159232139587
1999,1,spatial_specificity,13.892444610595703,0.8381240963935852,0.016509760171175003
1999,1,spatial_specificity,13.928387641906738,0.8698549270629883,0.015355223789811134
1999,1,spatial_specificity,14.142135620117188,0.8259409070014954,0.02090204693377018
1999,1,spatial_specificity,14.21267032623291,0.8327773809432983,0.01899530366063118
1999,1,spatial_specificity,14.317821502685547,0.8667598962783813,0.014627231284976006
1999,1,spatial_specificity,14.422204971313477,0.8492993116378784,0.015268928371369839
1999,1,spatial_specificity,14.764822959899902,0.8706013560295105,0.012724584899842739
1999,1,spatial_specificity,14.866068840026855,0.8556629419326782,0.019646121188998222
1999,1,spatial_specificity,15.0,0.8640082478523254,0.015570953488349915
1999,1,spatial_specificity,15.264337539672852,0.8789049386978149,0.011510349810123444
1999,1,spatial_specificity,15.55634880065918,0.879464328289032,0.017422592267394066
1999,1,spatial_specificity,15.620499610900879,0.8822405934333801,0.01534108817577362
1999,1,spatial_specificity,15.81138801574707,0.8882293701171875,0.011644219979643822
1999,1,spatial_specificity,16.278820037841797,0.8982170820236206,0.015667956322431564
1999,1,spatial_specificity,16.401220321655273,0.8998160362243652,0.012871366925537586
1999,1,spatial_specificity,16.970561981201172,0.9113305807113647,0.015580191276967525
1999,1,spatial_specificity,17.029386520385742,0.9109960794448853,0.013732733204960823
1999,1,spatial_specificity,17.69180679321289,0.9198238253593445,0.013236463069915771
1999,1,spatial_specificity,18.384777069091797,0.9258033633232117,0.012050476856529713
2499,2,cls_effective_rank,,14.905272483825684,1.0258513689041138
2499,2,patch_effective_rank,,40.273231506347656,4.476348400115967
2499,2,mean_off_diagonal_similarity,,0.8042173385620117,0.014353306032717228
2499,2,spatial_specificity,1.0,0.9434078335762024,0.005735411308705807
2499,2,spatial_specificity,1.4142135381698608,0.9156048893928528,0.007776672951877117
2499,2,spatial_specificity,2.0,0.8921487927436829,0.010207309387624264
2499,2,spatial_specificity,2.2360680103302,0.8744753003120422,0.010408559814095497
2499,2,spatial_specificity,2.8284270763397217,0.8445855975151062,0.011020676232874393
2499,2,spatial_specificity,3.0,0.8568731546401978,0.011008929461240768
2499,2,spatial_specificity,3.1622776985168457,0.8414463996887207,0.0114180538803339
2499,2,spatial_specificity,3.605551242828369,0.8178914189338684,0.011933102272450924
2499,2,spatial_specificity,4.0,0.8329828977584839,0.011343451216816902
2499,2,spatial_specificity,4.123105525970459,0.8184358477592468,0.01194989774376154
2499,2,spatial_specificity,4.242640495300293,0.7971662282943726,0.012723122723400593
2499,2,spatial_specificity,4.4721360206604,0.7991015911102295,0.012460632249712944
2499,2,spatial_specificity,5.0,0.7960392236709595,0.012704549357295036
2499,2,spatial_specificity,5.099019527435303,0.8050301671028137,0.013252751901745796
2499,2,spatial_specificity,5.385164737701416,0.7871781587600708,0.013692907989025116
2499,2,spatial_specificity,5.656854152679443,0.7697930932044983,0.014846342615783215
2499,2,spatial_specificity,5.830952167510986,0.7717448472976685,0.014864728786051273
2499,2,spatial_specificity,6.0,0.8121933937072754,0.014232068322598934
2499,2,spatial_specificity,6.082762241363525,0.798701286315918,0.014898993074893951
2499,2,spatial_specificity,6.324555397033691,0.7804050445556641,0.01595451310276985
2499,2,spatial_specificity,6.4031243324279785,0.7591034770011902,0.01615108549594879
2499,2,spatial_specificity,6.7082037925720215,0.7642795443534851,0.01701541244983673
2499,2,spatial_specificity,7.0,0.8128778338432312,0.013579873368144035
2499,2,spatial_specificity,7.071067810058594,0.783353328704834,0.015140167437493801
2499,2,spatial_specificity,7.211102485656738,0.7523851990699768,0.01774778589606285
2499,2,spatial_specificity,7.280109882354736,0.7797190546989441,0.016832519322633743
2499,2,spatial_specificity,7.6157732009887695,0.7631794214248657,0.018087394535541534
2499,2,spatial_specificity,7.8102498054504395,0.743386447429657,0.01837136037647724
2499,2,spatial_specificity,8.0,0.8153295516967773,0.014153854921460152
2499,2,spatial_specificity,8.062257766723633,0.7778228521347046,0.016522537916898727
2499,2,spatial_specificity,8.246211051940918,0.7828720808029175,0.017189614474773407
2499,2,spatial_specificity,8.485280990600586,0.7368130087852478,0.019530117511749268
2499,2,spatial_specificity,8.5440034866333,0.765913724899292,0.018316637724637985
2499,2,spatial_specificity,8.602325439453125,0.7416734099388123,0.019109318032860756
2499,2,spatial_specificity,8.9442720413208,0.7534821033477783,0.01851370744407177
2499,2,spatial_specificity,9.0,0.82415771484375,0.014821610413491726
2499,2,spatial_specificity,9.05538558959961,0.8090965151786804,0.01585608534514904
2499,2,spatial_specificity,9.219544410705566,0.7636805176734924,0.017839854583144188
2499,2,spatial_specificity,9.433980941772461,0.7448599934577942,0.018904440104961395
2499,2,spatial_specificity,9.486832618713379,0.772617757320404,0.01867135427892208
2499,2,spatial_specificity,9.848857879638672,0.7600709795951843,0.019390329718589783
2499,2,spatial_specificity,9.899495124816895,0.7345603704452515,0.02019466646015644
2499,2,spatial_specificity,10.0,0.7758340239524841,0.017314031720161438
2499,2,spatial_specificity,10.049875259399414,0.825634777545929,0.016434675082564354
2499,2,spatial_specificity,10.198039054870605,0.8070883750915527,0.018261050805449486
2499,2,spatial_specificity,10.29563045501709,0.7511760592460632,0.020732814446091652
2499,2,spatial_specificity,10.440306663513184,0.7884902358055115,0.01978684589266777
2499,2,spatial_specificity,10.630146026611328,0.7391619682312012,0.021211955696344376
2499,2,spatial_specificity,10.770329475402832,0.773475170135498,0.021286437287926674
2499,2,spatial_specificity,10.816654205322266,0.7449690103530884,0.022783908993005753
2499,2,spatial_specificity,11.0,0.8668696284294128,0.016539206728339195
2499,2,spatial_specificity,11.045360565185547,0.8540067672729492,0.018021253868937492
2499,2,spatial_specificity,11.180339813232422,0.7991490960121155,0.020988192409276962
2499,2,spatial_specificity,11.313708305358887,0.7438021302223206,0.02174585498869419
2499,2,spatial_specificity,11.401754379272461,0.7796069979667664,0.022257402539253235
2499,2,spatial_specificity,11.661904335021973,0.7583702206611633,0.02587476372718811
2499,2,spatial_specificity,11.704700469970703,0.798878014087677,0.02536219358444214
2499,2,spatial_specificity,12.0,0.8989974856376648,0.018064429983496666
2499,2,spatial_specificity,12.041594505310059,0.8179230690002441,0.020524214953184128
2499,2,spatial_specificity,12.083045959472656,0.7897626161575317,0.028480354696512222
2499,2,spatial_specificity,12.16552448272705,0.875653862953186,0.021352512761950493
2499,2,spatial_specificity,12.206555366516113,0.7643827199935913,0.02632657252252102
2499,2,spatial_specificity,12.369317054748535,0.858036994934082,0.024455679580569267
2499,2,spatial_specificity,12.529964447021484,0.7888098955154419,0.030917778611183167
2499,2,spatial_specificity,12.649110794067383,0.8414965867996216,0.0284477137029171
2499,2,spatial_specificity,12.727921485900879,0.7721006870269775,0.024605799466371536
2499,2,spatial_specificity,12.806248664855957,0.7790714502334595,0.02473658137023449
2499,2,spatial_specificity,13.0,0.8630107641220093,0.024436654523015022
2499,2,spatial_specificity,13.038405418395996,0.8492256999015808,0.021691536530852318
2499,2,spatial_specificity,13.152946472167969,0.9168028831481934,0.017772400751709938
2499,2,spatial_specificity,13.34166431427002,0.8985872268676758,0.020581062883138657
2499,2,spatial_specificity,13.416407585144043,0.8300526738166809,0.03022173047065735
2499,2,spatial_specificity,13.45362377166748,0.7979670166969299,0.02393263205885887
2499,2,spatial_specificity,13.601469993591309,0.8377040028572083,0.022984933108091354
2499,2,spatial_specificity,13.892444610595703,0.8372765779495239,0.026658039540052414
2499,2,spatial_specificity,13.928387641906738,0.8743727803230286,0.024048559367656708
2499,2,spatial_specificity,14.142135620117188,0.8247238397598267,0.023621918633580208
2499,2,spatial_specificity,14.21267032623291,0.831792950630188,0.023589545860886574
2499,2,spatial_specificity,14.317821502685547,0.8720530271530151,0.024437187239527702
2499,2,spatial_specificity,14.422204971313477,0.8516923785209656,0.023519519716501236
2499,2,spatial_specificity,14.764822959899902,0.8775843381881714,0.022877469658851624
2499,2,spatial_specificity,14.866068840026855,0.8568816184997559,0.022456960752606392
2499,2,spatial_specificity,15.0,0.8677905201911926,0.02229733020067215
2499,2,spatial_specificity,15.264337539672852,0.887708306312561,0.020695189014077187
2499,2,spatial_specificity,15.55634880065918,0.8800814747810364,0.020695114508271217
2499,2,spatial_specificity,15.620499610900879,0.8857873678207397,0.02025185339152813
2499,2,spatial_specificity,15.81138801574707,0.8977519273757935,0.019342666491866112
2499,2,spatial_specificity,16.278820037841797,0.8979313969612122,0.020643526688218117
2499,2,spatial_specificity,16.401220321655273,0.9077738523483276,0.017839565873146057
2499,2,spatial_specificity,16.970561981201172,0.9097741842269897,0.022781195119023323
2499,2,spatial_specificity,17.029386520385742,0.9146164655685425,0.01787538081407547
2499,2,spatial_specificity,17.69180679321289,0.9199119806289673,0.018556969240307808
2499,2,spatial_specificity,18.384777069091797,0.9268935918807983,0.017395228147506714
2999,3,cls_effective_rank,,15.025678634643555,1.0400984287261963
2999,3,patch_effective_rank,,39.801002502441406,4.302508354187012
2999,3,mean_off_diagonal_similarity,,0.8155434727668762,0.01469998899847269
2999,3,spatial_specificity,1.0,0.944805920124054,0.006101683247834444
2999,3,spatial_specificity,1.4142135381698608,0.9175537824630737,0.007990353740751743
2999,3,spatial_specificity,2.0,0.8948243856430054,0.010136864148080349
2999,3,spatial_specificity,2.2360680103302,0.8774808049201965,0.0107690105214715
2999,3,spatial_specificity,2.8284270763397217,0.8489930033683777,0.011671549640595913
2999,3,spatial_specificity,3.0,0.8617662191390991,0.011419583112001419
2999,3,spatial_specificity,3.1622776985168457,0.8465811014175415,0.012112238444387913
2999,3,spatial_specificity,3.605551242828369,0.8249327540397644,0.01264249999076128
2999,3,spatial_specificity,4.0,0.8408558964729309,0.012174511328339577
2999,3,spatial_specificity,4.123105525970459,0.8266541361808777,0.01258414052426815
2999,3,spatial_specificity,4.242640495300293,0.8075307011604309,0.013321193866431713
2999,3,spatial_specificity,4.4721360206604,0.8095983266830444,0.012883073650300503
2999,3,spatial_specificity,5.0,0.8086897730827332,0.013108182698488235
2999,3,spatial_specificity,5.099019527435303,0.8154102563858032,0.013041476719081402
2999,3,spatial_specificity,5.385164737701416,0.8001059293746948,0.013527605682611465
2999,3,spatial_specificity,5.656854152679443,0.7879389524459839,0.0156085891649127
2999,3,spatial_specificity,5.830952167510986,0.7882195711135864,0.015025738626718521
2999,3,spatial_specificity,6.0,0.8226464986801147,0.013003143481910229
2999,3,spatial_specificity,6.082762241363525,0.809681236743927,0.013721664436161518
2999,3,spatial_specificity,6.324555397033691,0.7936643362045288,0.015157303772866726
2999,3,spatial_specificity,6.4031243324279785,0.7792285680770874,0.016739942133426666
2999,3,spatial_specificity,6.7082037925720215,0.7808626890182495,0.016491875052452087
2999,3,spatial_specificity,7.0,0.823138415813446,0.012799226678907871
2999,3,spatial_specificity,7.071067810058594,0.7976720333099365,0.014708970673382282
2999,3,spatial_specificity,7.211102485656738,0.7723061442375183,0.017800405621528625
2999,3,spatial_specificity,7.280109882354736,0.7925748229026794,0.016041867434978485
2999,3,spatial_specificity,7.6157732009887695,0.7790113091468811,0.017803741618990898
2999,3,spatial_specificity,7.8102498054504395,0.7653511762619019,0.018335800617933273
2999,3,spatial_specificity,8.0,0.8248447179794312,0.013409961946308613
2999,3,spatial_specificity,8.062257766723633,0.7919179797172546,0.016260435804724693
2999,3,spatial_specificity,8.246211051940918,0.7940970063209534,0.016767535358667374
2999,3,spatial_specificity,8.485280990600586,0.7588432431221008,0.018749017268419266
2999,3,spatial_specificity,8.5440034866333,0.779603123664856,0.018289612606167793
2999,3,spatial_specificity,8.602325439453125,0.7625346183776855,0.018945900723338127
2999,3,spatial_specificity,8.9442720413208,0.7700239419937134,0.01883336342871189
2999,3,spatial_specificity,9.0,0.8316287994384766,0.015015835873782635
2999,3,spatial_specificity,9.05538558959961,0.8167871236801147,0.015543666668236256
2999,3,spatial_specificity,9.219544410705566,0.777942955493927,0.01712202839553356
2999,3,spatial_specificity,9.433980941772461,0.7630816698074341,0.018845614045858383
2999,3,spatial_specificity,9.486832618713379,0.7824127078056335,0.01846444047987461
2999,3,spatial_specificity,9.848857879638672,0.7722218632698059,0.019094189628958702
2999,3,spatial_specificity,9.899495124816895,0.7543613314628601,0.019751673564314842
2999,3,spatial_specificity,10.0,0.7897765040397644,0.017144788056612015
2999,3,spatial_specificity,10.049875259399414,0.8319578170776367,0.017508765682578087
2999,3,spatial_specificity,10.198039054870605,0.8134721517562866,0.019495969638228416
2999,3,spatial_specificity,10.29563045501709,0.7651762962341309,0.02009849064052105
2999,3,spatial_specificity,10.440306663513184,0.7956905961036682,0.020507102832198143
2999,3,spatial_specificity,10.630146026611328,0.7566865682601929,0.021901417523622513
2999,3,spatial_specificity,10.770329475402832,0.7822927832603455,0.02136980928480625
2999,3,spatial_specificity,10.816654205322266,0.7591673731803894,0.022316427901387215
2999,3,spatial_specificity,11.0,0.8739826083183289,0.019361672922968864
2999,3,spatial_specificity,11.045360565185547,0.8613454699516296,0.02050846628844738
2999,3,spatial_specificity,11.180339813232422,0.8079459071159363,0.02161264978349209
2999,3,spatial_specificity,11.313708305358887,0.7589629888534546,0.023161672055721283
2999,3,spatial_specificity,11.401754379272461,0.7901555895805359,0.0229059886187315
2999,3,spatial_specificity,11.661904335021973,0.7687961459159851,0.0254439078271389
2999,3,spatial_specificity,11.704700469970703,0.8070600628852844,0.026124276220798492
2999,3,spatial_specificity,12.0,0.9070326089859009,0.019353149458765984
2999,3,spatial_specificity,12.041594505310059,0.8280709385871887,0.02213689498603344
2999,3,spatial_specificity,12.083045959472656,0.7988470196723938,0.028685521334409714
2999,3,spatial_specificity,12.16552448272705,0.8846019506454468,0.02356242761015892
2999,3,spatial_specificity,12.206555366516113,0.774398684501648,0.02665749005973339
2999,3,spatial_specificity,12.369317054748535,0.8676827549934387,0.026750873774290085
2999,3,spatial_specificity,12.529964447021484,0.7983437776565552,0.03144780918955803
2999,3,spatial_specificity,12.649110794067383,0.8521389961242676,0.030363550409674644
2999,3,spatial_specificity,12.727921485900879,0.7820779085159302,0.027236297726631165
2999,3,spatial_specificity,12.806248664855957,0.7889357209205627,0.026960546150803566
2999,3,spatial_specificity,13.0,0.873108983039856,0.026500262320041656
2999,3,spatial_specificity,13.038405418395996,0.8586674928665161,0.02400260977447033
2999,3,spatial_specificity,13.152946472167969,0.9266106486320496,0.01982162334024906
2999,3,spatial_specificity,13.34166431427002,0.9113980531692505,0.022345155477523804
2999,3,spatial_specificity,13.416407585144043,0.8427046537399292,0.031855735927820206
2999,3,spatial_specificity,13.45362377166748,0.8089243173599243,0.027848726138472557
2999,3,spatial_specificity,13.601469993591309,0.8514178991317749,0.02578417956829071
2999,3,spatial_specificity,13.892444610595703,0.8517888188362122,0.028882354497909546
2999,3,spatial_specificity,13.928387641906738,0.8910795450210571,0.02507828362286091
2999,3,spatial_specificity,14.142135620117188,0.8393605947494507,0.027317900210618973
2999,3,spatial_specificity,14.21267032623291,0.847624659538269,0.027458403259515762
2999,3,spatial_specificity,14.317821502685547,0.8895970582962036,0.025547461584210396
2999,3,spatial_specificity,14.422204971313477,0.8688822984695435,0.02593104913830757
2999,3,spatial_specificity,14.764822959899902,0.8960374593734741,0.024022886529564857
2999,3,spatial_specificity,14.866068840026855,0.8769268989562988,0.02524835616350174
2999,3,spatial_specificity,15.0,0.8881400227546692,0.02392169088125229
2999,3,spatial_specificity,15.264337539672852,0.9073214530944824,0.021634671837091446
2999,3,spatial_specificity,15.55634880065918,0.9042515754699707,0.021871518343687057
2999,3,spatial_specificity,15.620499610900879,0.9090356826782227,0.020589258521795273
2999,3,spatial_specificity,15.81138801574707,0.9181721806526184,0.02014433592557907
2999,3,spatial_specificity,16.278820037841797,0.9234260320663452,0.01976940408349037
2999,3,spatial_specificity,16.401220321655273,0.9284385442733765,0.018276043236255646
2999,3,spatial_specificity,16.970561981201172,0.9343105554580688,0.019527677446603775
2999,3,spatial_specificity,17.029386520385742,0.9357943534851074,0.01676490530371666
2999,3,spatial_specificity,17.69180679321289,0.941089928150177,0.015779614448547363
2999,3,spatial_specificity,18.384777069091797,0.9452258944511414,0.014887443743646145
3499,4,cls_effective_rank,,15.242676734924316,1.0598995685577393
3499,4,patch_effective_rank,,46.87190246582031,4.310924530029297
3499,4,mean_off_diagonal_similarity,,0.7560224533081055,0.03598205745220184
3499,4,spatial_specificity,1.0,0.9299786686897278,0.009524442255496979
3499,4,spatial_specificity,1.4142135381698608,0.896053671836853,0.012491945177316666
3499,4,spatial_specificity,2.0,0.8663108944892883,0.016591450199484825
3499,4,spatial_specificity,2.2360680103302,0.8450900912284851,0.017726968973875046
3499,4,spatial_specificity,2.8284270763397217,0.8092525601387024,0.019879460334777832
3499,4,spatial_specificity,3.0,0.8223627805709839,0.023948397487401962
3499,4,spatial_specificity,3.1622776985168457,0.8043554425239563,0.025214534252882004
3499,4,spatial_specificity,3.605551242828369,0.7776387333869934,0.02690006047487259
3499,4,spatial_specificity,4.0,0.792526125907898,0.03030901961028576
3499,4,spatial_specificity,4.123105525970459,0.7760478258132935,0.031245222315192223
3499,4,spatial_specificity,4.242640495300293,0.7536708116531372,0.032698675990104675
3499,4,spatial_specificity,4.4721360206604,0.7543705105781555,0.032938722521066666
3499,4,spatial_specificity,5.0,0.7494925260543823,0.03585338220000267
3499,4,spatial_specificity,5.099019527435303,0.7579299807548523,0.034408316016197205
3499,4,spatial_specificity,5.385164737701416,0.7375622987747192,0.036076322197914124
3499,4,spatial_specificity,5.656854152679443,0.7186930775642395,0.04213709756731987
3499,4,spatial_specificity,5.830952167510986,0.7192886471748352,0.04064043611288071
3499,4,spatial_specificity,6.0,0.7647683620452881,0.03378600254654884
3499,4,spatial_specificity,6.082762241363525,0.7493754625320435,0.035249873995780945
3499,4,spatial_specificity,6.324555397033691,0.7278363108634949,0.03801225498318672
3499,4,spatial_specificity,6.4031243324279785,0.7031005024909973,0.04480404034256935
3499,4,spatial_specificity,6.7082037925720215,0.7085935473442078,0.04289046302437782
3499,4,spatial_specificity,7.0,0.7682587504386902,0.03383735567331314
3499,4,spatial_specificity,7.071067810058594,0.7327612042427063,0.039365775883197784
3499,4,spatial_specificity,7.211102485656738,0.6933950185775757,0.047168005257844925
3499,4,spatial_specificity,7.280109882354736,0.7298592329025269,0.04014987871050835
3499,4,spatial_specificity,7.6157732009887695,0.7097566723823547,0.0457795187830925
3499,4,spatial_specificity,7.8102498054504395,0.6807791590690613,0.05009308084845543
3499,4,spatial_specificity,8.0,0.7751554846763611,0.03344817832112312
3499,4,spatial_specificity,8.062257766723633,0.7290512919425964,0.04276379197835922
3499,4,spatial_specificity,8.246211051940918,0.7374330759048462,0.041517533361911774
3499,4,spatial_specificity,8.485280990600586,0.6736394166946411,0.05221431702375412
3499,4,spatial_specificity,8.5440034866333,0.716795027256012,0.047040436416864395
3499,4,spatial_specificity,8.602325439453125,0.6821314096450806,0.05320901423692703
3499,4,spatial_specificity,8.9442720413208,0.7010477185249329,0.05191536992788315
3499,4,spatial_specificity,9.0,0.7838475108146667,0.03174198046326637
3499,4,spatial_specificity,9.05538558959961,0.767642617225647,0.0346856415271759
3499,4,spatial_specificity,9.219544410705566,0.7112821936607361,0.046354833990335464
3499,4,spatial_specificity,9.433980941772461,0.689998984336853,0.054818276315927505
3499,4,spatial_specificity,9.486832618713379,0.7229674458503723,0.045407734811306
3499,4,spatial_specificity,9.848857879638672,0.707422137260437,0.049957238137722015
3499,4,spatial_specificity,9.899495124816895,0.6796760559082031,0.0552421398460865
3499,4,spatial_specificity,10.0,0.7250392436981201,0.044488515704870224
3499,4,spatial_specificity,10.049875259399414,0.7797356843948364,0.031287599354982376
3499,4,spatial_specificity,10.198039054870605,0.7569194436073303,0.03642463684082031
3499,4,spatial_specificity,10.29563045501709,0.6965504884719849,0.05271255597472191
3499,4,spatial_specificity,10.440306663513184,0.7342114448547363,0.0416196808218956
3499,4,spatial_specificity,10.630146026611328,0.6876556873321533,0.05495151877403259
3499,4,spatial_specificity,10.770329475402832,0.7166875004768372,0.04526134207844734
3499,4,spatial_specificity,10.816654205322266,0.6901434659957886,0.053044628351926804
3499,4,spatial_specificity,11.0,0.8173643350601196,0.029758570715785027
3499,4,spatial_specificity,11.045360565185547,0.8038482666015625,0.03229416534304619
3499,4,spatial_specificity,11.180339813232422,0.742312490940094,0.041014447808265686
3499,4,spatial_specificity,11.313708305358887,0.6932392716407776,0.05278701335191727
3499,4,spatial_specificity,11.401754379272461,0.723199725151062,0.04501504451036453
3499,4,spatial_specificity,11.661904335021973,0.6970980167388916,0.0498695932328701
3499,4,spatial_specificity,11.704700469970703,0.7371975183486938,0.04283558204770088
3499,4,spatial_specificity,12.0,0.8484918475151062,0.03076780214905739
3499,4,spatial_specificity,12.041594505310059,0.764388382434845,0.03998245298862457
3499,4,spatial_specificity,12.083045959472656,0.7254525423049927,0.04665720835328102
3499,4,spatial_specificity,12.16552448272705,0.8196499943733215,0.03535652533173561
3499,4,spatial_specificity,12.206555366516113,0.7028439044952393,0.04866870492696762
3499,4,spatial_specificity,12.369317054748535,0.7979165315628052,0.03909744322299957
3499,4,spatial_specificity,12.529964447021484,0.7224887609481812,0.04884521663188934
3499,4,spatial_specificity,12.649110794067383,0.778110146522522,0.043599631637334824
3499,4,spatial_specificity,12.727921485900879,0.7139397859573364,0.04569350928068161
3499,4,spatial_specificity,12.806248664855957,0.7167763113975525,0.0454011969268322
3499,4,spatial_specificity,13.0,0.8016723394393921,0.037520430982112885
3499,4,spatial_specificity,13.038405418395996,0.7890221476554871,0.03555191308259964
3499,4,spatial_specificity,13.152946472167969,0.8646842837333679,0.024676214903593063
3499,4,spatial_specificity,13.34166431427002,0.844478964805603,0.028841914609074593
3499,4,spatial_specificity,13.416407585144043,0.7632654309272766,0.04695450887084007
3499,4,spatial_specificity,13.45362377166748,0.7343959808349609,0.042439136654138565
3499,4,spatial_specificity,13.601469993591309,0.7752130627632141,0.03839290514588356
3499,4,spatial_specificity,13.892444610595703,0.7709696292877197,0.04374280944466591
3499,4,spatial_specificity,13.928387641906738,0.8156512975692749,0.03433708846569061
3499,4,spatial_specificity,14.142135620117188,0.7581486105918884,0.0400945208966732
3499,4,spatial_specificity,14.21267032623291,0.7655166387557983,0.04000569134950638
3499,4,spatial_specificity,14.317821502685547,0.81121426820755,0.03544970229268074
3499,4,spatial_specificity,14.422204971313477,0.7855766415596008,0.039250243455171585
3499,4,spatial_specificity,14.764822959899902,0.8151196241378784,0.03343887999653816
3499,4,spatial_specificity,14.866068840026855,0.7900509238243103,0.03647400066256523
3499,4,spatial_specificity,15.0,0.8021551966667175,0.03575090318918228
3499,4,spatial_specificity,15.264337539672852,0.8238922357559204,0.02970191463828087
3499,4,spatial_specificity,15.55634880065918,0.8154534101486206,0.03240426257252693
3499,4,spatial_specificity,15.620499610900879,0.8204847574234009,0.0315721221268177
3499,4,spatial_specificity,15.81138801574707,0.8324346542358398,0.026975316926836967
3499,4,spatial_specificity,16.278820037841797,0.8330626487731934,0.03047490492463112
3499,4,spatial_specificity,16.401220321655273,0.8386350870132446,0.026066290214657784
3499,4,spatial_specificity,16.970561981201172,0.8404383659362793,0.03146061301231384
3499,4,spatial_specificity,17.029386520385742,0.8432660102844238,0.027670739218592644
3499,4,spatial_specificity,17.69180679321289,0.8476203680038452,0.029583284631371498
3499,4,spatial_specificity,18.384777069091797,0.8540078401565552,0.03061199188232422
3999,5,cls_effective_rank,,15.371562004089355,1.0621381998062134
3999,5,patch_effective_rank,,44.628265380859375,3.623178243637085
3999,5,mean_off_diagonal_similarity,,0.7322366833686829,0.034527525305747986
3999,5,spatial_specificity,1.0,0.928247332572937,0.009398302994668484
3999,5,spatial_specificity,1.4142135381698608,0.8898113965988159,0.014739292673766613
3999,5,spatial_specificity,2.0,0.8570070266723633,0.018107803538441658
3999,5,spatial_specificity,2.2360680103302,0.8315815925598145,0.021902384236454964
3999,5,spatial_specificity,2.8284270763397217,0.7891326546669006,0.02808847278356552
3999,5,spatial_specificity,3.0,0.8078988194465637,0.02420228347182274
3999,5,spatial_specificity,3.1622776985168457,0.7872219681739807,0.02760610356926918
3999,5,spatial_specificity,3.605551242828369,0.7548900842666626,0.032668184489011765
3999,5,spatial_specificity,4.0,0.7776011824607849,0.02835678867995739
3999,5,spatial_specificity,4.123105525970459,0.759432852268219,0.03161362186074257
3999,5,spatial_specificity,4.242640495300293,0.7287873029708862,0.03722526133060455
3999,5,spatial_specificity,4.4721360206604,0.7328974008560181,0.03588084131479263
3999,5,spatial_specificity,5.0,0.7291544675827026,0.03651365265250206
3999,5,spatial_specificity,5.099019527435303,0.7424675226211548,0.033874619752168655
3999,5,spatial_specificity,5.385164737701416,0.7181842923164368,0.03791877254843712
3999,5,spatial_specificity,5.656854152679443,0.6958885192871094,0.04327189549803734
3999,5,spatial_specificity,5.830952167510986,0.6977302432060242,0.042305756360292435
3999,5,spatial_specificity,6.0,0.749360203742981,0.032593660056591034
3999,5,spatial_specificity,6.082762241363525,0.7329806685447693,0.035184621810913086
3999,5,spatial_specificity,6.324555397033691,0.7085188627243042,0.039669718593358994
3999,5,spatial_specificity,6.4031243324279785,0.681786060333252,0.045548807829618454
3999,5,spatial_specificity,6.7082037925720215,0.687423586845398,0.0440724641084671
3999,5,spatial_specificity,7.0,0.7484844923019409,0.03269828110933304
3999,5,spatial_specificity,7.071067810058594,0.7120702862739563,0.039340585470199585
3999,5,spatial_specificity,7.211102485656738,0.671506404876709,0.0476536825299263
3999,5,spatial_specificity,7.280109882354736,0.7067185640335083,0.04018929600715637
3999,5,spatial_specificity,7.6157732009887695,0.6846820712089539,0.04546642303466797
3999,5,spatial_specificity,7.8102498054504395,0.6586804389953613,0.05073020979762077
3999,5,spatial_specificity,8.0,0.7495911121368408,0.032023269683122635
3999,5,spatial_specificity,8.062257766723633,0.7020693421363831,0.04192327335476875
3999,5,spatial_specificity,8.246211051940918,0.7072591185569763,0.03972842916846275
3999,5,spatial_specificity,8.485280990600586,0.6487046480178833,0.053276415914297104
3999,5,spatial_specificity,8.5440034866333,0.6841670870780945,0.04559047520160675
3999,5,spatial_specificity,8.602325439453125,0.654614269733429,0.05322610214352608
3999,5,spatial_specificity,8.9442720413208,0.6668215394020081,0.050310418009757996
3999,5,spatial_specificity,9.0,0.754125714302063,0.030441520735621452
3999,5,spatial_specificity,9.05538558959961,0.7353711724281311,0.03289109468460083
3999,5,spatial_specificity,9.219544410705566,0.6777347922325134,0.04572627693414688
3999,5,spatial_specificity,9.433980941772461,0.654074490070343,0.053636692464351654
3999,5,spatial_specificity,9.486832618713379,0.6837849020957947,0.04298227280378342
3999,5,spatial_specificity,9.848857879638672,0.6657675504684448,0.048140477389097214
3999,5,spatial_specificity,9.899495124816895,0.6418024897575378,0.05677671730518341
3999,5,spatial_specificity,10.0,0.6899787187576294,0.043330609798431396
3999,5,spatial_specificity,10.049875259399414,0.7498612999916077,0.029692314565181732
3999,5,spatial_specificity,10.198039054870605,0.7224124670028687,0.03279297426342964
3999,5,spatial_specificity,10.29563045501709,0.6533879041671753,0.05161285027861595
3999,5,spatial_specificity,10.440306663513184,0.6953756809234619,0.03753072768449783
3999,5,spatial_specificity,10.630146026611328,0.6426845192909241,0.056949056684970856
3999,5,spatial_specificity,10.770329475402832,0.6741231679916382,0.042324911803007126
3999,5,spatial_specificity,10.816654205322266,0.6444461941719055,0.05364319309592247
3999,5,spatial_specificity,11.0,0.8025409579277039,0.025188451632857323
3999,5,spatial_specificity,11.045360565185547,0.7857216596603394,0.027010120451450348
3999,5,spatial_specificity,11.180339813232422,0.7083355188369751,0.03520352765917778
3999,5,spatial_specificity,11.313708305358887,0.6438660621643066,0.05561009421944618
3999,5,spatial_specificity,11.401754379272461,0.6836804747581482,0.040596771985292435
3999,5,spatial_specificity,11.661904335021973,0.6521466970443726,0.046997517347335815
3999,5,spatial_specificity,11.704700469970703,0.7020134925842285,0.03770257905125618
3999,5,spatial_specificity,12.0,0.8450049161911011,0.026543842628598213
3999,5,spatial_specificity,12.041594505310059,0.7360143661499023,0.03370784968137741
3999,5,spatial_specificity,12.083045959472656,0.6882209181785583,0.041105642914772034
3999,5,spatial_specificity,12.16552448272705,0.8116634488105774,0.0292931217700243
3999,5,spatial_specificity,12.206555366516113,0.6576264500617981,0.045192327350378036
3999,5,spatial_specificity,12.369317054748535,0.7843268513679504,0.03265421465039253
3999,5,spatial_specificity,12.529964447021484,0.6844649314880371,0.042589057236909866
3999,5,spatial_specificity,12.649110794067383,0.7584717869758606,0.03780770301818848
3999,5,spatial_specificity,12.727921485900879,0.6675738096237183,0.043495144695043564
3999,5,spatial_specificity,12.806248664855957,0.6738919019699097,0.0416765995323658
3999,5,spatial_specificity,13.0,0.7878069877624512,0.030443670228123665
3999,5,spatial_specificity,13.038405418395996,0.7704803943634033,0.02814388833940029
3999,5,spatial_specificity,13.152946472167969,0.8708056211471558,0.019386550411581993
3999,5,spatial_specificity,13.34166431427002,0.843365490436554,0.024472225457429886
3999,5,spatial_specificity,13.416407585144043,0.7381139993667603,0.039790112525224686
3999,5,spatial_specificity,13.45362377166748,0.6974256634712219,0.03929844871163368
3999,5,spatial_specificity,13.601469993591309,0.7510431408882141,0.032813575118780136
3999,5,spatial_specificity,13.892444610595703,0.7472434639930725,0.03624521940946579
3999,5,spatial_specificity,13.928387641906738,0.7998429536819458,0.03178903087973595
3999,5,spatial_specificity,14.142135620117188,0.7330397367477417,0.03892093524336815
3999,5,spatial_specificity,14.21267032623291,0.7407657504081726,0.03912884369492531
3999,5,spatial_specificity,14.317821502685547,0.793950617313385,0.03234332054853439
3999,5,spatial_specificity,14.422204971313477,0.7665030360221863,0.03612968698143959
3999,5,spatial_specificity,14.764822959899902,0.8009689450263977,0.03200412169098854
3999,5,spatial_specificity,14.866068840026855,0.7740955352783203,0.04283378645777702
3999,5,spatial_specificity,15.0,0.7888456583023071,0.04050029069185257
3999,5,spatial_specificity,15.264337539672852,0.8154455423355103,0.03359998017549515
3999,5,spatial_specificity,15.55634880065918,0.8014205694198608,0.048974353820085526
3999,5,spatial_specificity,15.620499610900879,0.810752272605896,0.044590942561626434
3999,5,spatial_specificity,15.81138801574707,0.827639102935791,0.03716199845075607
3999,5,spatial_specificity,16.278820037841797,0.8187071084976196,0.05037958174943924
3999,5,spatial_specificity,16.401220321655273,0.8325506448745728,0.042319200932979584
3999,5,spatial_specificity,16.970561981201172,0.8209711313247681,0.05303831398487091
3999,5,spatial_specificity,17.029386520385742,0.8285574913024902,0.049124255776405334
3999,5,spatial_specificity,17.69180679321289,0.8221906423568726,0.05358400568366051
3999,5,spatial_specificity,18.384777069091797,0.8189088702201843,0.05488450825214386
4499,6,cls_effective_rank,,15.23615837097168,1.0613160133361816
4499,6,patch_effective_rank,,39.380035400390625,3.9510927200317383
4499,6,mean_off_diagonal_similarity,,0.8403371572494507,0.015779538080096245
4499,6,spatial_specificity,1.0,0.9534710049629211,0.0053385174833238125
4499,6,spatial_specificity,1.4142135381698608,0.9294047355651855,0.008009550161659718
4499,6,spatial_specificity,2.0,0.9095706939697266,0.009668711572885513
4499,6,spatial_specificity,2.2360680103302,0.893702507019043,0.011105209589004517
4499,6,spatial_specificity,2.8284270763397217,0.8677021861076355,0.012711352668702602
4499,6,spatial_specificity,3.0,0.8794800639152527,0.01298898458480835
4499,6,spatial_specificity,3.1622776985168457,0.8656388521194458,0.014472818933427334
4499,6,spatial_specificity,3.605551242828369,0.84547358751297,0.015509353950619698
4499,6,spatial_specificity,4.0,0.8599809408187866,0.01535884104669094
4499,6,spatial_specificity,4.123105525970459,0.8470351099967957,0.016579914838075638
4499,6,spatial_specificity,4.242640495300293,0.8284220695495605,0.017178507521748543
4499,6,spatial_specificity,4.4721360206604,0.8306995630264282,0.01731766201555729
4499,6,spatial_specificity,5.0,0.8287643194198608,0.017315475270152092
4499,6,spatial_specificity,5.099019527435303,0.8360595703125,0.01686481200158596
4499,6,spatial_specificity,5.385164737701416,0.8211771249771118,0.01746487431228161
4499,6,spatial_specificity,5.656854152679443,0.8072956204414368,0.019671114161610603
4499,6,spatial_specificity,5.830952167510986,0.8086032867431641,0.018803756684064865
4499,6,spatial_specificity,6.0,0.8437966108322144,0.015646783635020256
4499,6,spatial_specificity,6.082762241363525,0.8318697810173035,0.01675383187830448
4499,6,spatial_specificity,6.324555397033691,0.8164189457893372,0.017691798508167267
4499,6,spatial_specificity,6.4031243324279785,0.7986524701118469,0.019666606560349464
4499,6,spatial_specificity,6.7082037925720215,0.803396999835968,0.018937094137072563
4499,6,spatial_specificity,7.0,0.8480061292648315,0.014939858578145504
4499,6,spatial_specificity,7.071067810058594,0.8218653798103333,0.017250480130314827
4499,6,spatial_specificity,7.211102485656738,0.7940341234207153,0.019532419741153717
4499,6,spatial_specificity,7.280109882354736,0.8198338747024536,0.0179374348372221
4499,6,spatial_specificity,7.6157732009887695,0.8065506815910339,0.019418707117438316
4499,6,spatial_specificity,7.8102498054504395,0.7871564626693726,0.019506577402353287
4499,6,spatial_specificity,8.0,0.8541773557662964,0.01469274703413248
4499,6,spatial_specificity,8.062257766723633,0.8211067318916321,0.017974041402339935
4499,6,spatial_specificity,8.246211051940918,0.8267354965209961,0.018193906173110008
4499,6,spatial_specificity,8.485280990600586,0.7835067510604858,0.01968715898692608
4499,6,spatial_specificity,8.5440034866333,0.8132678270339966,0.019855983555316925
4499,6,spatial_specificity,8.602325439453125,0.7903952598571777,0.020506249740719795
4499,6,spatial_specificity,8.9442720413208,0.804156482219696,0.02106475830078125
4499,6,spatial_specificity,9.0,0.8613818287849426,0.013348444364964962
4499,6,spatial_specificity,9.05538558959961,0.8491353988647461,0.014975604601204395
4499,6,spatial_specificity,9.219544410705566,0.8108912706375122,0.01862797886133194
4499,6,spatial_specificity,9.433980941772461,0.7980223894119263,0.021796762943267822
4499,6,spatial_specificity,9.486832618713379,0.8193494081497192,0.01915307156741619
4499,6,spatial_specificity,9.848857879638672,0.8101130723953247,0.020925436168909073
4499,6,spatial_specificity,9.899495124816895,0.7906510829925537,0.021999675780534744
4499,6,spatial_specificity,10.0,0.8229813575744629,0.017920877784490585
4499,6,spatial_specificity,10.049875259399414,0.8600422143936157,0.013136196881532669
4499,6,spatial_specificity,10.198039054870605,0.8445781469345093,0.015534402802586555
4499,6,spatial_specificity,10.29563045501709,0.8039948344230652,0.021923234686255455
4499,6,spatial_specificity,10.440306663513184,0.8295271992683411,0.01788736879825592
4499,6,spatial_specificity,10.630146026611328,0.7981604337692261,0.02326836995780468
4499,6,spatial_specificity,10.770329475402832,0.8183289766311646,0.019452573731541634
4499,6,spatial_specificity,10.816654205322266,0.8003760576248169,0.022653453052043915
4499,6,spatial_specificity,11.0,0.8913869857788086,0.011351254768669605
4499,6,spatial_specificity,11.045360565185547,0.8807007670402527,0.013066004030406475
4499,6,spatial_specificity,11.180339813232422,0.8382149934768677,0.017532777041196823
4499,6,spatial_specificity,11.313708305358887,0.8044048547744751,0.023141300305724144
4499,6,spatial_specificity,11.401754379272461,0.8258172869682312,0.020040392875671387
4499,6,spatial_specificity,11.661904335021973,0.8090807199478149,0.022929511964321136
4499,6,spatial_specificity,11.704700469970703,0.8369390368461609,0.021518681198358536
4499,6,spatial_specificity,12.0,0.9164898991584778,0.014270517975091934
4499,6,spatial_specificity,12.041594505310059,0.8581030964851379,0.018740646541118622
4499,6,spatial_specificity,12.083045959472656,0.8311904668807983,0.024103505536913872
4499,6,spatial_specificity,12.16552448272705,0.8977901339530945,0.017943302169442177
4499,6,spatial_specificity,12.206555366516113,0.816799521446228,0.023623699322342873
4499,6,spatial_specificity,12.369317054748535,0.8843033909797668,0.020747307687997818
4499,6,spatial_specificity,12.529964447021484,0.8322838544845581,0.026044676080346107
4499,6,spatial_specificity,12.649110794067383,0.8724583387374878,0.023882944136857986
4499,6,spatial_specificity,12.727921485900879,0.8279126882553101,0.02264651656150818
4499,6,spatial_specificity,12.806248664855957,0.8316303491592407,0.02207711525261402
4499,6,spatial_specificity,13.0,0.8904509544372559,0.019356651231646538
4499,6,spatial_specificity,13.038405418395996,0.8819339871406555,0.017080022022128105
4499,6,spatial_specificity,13.152946472167969,0.9340757131576538,0.01273153256624937
4499,6,spatial_specificity,13.34166431427002,0.9219779968261719,0.01469572726637125
4499,6,spatial_specificity,13.416407585144043,0.8679852485656738,0.024547414854168892
4499,6,spatial_specificity,13.45362377166748,0.8492773175239563,0.02042008563876152
4499,6,spatial_specificity,13.601469993591309,0.8784208297729492,0.01767154410481453
4499,6,spatial_specificity,13.892444610595703,0.877774715423584,0.02128763124346733
4499,6,spatial_specificity,13.928387641906738,0.907017707824707,0.0164010152220726
4499,6,spatial_specificity,14.142135620117188,0.8731168508529663,0.018416492268443108
4499,6,spatial_specificity,14.21267032623291,0.8786351084709167,0.018599629402160645
4499,6,spatial_specificity,14.317821502685547,0.9072111248970032,0.016344962641596794
4499,6,spatial_specificity,14.422204971313477,0.8934028744697571,0.01799842156469822
4499,6,spatial_specificity,14.764822959899902,0.9134002923965454,0.015981990844011307
4499,6,spatial_specificity,14.866068840026855,0.901423454284668,0.016207220032811165
4499,6,spatial_specificity,15.0,0.9094244837760925,0.01609898917376995
4499,6,spatial_specificity,15.264337539672852,0.923128604888916,0.014992306008934975
4499,6,spatial_specificity,15.55634880065918,0.9216479063034058,0.014372973702847958
4499,6,spatial_specificity,15.620499610900879,0.9254472851753235,0.013823120854794979
4499,6,spatial_specificity,15.81138801574707,0.9323936700820923,0.01332717202603817
4499,6,spatial_specificity,16.278820037841797,0.9353656768798828,0.015285295434296131
4499,6,spatial_specificity,16.401220321655273,0.9401593208312988,0.012485376559197903
4499,6,spatial_specificity,16.970561981201172,0.9421888589859009,0.01719893142580986
4499,6,spatial_specificity,17.029386520385742,0.9445079565048218,0.012626937590539455
4499,6,spatial_specificity,17.69180679321289,0.9465667605400085,0.013005761429667473
4499,6,spatial_specificity,18.384777069091797,0.9477657079696655,0.011232718825340271
4999,7,cls_effective_rank,,15.60108470916748,1.09976065158844
4999,7,patch_effective_rank,,41.83984375,5.392701625823975
4999,7,mean_off_diagonal_similarity,,0.8226507902145386,0.02693403884768486
4999,7,spatial_specificity,1.0,0.9445551037788391,0.008800417184829712
4999,7,spatial_specificity,1.4142135381698608,0.9172045588493347,0.013024444691836834
4999,7,spatial_specificity,2.0,0.8951281309127808,0.01611267402768135
4999,7,spatial_specificity,2.2360680103302,0.8779579997062683,0.0182800330221653
4999,7,spatial_specificity,2.8284270763397217,0.8503730893135071,0.02110581286251545
4999,7,spatial_specificity,3.0,0.86260586977005,0.02134850062429905
4999,7,spatial_specificity,3.1622776985168457,0.847912609577179,0.02341352589428425
4999,7,spatial_specificity,3.605551242828369,0.8270555734634399,0.025410640984773636
4999,7,spatial_specificity,4.0,0.8419615030288696,0.025225389748811722
4999,7,spatial_specificity,4.123105525970459,0.8284320831298828,0.026969298720359802
4999,7,spatial_specificity,4.242640495300293,0.8095215559005737,0.028107652440667152
4999,7,spatial_specificity,4.4721360206604,0.8117839097976685,0.028535712510347366
4999,7,spatial_specificity,5.0,0.8099530339241028,0.02903229370713234
4999,7,spatial_specificity,5.099019527435303,0.8171834945678711,0.028440354391932487
4999,7,spatial_specificity,5.385164737701416,0.8021988868713379,0.029732543975114822
4999,7,spatial_specificity,5.656854152679443,0.7880669832229614,0.03233491629362106
4999,7,spatial_specificity,5.830952167510986,0.789153516292572,0.03182610124349594
4999,7,spatial_specificity,6.0,0.8251771926879883,0.027042020112276077
4999,7,spatial_specificity,6.082762241363525,0.8127517700195312,0.02873176895081997
4999,7,spatial_specificity,6.324555397033691,0.7970278859138489,0.03042667545378208
4999,7,spatial_specificity,6.4031243324279785,0.778633713722229,0.033499062061309814
4999,7,spatial_specificity,6.7082037925720215,0.7833036184310913,0.03246116638183594
4999,7,spatial_specificity,7.0,0.8295001983642578,0.025915047153830528
4999,7,spatial_specificity,7.071067810058594,0.8021706342697144,0.029955103993415833
4999,7,spatial_specificity,7.211102485656738,0.773185133934021,0.033665869385004044
4999,7,spatial_specificity,7.280109882354736,0.8005704879760742,0.030412307009100914
4999,7,spatial_specificity,7.6157732009887695,0.7867605090141296,0.032571785151958466
4999,7,spatial_specificity,7.8102498054504395,0.7651251554489136,0.03436422720551491
4999,7,spatial_specificity,8.0,0.8360221982002258,0.024921491742134094
4999,7,spatial_specificity,8.062257766723633,0.8016595840454102,0.030358213931322098
4999,7,spatial_specificity,8.246211051940918,0.8080178499221802,0.030152948573231697
4999,7,spatial_specificity,8.485280990600586,0.7603838443756104,0.034641116857528687
4999,7,spatial_specificity,8.5440034866333,0.7943516969680786,0.03222600370645523
4999,7,spatial_specificity,8.602325439453125,0.7687419056892395,0.03479313850402832
4999,7,spatial_specificity,8.9442720413208,0.7848081588745117,0.03416762873530388
4999,7,spatial_specificity,9.0,0.8444479703903198,0.02248600497841835
4999,7,spatial_specificity,9.05538558959961,0.831198513507843,0.0251472108066082
4999,7,spatial_specificity,9.219544410705566,0.7906609773635864,0.03128531202673912
4999,7,spatial_specificity,9.433980941772461,0.7780072689056396,0.03547099232673645
4999,7,spatial_specificity,9.486832618713379,0.8011150360107422,0.03071914240717888
4999,7,spatial_specificity,9.848857879638672,0.7916730046272278,0.033345259726047516
4999,7,spatial_specificity,9.899495124816895,0.7691574692726135,0.03605017438530922
4999,7,spatial_specificity,10.0,0.8045657873153687,0.029943430796265602
4999,7,spatial_specificity,10.049875259399414,0.8441980481147766,0.022771546617150307
4999,7,spatial_specificity,10.198039054870605,0.8281094431877136,0.02614777535200119
4999,7,spatial_specificity,10.29563045501709,0.7855762839317322,0.03496107831597328
4999,7,spatial_specificity,10.440306663513184,0.8128606081008911,0.029505793005228043
4999,7,spatial_specificity,10.630146026611328,0.7792874574661255,0.03681632876396179
4999,7,spatial_specificity,10.770329475402832,0.8016412854194641,0.03196224942803383
4999,7,spatial_specificity,10.816654205322266,0.7822007536888123,0.03602660447359085
4999,7,spatial_specificity,11.0,0.879926323890686,0.018530793488025665
4999,7,spatial_specificity,11.045360565185547,0.867959201335907,0.02109691873192787
4999,7,spatial_specificity,11.180339813232422,0.8227535486221313,0.028855664655566216
4999,7,spatial_specificity,11.313708305358887,0.7878278493881226,0.03587052971124649
4999,7,spatial_specificity,11.401754379272461,0.8098562359809875,0.03177723288536072
4999,7,spatial_specificity,11.661904335021973,0.7927615642547607,0.036193378269672394
4999,7,spatial_specificity,11.704700469970703,0.821478009223938,0.03222660347819328
4999,7,spatial_specificity,12.0,0.9065497517585754,0.020114557817578316
4999,7,spatial_specificity,12.041594505310059,0.845192551612854,0.028249591588974
4999,7,spatial_specificity,12.083045959472656,0.815832793712616,0.035522058606147766
4999,7,spatial_specificity,12.16552448272705,0.8855625987052917,0.02459869347512722
4999,7,spatial_specificity,12.206555366516113,0.8017156720161438,0.03581172972917557
4999,7,spatial_specificity,12.369317054748535,0.8697522878646851,0.02784891054034233
4999,7,spatial_specificity,12.529964447021484,0.816900908946991,0.03708548843860626
4999,7,spatial_specificity,12.649110794067383,0.8560913801193237,0.0314381942152977
4999,7,spatial_specificity,12.727921485900879,0.8138548135757446,0.03298415243625641
4999,7,spatial_specificity,12.806248664855957,0.8176434636116028,0.03239141404628754
4999,7,spatial_specificity,13.0,0.8770249485969543,0.0259566567838192
4999,7,spatial_specificity,13.038405418395996,0.870663046836853,0.02468634583055973
4999,7,spatial_specificity,13.152946472167969,0.926040530204773,0.01664111576974392
4999,7,spatial_specificity,13.34166431427002,0.9102240800857544,0.019524632021784782
4999,7,spatial_specificity,13.416407585144043,0.849712073802948,0.03187812119722366
4999,7,spatial_specificity,13.45362377166748,0.8349587321281433,0.028048882260918617
4999,7,spatial_specificity,13.601469993591309,0.8631782531738281,0.0246968325227499
4999,7,spatial_specificity,13.892444610595703,0.859312891960144,0.028030434623360634
4999,7,spatial_specificity,13.928387641906738,0.8900350332260132,0.0227256678044796
4999,7,spatial_specificity,14.142135620117188,0.8583399057388306,0.024756772443652153
4999,7,spatial_specificity,14.21267032623291,0.862841784954071,0.025400880724191666
4999,7,spatial_specificity,14.317821502685547,0.8894633054733276,0.022631695494055748
4999,7,spatial_specificity,14.422204971313477,0.8756754994392395,0.02492457628250122
4999,7,spatial_specificity,14.764822959899902,0.896406352519989,0.02171630971133709
4999,7,spatial_specificity,14.866068840026855,0.8868452310562134,0.02418198063969612
4999,7,spatial_specificity,15.0,0.8936098217964172,0.024147288873791695
4999,7,spatial_specificity,15.264337539672852,0.9083030819892883,0.020607005804777145
4999,7,spatial_specificity,15.55634880065918,0.9098175764083862,0.024459946900606155
4999,7,spatial_specificity,15.620499610900879,0.9129619598388672,0.023330559954047203
4999,7,spatial_specificity,15.81138801574707,0.9205154180526733,0.01981135457754135
4999,7,spatial_specificity,16.278820037841797,0.9262744784355164,0.024772169068455696
4999,7,spatial_specificity,16.401220321655273,0.9309855699539185,0.01977398619055748
4999,7,spatial_specificity,16.970561981201172,0.9340564012527466,0.025336194783449173
4999,7,spatial_specificity,17.029386520385742,0.9363886713981628,0.02054593525826931
4999,7,spatial_specificity,17.69180679321289,0.937014102935791,0.02223181165754795
4999,7,spatial_specificity,18.384777069091797,0.9382451176643372,0.020425178110599518
5499,8,cls_effective_rank,,15.795406341552734,1.119188904762268
5499,8,patch_effective_rank,,43.34626770019531,6.440331935882568
5499,8,mean_off_diagonal_similarity,,0.7680612802505493,0.03380190581083298
5499,8,spatial_specificity,1.0,0.9332380294799805,0.011572777293622494
5499,8,spatial_specificity,1.4142135381698608,0.8990693092346191,0.016054965555667877
5499,8,spatial_specificity,2.0,0.8687876462936401,0.020150594413280487
5499,8,spatial_specificity,2.2360680103302,0.8477978706359863,0.022175710648298264
5499,8,spatial_specificity,2.8284270763397217,0.8131452798843384,0.025496600195765495
5499,8,spatial_specificity,3.0,0.8256450891494751,0.02653452381491661
5499,8,spatial_specificity,3.1622776985168457,0.8079331517219543,0.028360484167933464
5499,8,spatial_specificity,3.605551242828369,0.7826601266860962,0.03056391514837742
5499,8,spatial_specificity,4.0,0.7979527711868286,0.030966807156801224
5499,8,spatial_specificity,4.123105525970459,0.7817360162734985,0.032478854060173035
5499,8,spatial_specificity,4.242640495300293,0.7606214284896851,0.03455282747745514
5499,8,spatial_specificity,4.4721360206604,0.7617644667625427,0.03469144552946091
5499,8,spatial_specificity,5.0,0.7588868141174316,0.035577647387981415
5499,8,spatial_specificity,5.099019527435303,0.7660210728645325,0.03393563628196716
5499,8,spatial_specificity,5.385164737701416,0.7477878332138062,0.03618844226002693
5499,8,spatial_specificity,5.656854152679443,0.7334797978401184,0.040078841149806976
5499,8,spatial_specificity,5.830952167510986,0.7327923774719238,0.03918471187353134
5499,8,spatial_specificity,6.0,0.7737417221069336,0.0324566550552845
5499,8,spatial_specificity,6.082762241363525,0.7585090398788452,0.03468583896756172
5499,8,spatial_specificity,6.324555397033691,0.7392619848251343,0.03730731084942818
5499,8,spatial_specificity,6.4031243324279785,0.7205339670181274,0.04147787764668465
5499,8,spatial_specificity,6.7082037925720215,0.7230052947998047,0.04024660959839821
5499,8,spatial_specificity,7.0,0.7760297060012817,0.03286954388022423
5499,8,spatial_specificity,7.071067810058594,0.7440277338027954,0.03753957152366638
5499,8,spatial_specificity,7.211102485656738,0.7106288075447083,0.04261549189686775
5499,8,spatial_specificity,7.280109882354736,0.7397157549858093,0.038664720952510834
5499,8,spatial_specificity,7.6157732009887695,0.7222452163696289,0.04190758615732193
5499,8,spatial_specificity,7.8102498054504395,0.6990364789962769,0.043686412274837494
5499,8,spatial_specificity,8.0,0.7809561491012573,0.03406348079442978
5499,8,spatial_specificity,8.062257766723633,0.7386391758918762,0.04006520286202431
5499,8,spatial_specificity,8.246211051940918,0.7443664073944092,0.04005736485123634
5499,8,spatial_specificity,8.485280990600586,0.6890712976455688,0.044659439474344254
5499,8,spatial_specificity,8.5440034866333,0.7257973551750183,0.04339181259274483
5499,8,spatial_specificity,8.602325439453125,0.6966156363487244,0.045658793300390244
5499,8,spatial_specificity,8.9442720413208,0.7119988203048706,0.046199604868888855
5499,8,spatial_specificity,9.0,0.7901109457015991,0.03247305750846863
5499,8,spatial_specificity,9.05538558959961,0.7724497318267822,0.035768575966358185
5499,8,spatial_specificity,9.219544410705566,0.7197951078414917,0.04203001782298088
5499,8,spatial_specificity,9.433980941772461,0.7001186609268188,0.047752004116773605
5499,8,spatial_specificity,9.486832618713379,0.7305982708930969,0.04244787245988846
5499,8,spatial_specificity,9.848857879638672,0.7156985998153687,0.045528873801231384
5499,8,spatial_specificity,9.899495124816895,0.6856502294540405,0.04812527075409889
5499,8,spatial_specificity,10.0,0.7332810759544373,0.04061341658234596
5499,8,spatial_specificity,10.049875259399414,0.7892792224884033,0.03276696801185608
5499,8,spatial_specificity,10.198039054870605,0.7671297788619995,0.03589766472578049
5499,8,spatial_specificity,10.29563045501709,0.7040253281593323,0.04744936525821686
5499,8,spatial_specificity,10.440306663513184,0.7449197173118591,0.039740029722452164
5499,8,spatial_specificity,10.630146026611328,0.6922035813331604,0.04884723946452141
5499,8,spatial_specificity,10.770329475402832,0.7270300388336182,0.042884428054094315
5499,8,spatial_specificity,10.816654205322266,0.696580708026886,0.04830319434404373
5499,8,spatial_specificity,11.0,0.8388794660568237,0.02689884975552559
5499,8,spatial_specificity,11.045360565185547,0.8229738473892212,0.030063394457101822
5499,8,spatial_specificity,11.180339813232422,0.7575822472572327,0.03902660682797432
5499,8,spatial_specificity,11.313708305358887,0.7010339498519897,0.048163868486881256
5499,8,spatial_specificity,11.401754379272461,0.73750901222229,0.04229039326310158
5499,8,spatial_specificity,11.661904335021973,0.7123873829841614,0.046851594001054764
5499,8,spatial_specificity,11.704700469970703,0.7570334672927856,0.04229698330163956
5499,8,spatial_specificity,12.0,0.8788358569145203,0.025464007630944252
5499,8,spatial_specificity,12.041594505310059,0.7875701189041138,0.03680428862571716
5499,8,spatial_specificity,12.083045959472656,0.7484906911849976,0.04515967145562172
5499,8,spatial_specificity,12.16552448272705,0.8491805791854858,0.031044520437717438
5499,8,spatial_specificity,12.206555366516113,0.7252297401428223,0.046208735555410385
5499,8,spatial_specificity,12.369317054748535,0.8274663686752319,0.03558865189552307
5499,8,spatial_specificity,12.529964447021484,0.7512840032577515,0.045967862010002136
5499,8,spatial_specificity,12.649110794067383,0.8089120984077454,0.039833780378103256
5499,8,spatial_specificity,12.727921485900879,0.7428737878799438,0.044727690517902374
5499,8,spatial_specificity,12.806248664855957,0.7489584684371948,0.04331507161259651
5499,8,spatial_specificity,13.0,0.8363860845565796,0.03261357173323631
5499,8,spatial_specificity,13.038405418395996,0.825432300567627,0.03194697946310043
5499,8,spatial_specificity,13.152946472167969,0.9008873701095581,0.023038512095808983
5499,8,spatial_specificity,13.34166431427002,0.8782596588134766,0.02702408842742443
5499,8,spatial_specificity,13.416407585144043,0.7996343374252319,0.03837095573544502
5499,8,spatial_specificity,13.45362377166748,0.7753528952598572,0.038110531866550446
5499,8,spatial_specificity,13.601469993591309,0.8141880035400391,0.03293094038963318
5499,8,spatial_specificity,13.892444610595703,0.8108555674552917,0.034601084887981415
5499,8,spatial_specificity,13.928387641906738,0.8479830622673035,0.029724441468715668
5499,8,spatial_specificity,14.142135620117188,0.808558464050293,0.03389133885502815
5499,8,spatial_specificity,14.21267032623291,0.815031886100769,0.03390711173415184
5499,8,spatial_specificity,14.317821502685547,0.8461438417434692,0.028575029224157333
5499,8,spatial_specificity,14.422204971313477,0.8314536809921265,0.031376857310533524
5499,8,spatial_specificity,14.764822959899902,0.8554776906967163,0.027451474219560623
5499,8,spatial_specificity,14.866068840026855,0.8470005989074707,0.029698658734560013
5499,8,spatial_specificity,15.0,0.8550552129745483,0.028553759679198265
5499,8,spatial_specificity,15.264337539672852,0.8724304437637329,0.025987330824136734
5499,8,spatial_specificity,15.55634880065918,0.8773813247680664,0.02503957226872444
5499,8,spatial_specificity,15.620499610900879,0.8806111216545105,0.02440217323601246
5499,8,spatial_specificity,15.81138801574707,0.8908969759941101,0.02275690622627735
5499,8,spatial_specificity,16.278820037841797,0.9004184007644653,0.024191830307245255
5499,8,spatial_specificity,16.401220321655273,0.9077593088150024,0.020055703818798065
5499,8,spatial_specificity,16.970561981201172,0.91465824842453,0.024362478405237198
5499,8,spatial_specificity,17.029386520385742,0.9177112579345703,0.019901147112250328
5499,8,spatial_specificity,17.69180679321289,0.9208790063858032,0.02080305851995945
5499,8,spatial_specificity,18.384777069091797,0.9222585558891296,0.01947382465004921
5999,9,cls_effective_rank,,15.8341064453125,1.1264852285385132
5999,9,patch_effective_rank,,43.77960205078125,6.852147579193115
5999,9,mean_off_diagonal_similarity,,0.7272843718528748,0.037822820246219635
5999,9,spatial_specificity,1.0,0.9233077764511108,0.012733299285173416
5999,9,spatial_specificity,1.4142135381698608,0.8830081820487976,0.018491750583052635
5999,9,spatial_specificity,2.0,0.8466323614120483,0.022754443809390068
5999,9,spatial_specificity,2.2360680103302,0.8217951059341431,0.025854839012026787
5999,9,spatial_specificity,2.8284270763397217,0.7796152830123901,0.03037087433040142
5999,9,spatial_specificity,3.0,0.7958246469497681,0.030164361000061035
5999,9,spatial_specificity,3.1622776985168457,0.7743175625801086,0.03257295489311218
5999,9,spatial_specificity,3.605551242828369,0.7428877353668213,0.03559555485844612
5999,9,spatial_specificity,4.0,0.7630680203437805,0.03568297624588013
5999,9,spatial_specificity,4.123105525970459,0.7426440715789795,0.03754163160920143
5999,9,spatial_specificity,4.242640495300293,0.7161568999290466,0.03938283026218414
5999,9,spatial_specificity,4.4721360206604,0.7176149487495422,0.03986262157559395
5999,9,spatial_specificity,5.0,0.7150106430053711,0.040662724524736404
5999,9,spatial_specificity,5.099019527435303,0.7238229513168335,0.039252154529094696
5999,9,spatial_specificity,5.385164737701416,0.7009587287902832,0.041651979088783264
5999,9,spatial_specificity,5.656854152679443,0.6840949654579163,0.04573778435587883
5999,9,spatial_specificity,5.830952167510986,0.6832002997398376,0.044596195220947266
5999,9,spatial_specificity,6.0,0.7337891459465027,0.037296101450920105
5999,9,spatial_specificity,6.082762241363525,0.7145525217056274,0.039646994322538376
5999,9,spatial_specificity,6.324555397033691,0.6904528737068176,0.0424785278737545
5999,9,spatial_specificity,6.4031243324279785,0.6690035462379456,0.04756314679980278
5999,9,spatial_specificity,6.7082037925720215,0.6708803772926331,0.0453958585858345
5999,9,spatial_specificity,7.0,0.7358614206314087,0.03785606846213341
5999,9,spatial_specificity,7.071067810058594,0.6969358921051025,0.04314906522631645
5999,9,spatial_specificity,7.211102485656738,0.65641850233078,0.048817116767168045
5999,9,spatial_specificity,7.280109882354736,0.6902824640274048,0.04364562779664993
5999,9,spatial_specificity,7.6157732009887695,0.6688541173934937,0.04733597859740257
5999,9,spatial_specificity,7.8102498054504395,0.6426640748977661,0.051282111555337906
5999,9,spatial_specificity,8.0,0.7409246563911438,0.03864447772502899
5999,9,spatial_specificity,8.062257766723633,0.6891137361526489,0.045637864619493484
5999,9,spatial_specificity,8.246211051940918,0.6953490376472473,0.044862449169158936
5999,9,spatial_specificity,8.485280990600586,0.6291636228561401,0.052929267287254333
5999,9,spatial_specificity,8.5440034866333,0.6720201373100281,0.0487491749227047
5999,9,spatial_specificity,8.602325439453125,0.6375777125358582,0.05366162955760956
5999,9,spatial_specificity,8.9442720413208,0.6543165445327759,0.0527631938457489
5999,9,spatial_specificity,9.0,0.7510862350463867,0.036028578877449036
5999,9,spatial_specificity,9.05538558959961,0.7301189303398132,0.03895101323723793
5999,9,spatial_specificity,9.219544410705566,0.6648916006088257,0.04779146611690521
5999,9,spatial_specificity,9.433980941772461,0.6391602754592896,0.055784422904253006
5999,9,spatial_specificity,9.486832618713379,0.6776295900344849,0.04671506583690643
5999,9,spatial_specificity,9.848857879638672,0.6582249402999878,0.051082953810691833
5999,9,spatial_specificity,9.899495124816895,0.6209534406661987,0.05717982351779938
5999,9,spatial_specificity,10.0,0.6799658536911011,0.04660019651055336
5999,9,spatial_specificity,10.049875259399414,0.7513611912727356,0.03563040867447853
5999,9,spatial_specificity,10.198039054870605,0.7251875400543213,0.03878791630268097
5999,9,spatial_specificity,10.29563045501709,0.6433001160621643,0.05440855398774147
5999,9,spatial_specificity,10.440306663513184,0.6976156234741211,0.04308661073446274
5999,9,spatial_specificity,10.630146026611328,0.628668487071991,0.057705286890268326
5999,9,spatial_specificity,10.770329475402832,0.6753048300743103,0.04741065576672554
5999,9,spatial_specificity,10.816654205322266,0.6347554922103882,0.055456750094890594
5999,9,spatial_specificity,11.0,0.8136427998542786,0.030607348307967186
5999,9,spatial_specificity,11.045360565185547,0.7955713272094727,0.03360971435904503
5999,9,spatial_specificity,11.180339813232422,0.7156199812889099,0.04350943863391876
5999,9,spatial_specificity,11.313708305358887,0.6427366137504578,0.05660370737314224
5999,9,spatial_specificity,11.401754379272461,0.6912049055099487,0.048067208379507065
5999,9,spatial_specificity,11.661904335021973,0.6610340476036072,0.052627984434366226
5999,9,spatial_specificity,11.704700469970703,0.7204046249389648,0.04865529388189316
5999,9,spatial_specificity,12.0,0.8691561818122864,0.028538459911942482
5999,9,spatial_specificity,12.041594505310059,0.7568727731704712,0.041271425783634186
5999,9,spatial_specificity,12.083045959472656,0.7127670049667358,0.05272234231233597
5999,9,spatial_specificity,12.16552448272705,0.8372328877449036,0.03541778028011322
5999,9,spatial_specificity,12.206555366516113,0.6819997429847717,0.05303065478801727
5999,9,spatial_specificity,12.369317054748535,0.8156991004943848,0.04105322062969208
5999,9,spatial_specificity,12.529964447021484,0.7199192643165588,0.05465128272771835
5999,9,spatial_specificity,12.649110794067383,0.797827422618866,0.04670145735144615
5999,9,spatial_specificity,12.727921485900879,0.7084478139877319,0.05155099183320999
5999,9,spatial_specificity,12.806248664855957,0.7180305123329163,0.05084594711661339
5999,9,spatial_specificity,13.0,0.8293607831001282,0.037866171449422836
5999,9,spatial_specificity,13.038405418395996,0.8112645149230957,0.03655491769313812
5999,9,spatial_specificity,13.152946472167969,0.9008587002754211,0.023197393864393234
5999,9,spatial_specificity,13.34166431427002,0.880453884601593,0.027894223108887672
5999,9,spatial_specificity,13.416407585144043,0.793979287147522,0.04572701081633568
5999,9,spatial_specificity,13.45362377166748,0.7575898170471191,0.04368843510746956
5999,9,spatial_specificity,13.601469993591309,0.8087567090988159,0.03637796640396118
5999,9,spatial_specificity,13.892444610595703,0.8106951713562012,0.03930407389998436
5999,9,spatial_specificity,13.928387641906738,0.8549529910087585,0.029817914590239525
5999,9,spatial_specificity,14.142135620117188,0.8029254078865051,0.03515215590596199
5999,9,spatial_specificity,14.21267032623291,0.8117163777351379,0.035166528075933456
5999,9,spatial_specificity,14.317821502685547,0.8532772064208984,0.02856125682592392
5999,9,spatial_specificity,14.422204971313477,0.8349881172180176,0.03233177214860916
5999,9,spatial_specificity,14.764822959899902,0.8614166378974915,0.026724671944975853
5999,9,spatial_specificity,14.866068840026855,0.8475190997123718,0.027882423251867294
5999,9,spatial_specificity,15.0,0.8575625419616699,0.027316052466630936
5999,9,spatial_specificity,15.264337539672852,0.8754085302352905,0.024750880897045135
5999,9,spatial_specificity,15.55634880065918,0.8763381838798523,0.024162469431757927
5999,9,spatial_specificity,15.620499610900879,0.8798897862434387,0.023841651156544685
5999,9,spatial_specificity,15.81138801574707,0.8890619277954102,0.02241443283855915
5999,9,spatial_specificity,16.278820037841797,0.896390438079834,0.023624390363693237
5999,9,spatial_specificity,16.401220321655273,0.9024080038070679,0.01968436874449253
5999,9,spatial_specificity,16.970561981201172,0.9107844233512878,0.02311529405415058
5999,9,spatial_specificity,17.029386520385742,0.9124418497085571,0.01792827993631363
5999,9,spatial_specificity,17.69180679321289,0.9184919595718384,0.01775536686182022
5999,9,spatial_specificity,18.384777069091797,0.9208410978317261,0.015481321141123772
6499,10,cls_effective_rank,,15.987771034240723,1.1404298543930054
6499,10,patch_effective_rank,,43.328460693359375,7.379987716674805
6499,10,mean_off_diagonal_similarity,,0.6880629658699036,0.04843338578939438
6499,10,spatial_specificity,1.0,0.9162572622299194,0.016366785392165184
6499,10,spatial_specificity,1.4142135381698608,0.8712770342826843,0.02369251474738121
6499,10,spatial_specificity,2.0,0.8303264379501343,0.029927833005785942
6499,10,spatial_specificity,2.2360680103302,0.8018969297409058,0.03367843106389046
6499,10,spatial_specificity,2.8284270763397217,0.7535065412521362,0.039700523018836975
6499,10,spatial_specificity,3.0,0.7726654410362244,0.038791634142398834
6499,10,spatial_specificity,3.1622776985168457,0.7474135160446167,0.04230008274316788
6499,10,spatial_specificity,3.605551242828369,0.7115576863288879,0.046740878373384476
6499,10,spatial_specificity,4.0,0.7343324422836304,0.04526989907026291
6499,10,spatial_specificity,4.123105525970459,0.7098532915115356,0.04854092001914978
6499,10,spatial_specificity,4.242640495300293,0.6817945241928101,0.051966458559036255
6499,10,spatial_specificity,4.4721360206604,0.681721568107605,0.05240251496434212
6499,10,spatial_specificity,5.0,0.6794756650924683,0.05306356027722359
6499,10,spatial_specificity,5.099019527435303,0.6872376799583435,0.05139056593179703
6499,10,spatial_specificity,5.385164737701416,0.6615556478500366,0.055410921573638916
6499,10,spatial_specificity,5.656854152679443,0.6443477272987366,0.06007910147309303
6499,10,spatial_specificity,5.830952167510986,0.6426479816436768,0.05964774265885353
6499,10,spatial_specificity,6.0,0.6988495588302612,0.048593003302812576
6499,10,spatial_specificity,6.082762241363525,0.675416111946106,0.052436985075473785
6499,10,spatial_specificity,6.324555397033691,0.6480487585067749,0.0569683238863945
6499,10,spatial_specificity,6.4031243324279785,0.6262736320495605,0.063530832529068
6499,10,spatial_specificity,6.7082037925720215,0.6264427900314331,0.06142617389559746
6499,10,spatial_specificity,7.0,0.699480414390564,0.04839677736163139
6499,10,spatial_specificity,7.071067810058594,0.6545672416687012,0.05657195299863815
6499,10,spatial_specificity,7.211102485656738,0.6093012690544128,0.0652255117893219
6499,10,spatial_specificity,7.280109882354736,0.6448939442634583,0.05765703320503235
6499,10,spatial_specificity,7.6157732009887695,0.6204284429550171,0.06234746798872948
6499,10,spatial_specificity,7.8102498054504395,0.5922850370407104,0.06769784539937973
6499,10,spatial_specificity,8.0,0.7041942477226257,0.04731137305498123
6499,10,spatial_specificity,8.062257766723633,0.6427587270736694,0.05804048478603363
6499,10,spatial_specificity,8.246211051940918,0.6482402682304382,0.05689846724271774
6499,10,spatial_specificity,8.485280990600586,0.5734930634498596,0.06901178508996964
6499,10,spatial_specificity,8.5440034866333,0.6202737092971802,0.06184623762965202
6499,10,spatial_specificity,8.602325439453125,0.5813983678817749,0.068752720952034
6499,10,spatial_specificity,8.9442720413208,0.5978152751922607,0.06594263017177582
6499,10,spatial_specificity,9.0,0.7155662775039673,0.0434335358440876
6499,10,spatial_specificity,9.05538558959961,0.6900973916053772,0.047643303871154785
6499,10,spatial_specificity,9.219544410705566,0.6106479167938232,0.06032432243227959
6499,10,spatial_specificity,9.433980941772461,0.5772899985313416,0.0687844306230545
6499,10,spatial_specificity,9.486832618713379,0.624234139919281,0.058117613196372986
6499,10,spatial_specificity,9.848857879638672,0.5987067222595215,0.0627075731754303
6499,10,spatial_specificity,9.899495124816895,0.5528125166893005,0.07072263956069946
6499,10,spatial_specificity,10.0,0.6252679824829102,0.056846585124731064
6499,10,spatial_specificity,10.049875259399414,0.7152875661849976,0.04299016296863556
6499,10,spatial_specificity,10.198039054870605,0.6821497082710266,0.04811982437968254
6499,10,spatial_specificity,10.29563045501709,0.5773032307624817,0.06594641506671906
6499,10,spatial_specificity,10.440306663513184,0.6463133096694946,0.05378338694572449
6499,10,spatial_specificity,10.630146026611328,0.5558682084083557,0.06944084912538528
6499,10,spatial_specificity,10.770329475402832,0.615818440914154,0.05867976322770119
6499,10,spatial_specificity,10.816654205322266,0.5630351305007935,0.06732980161905289
6499,10,spatial_specificity,11.0,0.7895345687866211,0.03757206350564957
6499,10,spatial_specificity,11.045360565185547,0.7682228684425354,0.04176817834377289
6499,10,spatial_specificity,11.180339813232422,0.6658052206039429,0.05362836644053459
6499,10,spatial_specificity,11.313708305358887,0.5677386522293091,0.06651322543621063
6499,10,spatial_specificity,11.401754379272461,0.6323728561401367,0.05889538303017616
6499,10,spatial_specificity,11.661904335021973,0.5915056467056274,0.0648614913225174
6499,10,spatial_specificity,11.704700469970703,0.668785035610199,0.06113434210419655
6499,10,spatial_specificity,12.0,0.8594050407409668,0.037707652896642685
6499,10,spatial_specificity,12.041594505310059,0.7134610414505005,0.05156119540333748
6499,10,spatial_specificity,12.083045959472656,0.6558038592338562,0.06571394950151443
6499,10,spatial_specificity,12.16552448272705,0.8227028846740723,0.04689153656363487
6499,10,spatial_specificity,12.206555366516113,0.6145013570785522,0.06549553573131561
6499,10,spatial_specificity,12.369317054748535,0.7957218885421753,0.053741712123155594
6499,10,spatial_specificity,12.529964447021484,0.662267804145813,0.06854195147752762
6499,10,spatial_specificity,12.649110794067383,0.7707053422927856,0.061062999069690704
6499,10,spatial_specificity,12.727921485900879,0.6465136408805847,0.06391925364732742
6499,10,spatial_specificity,12.806248664855957,0.6586897969245911,0.06325692683458328
6499,10,spatial_specificity,13.0,0.8085160255432129,0.04962361976504326
6499,10,spatial_specificity,13.038405418395996,0.7822580933570862,0.04600905254483223
6499,10,spatial_specificity,13.152946472167969,0.907253086566925,0.03083956241607666
6499,10,spatial_specificity,13.34166431427002,0.8856052160263062,0.036670394241809845
6499,10,spatial_specificity,13.416407585144043,0.7626186609268188,0.060642141848802567
6499,10,spatial_specificity,13.45362377166748,0.7121870517730713,0.05651902034878731
6499,10,spatial_specificity,13.601469993591309,0.7851009964942932,0.04696524143218994
6499,10,spatial_specificity,13.892444610595703,0.7869718670845032,0.05236367881298065
6499,10,spatial_specificity,13.928387641906738,0.8558241724967957,0.037982650101184845
6499,10,spatial_specificity,14.142135620117188,0.7766531705856323,0.04701643064618111
6499,10,spatial_specificity,14.21267032623291,0.7887222766876221,0.047117557376623154
6499,10,spatial_specificity,14.317821502685547,0.8532549142837524,0.03566401079297066
6499,10,spatial_specificity,14.422204971313477,0.8231088519096375,0.042593806982040405
6499,10,spatial_specificity,14.764822959899902,0.8637782335281372,0.031836096197366714
6499,10,spatial_specificity,14.866068840026855,0.8407402038574219,0.03690153360366821
6499,10,spatial_specificity,15.0,0.8559867739677429,0.0353156179189682
6499,10,spatial_specificity,15.264337539672852,0.881438136100769,0.028144344687461853
6499,10,spatial_specificity,15.55634880065918,0.8797720074653625,0.02938130497932434
6499,10,spatial_specificity,15.620499610900879,0.8854550123214722,0.028806177899241447
6499,10,spatial_specificity,15.81138801574707,0.8960041999816895,0.025610361248254776
6499,10,spatial_specificity,16.278820037841797,0.9020299911499023,0.027156420052051544
6499,10,spatial_specificity,16.401220321655273,0.9084779024124146,0.02296607196331024
6499,10,spatial_specificity,16.970561981201172,0.9141608476638794,0.025875721126794815
6499,10,spatial_specificity,17.029386520385742,0.9168359041213989,0.0214561615139246
6499,10,spatial_specificity,17.69180679321289,0.9218297004699707,0.01982966996729374
6499,10,spatial_specificity,18.384777069091797,0.9243549108505249,0.01795610785484314
6999,11,cls_effective_rank,,16.18415641784668,1.1513490676879883
6999,11,patch_effective_rank,,43.358394622802734,7.567981243133545
6999,11,mean_off_diagonal_similarity,,0.6472827792167664,0.05302785336971283
6999,11,spatial_specificity,1.0,0.9049776196479797,0.019315114244818687
6999,11,spatial_specificity,1.4142135381698608,0.8539664149284363,0.027634697034955025
6999,11,spatial_specificity,2.0,0.8070762753486633,0.03540438041090965
6999,11,spatial_specificity,2.2360680103302,0.7741379141807556,0.03927263617515564
6999,11,spatial_specificity,2.8284270763397217,0.7171851396560669,0.04503145441412926
6999,11,spatial_specificity,3.0,0.7416270971298218,0.04421837255358696
6999,11,spatial_specificity,3.1622776985168457,0.7113590240478516,0.04812721163034439
6999,11,spatial_specificity,3.605551242828369,0.6687796115875244,0.052231140434741974
6999,11,spatial_specificity,4.0,0.6984207034111023,0.050083935260772705
6999,11,spatial_specificity,4.123105525970459,0.6685834527015686,0.053977612406015396
6999,11,spatial_specificity,4.242640495300293,0.6345478296279907,0.057239629328250885
6999,11,spatial_specificity,4.4721360206604,0.6349303722381592,0.05772896856069565
6999,11,spatial_specificity,5.0,0.6338066458702087,0.057613957673311234
6999,11,spatial_specificity,5.099019527435303,0.6433699727058411,0.05661996081471443
6999,11,spatial_specificity,5.385164737701416,0.612188458442688,0.060370709747076035
6999,11,spatial_specificity,5.656854152679443,0.592644989490509,0.06410013884305954
6999,11,spatial_specificity,5.830952167510986,0.5905618667602539,0.06406104564666748
6999,11,spatial_specificity,6.0,0.6597002744674683,0.052330076694488525
6999,11,spatial_specificity,6.082762241363525,0.6312108635902405,0.05691453069448471
6999,11,spatial_specificity,6.324555397033691,0.5981232523918152,0.061297670006752014
6999,11,spatial_specificity,6.4031243324279785,0.5724894404411316,0.06696832925081253
6999,11,spatial_specificity,6.7082037925720215,0.573332667350769,0.0654250904917717
6999,11,spatial_specificity,7.0,0.6602944731712341,0.05121767893433571
6999,11,spatial_specificity,7.071067810058594,0.6065881848335266,0.059585560113191605
6999,11,spatial_specificity,7.211102485656738,0.5540618896484375,0.06792155653238297
6999,11,spatial_specificity,7.280109882354736,0.5947974920272827,0.06129321828484535
6999,11,spatial_specificity,7.6157732009887695,0.5666332244873047,0.06521890312433243
6999,11,spatial_specificity,7.8102498054504395,0.5351462364196777,0.06902144849300385
6999,11,spatial_specificity,8.0,0.6644850969314575,0.049716152250766754
6999,11,spatial_specificity,8.062257766723633,0.5928539633750916,0.06022614240646362
6999,11,spatial_specificity,8.246211051940918,0.5984199643135071,0.06003743037581444
6999,11,spatial_specificity,8.485280990600586,0.5146247744560242,0.06967639178037643
6999,11,spatial_specificity,8.5440034866333,0.5662220120429993,0.06405213475227356
6999,11,spatial_specificity,8.602325439453125,0.5230463743209839,0.06948798894882202
6999,11,spatial_specificity,8.9442720413208,0.5411949753761292,0.06720897555351257
6999,11,spatial_specificity,9.0,0.6776993274688721,0.047143351286649704
6999,11,spatial_specificity,9.05538558959961,0.6483673453330994,0.051385968923568726
6999,11,spatial_specificity,9.219544410705566,0.5572985410690308,0.06254363805055618
6999,11,spatial_specificity,9.433980941772461,0.5188440084457397,0.06999126076698303
6999,11,spatial_specificity,9.486832618713379,0.5723140835762024,0.061460696160793304
6999,11,spatial_specificity,9.848857879638672,0.5442203283309937,0.0658620297908783
6999,11,spatial_specificity,9.899495124816895,0.49307408928871155,0.07210295647382736
6999,11,spatial_specificity,10.0,0.5755626559257507,0.05984465405344963
6999,11,spatial_specificity,10.049875259399414,0.6780176758766174,0.048425182700157166
6999,11,spatial_specificity,10.198039054870605,0.6403197646141052,0.05491612106561661
6999,11,spatial_specificity,10.29563045501709,0.5215116739273071,0.06929729133844376
6999,11,spatial_specificity,10.440306663513184,0.6001754999160767,0.060915421694517136
6999,11,spatial_specificity,10.630146026611328,0.49908050894737244,0.07199010998010635
6999,11,spatial_specificity,10.770329475402832,0.5673640966415405,0.06592091917991638
6999,11,spatial_specificity,10.816654205322266,0.5087924599647522,0.07182618230581284
6999,11,spatial_specificity,11.0,0.7646201848983765,0.044931717216968536
6999,11,spatial_specificity,11.045360565185547,0.7413226366043091,0.05010777711868286
6999,11,spatial_specificity,11.180339813232422,0.627009391784668,0.06279317289590836
6999,11,spatial_specificity,11.313708305358887,0.5162997245788574,0.07092947512865067
6999,11,spatial_specificity,11.401754379272461,0.5911328196525574,0.06795214116573334
6999,11,spatial_specificity,11.661904335021973,0.5475431680679321,0.07531111687421799
6999,11,spatial_specificity,11.704700469970703,0.6353781819343567,0.0745200663805008
6999,11,spatial_specificity,12.0,0.8480345010757446,0.04648113623261452
6999,11,spatial_specificity,12.041594505310059,0.6861635446548462,0.06162169948220253
6999,11,spatial_specificity,12.083045959472656,0.6241592168807983,0.08029776811599731
6999,11,spatial_specificity,12.16552448272705,0.8126935958862305,0.05790964141488075
6999,11,spatial_specificity,12.206555366516113,0.5772936940193176,0.07768730819225311
6999,11,spatial_specificity,12.369317054748535,0.7868075370788574,0.06666921079158783
6999,11,spatial_specificity,12.529964447021484,0.6350021958351135,0.08348904550075531
6999,11,spatial_specificity,12.649110794067383,0.76185142993927,0.07599185407161713
6999,11,spatial_specificity,12.727921485900879,0.6162124872207642,0.07465819269418716
6999,11,spatial_specificity,12.806248664855957,0.6305299997329712,0.07465201616287231
6999,11,spatial_specificity,13.0,0.8025123476982117,0.06160375848412514
6999,11,spatial_specificity,13.038405418395996,0.769801676273346,0.055562399327754974
6999,11,spatial_specificity,13.152946472167969,0.910383403301239,0.03689190000295639
6999,11,spatial_specificity,13.34166431427002,0.8923970460891724,0.043641213327646255
6999,11,spatial_specificity,13.416407585144043,0.7570374608039856,0.07349962741136551
6999,11,spatial_specificity,13.45362377166748,0.6940783858299255,0.06717090308666229
6999,11,spatial_specificity,13.601469993591309,0.7805325388908386,0.05548493564128876
6999,11,spatial_specificity,13.892444610595703,0.7851197719573975,0.06171255186200142
6999,11,spatial_specificity,13.928387641906738,0.8671784400939941,0.04625428840517998
6999,11,spatial_specificity,14.142135620117188,0.7683955430984497,0.05674884840846062
6999,11,spatial_specificity,14.21267032623291,0.7836936116218567,0.05577629804611206
6999,11,spatial_specificity,14.317821502685547,0.8642349243164062,0.04397337883710861
6999,11,spatial_specificity,14.422204971313477,0.8251377940177917,0.048471782356500626
6999,11,spatial_specificity,14.764822959899902,0.8735051155090332,0.037888817489147186
6999,11,spatial_specificity,14.866068840026855,0.8417949676513672,0.04373001679778099
6999,11,spatial_specificity,15.0,0.8601552248001099,0.03910568356513977
6999,11,spatial_specificity,15.264337539672852,0.8888576626777649,0.031273942440748215
6999,11,spatial_specificity,15.55634880065918,0.8835781812667847,0.03288973867893219
6999,11,spatial_specificity,15.620499610900879,0.8893672823905945,0.03152582421898842
6999,11,spatial_specificity,15.81138801574707,0.8991912603378296,0.028250647708773613
6999,11,spatial_specificity,16.278820037841797,0.9019854664802551,0.029060935601592064
6999,11,spatial_specificity,16.401220321655273,0.9069498181343079,0.026752330362796783
6999,11,spatial_specificity,16.970561981201172,0.9086318016052246,0.02839728072285652
6999,11,spatial_specificity,17.029386520385742,0.9111194610595703,0.026669366285204887
6999,11,spatial_specificity,17.69180679321289,0.9134818911552429,0.02591888979077339
6999,11,spatial_specificity,18.384777069091797,0.915291965007782,0.025648262351751328
7499,12,cls_effective_rank,,16.405704498291016,1.16205894947052
7499,12,patch_effective_rank,,43.51532745361328,7.770681381225586
7499,12,mean_off_diagonal_similarity,,0.6292300820350647,0.05624506622552872
7499,12,spatial_specificity,1.0,0.897857666015625,0.021304665133357048
7499,12,spatial_specificity,1.4142135381698608,0.8427963256835938,0.030620820820331573
7499,12,spatial_specificity,2.0,0.7935380339622498,0.03976632282137871
7499,12,spatial_specificity,2.2360680103302,0.7575030326843262,0.04425765573978424
7499,12,spatial_specificity,2.8284270763397217,0.6961332559585571,0.051101602613925934
7499,12,spatial_specificity,3.0,0.7241998910903931,0.04966150224208832
7499,12,spatial_specificity,3.1622776985168457,0.6911312341690063,0.0543934591114521
7499,12,spatial_specificity,3.605551242828369,0.6452637910842896,0.05959313362836838
7499,12,spatial_specificity,4.0,0.6790214776992798,0.05584908276796341
7499,12,spatial_specificity,4.123105525970459,0.6466470956802368,0.06054296717047691
7499,12,spatial_specificity,4.242640495300293,0.609327495098114,0.06536369025707245
7499,12,spatial_specificity,4.4721360206604,0.6109130382537842,0.06520946323871613
7499,12,spatial_specificity,5.0,0.6110374927520752,0.06448831409215927
7499,12,spatial_specificity,5.099019527435303,0.6218903660774231,0.06292380392551422
7499,12,spatial_specificity,5.385164737701416,0.5891381502151489,0.06745070219039917
7499,12,spatial_specificity,5.656854152679443,0.56800377368927,0.07162349671125412
7499,12,spatial_specificity,5.830952167510986,0.5671987533569336,0.07143537700176239
7499,12,spatial_specificity,6.0,0.6423071026802063,0.05720558762550354
7499,12,spatial_specificity,6.082762241363525,0.6117848753929138,0.06262257695198059
7499,12,spatial_specificity,6.324555397033691,0.5771239399909973,0.06777757406234741
7499,12,spatial_specificity,6.4031243324279785,0.5498696565628052,0.07383842021226883
7499,12,spatial_specificity,6.7082037925720215,0.5524159669876099,0.07215415686368942
7499,12,spatial_specificity,7.0,0.6442123651504517,0.055120233446359634
7499,12,spatial_specificity,7.071067810058594,0.5880162119865417,0.06445832550525665
7499,12,spatial_specificity,7.211102485656738,0.534252405166626,0.07364162057638168
7499,12,spatial_specificity,7.280109882354736,0.5757657885551453,0.06653808057308197
7499,12,spatial_specificity,7.6157732009887695,0.54791659116745,0.07020758837461472
7499,12,spatial_specificity,7.8102498054504395,0.5175904631614685,0.07310254126787186
7499,12,spatial_specificity,8.0,0.6487781405448914,0.05234720557928085
7499,12,spatial_specificity,8.062257766723633,0.5754121541976929,0.06349924206733704
7499,12,spatial_specificity,8.246211051940918,0.5801747441291809,0.06334259361028671
7499,12,spatial_specificity,8.485280990600586,0.49939098954200745,0.07204412668943405
7499,12,spatial_specificity,8.5440034866333,0.548458456993103,0.06667043268680573
7499,12,spatial_specificity,8.602325439453125,0.5071464776992798,0.07143376767635345
7499,12,spatial_specificity,8.9442720413208,0.5244273543357849,0.0681527853012085
7499,12,spatial_specificity,9.0,0.6619823575019836,0.04939071461558342
7499,12,spatial_specificity,9.05538558959961,0.6313827633857727,0.05350679159164429
7499,12,spatial_specificity,9.219544410705566,0.5411507487297058,0.06330720335245132
7499,12,spatial_specificity,9.433980941772461,0.5036550164222717,0.06950969249010086
7499,12,spatial_specificity,9.486832618713379,0.5544660091400146,0.06181355565786362
7499,12,spatial_specificity,9.848857879638672,0.5272332429885864,0.06471819430589676
7499,12,spatial_specificity,9.899495124816895,0.4789957106113434,0.0709596499800682
7499,12,spatial_specificity,10.0,0.560787558555603,0.05942300334572792
7499,12,spatial_specificity,10.049875259399414,0.6614843606948853,0.049281734973192215
7499,12,spatial_specificity,10.198039054870605,0.6224425435066223,0.05482456833124161
7499,12,spatial_specificity,10.29563045501709,0.5053000450134277,0.06715254485607147
7499,12,spatial_specificity,10.440306663513184,0.5816417932510376,0.0596296451985836
7499,12,spatial_specificity,10.630146026611328,0.4836045801639557,0.07004034519195557
7499,12,spatial_specificity,10.770329475402832,0.5489712357521057,0.06341714411973953
7499,12,spatial_specificity,10.816654205322266,0.4920821785926819,0.06959392130374908
7499,12,spatial_specificity,11.0,0.7509915828704834,0.0445466972887516
7499,12,spatial_specificity,11.045360565185547,0.726586639881134,0.04925616830587387
7499,12,spatial_specificity,11.180339813232422,0.6095334887504578,0.060113973915576935
7499,12,spatial_specificity,11.313708305358887,0.4976799488067627,0.06748852133750916
7499,12,spatial_specificity,11.401754379272461,0.5726944208145142,0.06475705653429031
7499,12,spatial_specificity,11.661904335021973,0.5280238389968872,0.07210255414247513
7499,12,spatial_specificity,11.704700469970703,0.6164524555206299,0.07103035598993301
7499,12,spatial_specificity,12.0,0.8392014503479004,0.046816449612379074
7499,12,spatial_specificity,12.041594505310059,0.670153796672821,0.05972149968147278
7499,12,spatial_specificity,12.083045959472656,0.6048426032066345,0.07656057178974152
7499,12,spatial_specificity,12.16552448272705,0.8022386431694031,0.058881960809230804
7499,12,spatial_specificity,12.206555366516113,0.5561679601669312,0.07398626953363419
7499,12,spatial_specificity,12.369317054748535,0.7748783826828003,0.06801412999629974
7499,12,spatial_specificity,12.529964447021484,0.6148784160614014,0.08082954585552216
7499,12,spatial_specificity,12.649110794067383,0.7484010457992554,0.07708223909139633
7499,12,spatial_specificity,12.727921485900879,0.5932344198226929,0.07198529690504074
7499,12,spatial_specificity,12.806248664855957,0.6081311106681824,0.07196810096502304
7499,12,spatial_specificity,13.0,0.792758584022522,0.062280215322971344
7499,12,spatial_specificity,13.038405418395996,0.7577630281448364,0.05504307150840759
7499,12,spatial_specificity,13.152946472167969,0.911584198474884,0.03720913454890251
7499,12,spatial_specificity,13.34166431427002,0.8933770060539246,0.04469621926546097
7499,12,spatial_specificity,13.416407585144043,0.743047833442688,0.0747026577591896
7499,12,spatial_specificity,13.45362377166748,0.6728552579879761,0.0671209916472435
7499,12,spatial_specificity,13.601469993591309,0.7683898210525513,0.056182511150836945
7499,12,spatial_specificity,13.892444610595703,0.7721303105354309,0.06329664587974548
7499,12,spatial_specificity,13.928387641906738,0.8669424057006836,0.04764861240983009
7499,12,spatial_specificity,14.142135620117188,0.750883162021637,0.058637313544750214
7499,12,spatial_specificity,14.21267032623291,0.7673689723014832,0.057929329574108124
7499,12,spatial_specificity,14.317821502685547,0.8633348345756531,0.04509952664375305
7499,12,spatial_specificity,14.422204971313477,0.8141430020332336,0.05055835470557213
7499,12,spatial_specificity,14.764822959899902,0.8719679713249207,0.037461575120687485
7499,12,spatial_specificity,14.866068840026855,0.8304914236068726,0.04612789303064346
7499,12,spatial_specificity,15.0,0.8519550561904907,0.04095734283328056
7499,12,spatial_specificity,15.264337539672852,0.8869303464889526,0.02849678322672844
7499,12,spatial_specificity,15.55634880065918,0.8777677416801453,0.03278642147779465
7499,12,spatial_specificity,15.620499610900879,0.8852218389511108,0.02998029813170433
7499,12,spatial_specificity,15.81138801574707,0.8975419998168945,0.024820761755108833
7499,12,spatial_specificity,16.278820037841797,0.900220513343811,0.025824740529060364
7499,12,spatial_specificity,16.401220321655273,0.9059306383132935,0.023485736921429634
7499,12,spatial_specificity,16.970561981201172,0.9077566862106323,0.025725219398736954
7499,12,spatial_specificity,17.029386520385742,0.9103899002075195,0.02423134259879589
7499,12,spatial_specificity,17.69180679321289,0.9135931730270386,0.02422136440873146
7499,12,spatial_specificity,18.384777069091797,0.9165623784065247,0.023876478895545006
7999,13,cls_effective_rank,,16.523693084716797,1.1730718612670898
7999,13,patch_effective_rank,,44.10688781738281,7.594940662384033
7999,13,mean_off_diagonal_similarity,,0.6174283623695374,0.0588509626686573
7999,13,spatial_specificity,1.0,0.8920364379882812,0.022028902545571327
7999,13,spatial_specificity,1.4142135381698608,0.8333962559700012,0.0313592255115509
7999,13,spatial_specificity,2.0,0.7811732292175293,0.04146857187151909
7999,13,spatial_specificity,2.2360680103302,0.7427700757980347,0.04617173969745636
7999,13,spatial_specificity,2.8284270763397217,0.6777436137199402,0.05372015759348869
7999,13,spatial_specificity,3.0,0.7080054879188538,0.052708931267261505
7999,13,spatial_specificity,3.1622776985168457,0.6729888916015625,0.057655707001686096
7999,13,spatial_specificity,3.605551242828369,0.6247371435165405,0.06373165547847748
7999,13,spatial_specificity,4.0,0.6616848707199097,0.060019299387931824
7999,13,spatial_specificity,4.123105525970459,0.6277270317077637,0.06505358219146729
7999,13,spatial_specificity,4.242640495300293,0.5879305601119995,0.07119807600975037
7999,13,spatial_specificity,4.4721360206604,0.590682864189148,0.07080177217721939
7999,13,spatial_specificity,5.0,0.5923408269882202,0.07089032232761383
7999,13,spatial_specificity,5.099019527435303,0.6045256853103638,0.06829488277435303
7999,13,spatial_specificity,5.385164737701416,0.5710334777832031,0.07409830391407013
7999,13,spatial_specificity,5.656854152679443,0.549014151096344,0.08038420975208282
7999,13,spatial_specificity,5.830952167510986,0.5494105219841003,0.07966544479131699
7999,13,spatial_specificity,6.0,0.6289573907852173,0.061855461448431015
7999,13,spatial_specificity,6.082762241363525,0.5972844958305359,0.06788372993469238
7999,13,spatial_specificity,6.324555397033691,0.5621159672737122,0.07434526830911636
7999,13,spatial_specificity,6.4031243324279785,0.5336537957191467,0.08276765048503876
7999,13,spatial_specificity,6.7082037925720215,0.5378789901733398,0.0798359215259552
7999,13,spatial_specificity,7.0,0.6333154439926147,0.05892479047179222
7999,13,spatial_specificity,7.071067810058594,0.5756622552871704,0.07009879499673843
7999,13,spatial_specificity,7.211102485656738,0.5212790966033936,0.08167314529418945
7999,13,spatial_specificity,7.280109882354736,0.5634547472000122,0.07156930863857269
7999,13,spatial_specificity,7.6157732009887695,0.536157488822937,0.07585728913545609
7999,13,spatial_specificity,7.8102498054504395,0.5071004629135132,0.08023370057344437
7999,13,spatial_specificity,8.0,0.6389915943145752,0.05411430448293686
7999,13,spatial_specificity,8.062257766723633,0.5649340152740479,0.0673515573143959
7999,13,spatial_specificity,8.246211051940918,0.5694425702095032,0.06586974114179611
7999,13,spatial_specificity,8.485280990600586,0.49152594804763794,0.07740207761526108
7999,13,spatial_specificity,8.5440034866333,0.5383841395378113,0.06928157806396484
7999,13,spatial_specificity,8.602325439453125,0.49882373213768005,0.07605436444282532
7999,13,spatial_specificity,8.9442720413208,0.5157572627067566,0.07047019153833389
7999,13,spatial_specificity,9.0,0.6536641716957092,0.049089718610048294
7999,13,spatial_specificity,9.05538558959961,0.6221751570701599,0.05327080190181732
7999,13,spatial_specificity,9.219544410705566,0.5334211587905884,0.06457289308309555
7999,13,spatial_specificity,9.433980941772461,0.4969622492790222,0.07080382108688354
7999,13,spatial_specificity,9.486832618713379,0.5458402633666992,0.061296939849853516
7999,13,spatial_specificity,9.848857879638672,0.5198849439620972,0.06370159983634949
7999,13,spatial_specificity,9.899495124816895,0.47430068254470825,0.07221301645040512
7999,13,spatial_specificity,10.0,0.5550628900527954,0.05866136774420738
7999,13,spatial_specificity,10.049875259399414,0.6540776491165161,0.046766769140958786
7999,13,spatial_specificity,10.198039054870605,0.614711344242096,0.05213407427072525
7999,13,spatial_specificity,10.29563045501709,0.49919185042381287,0.06580111384391785
7999,13,spatial_specificity,10.440306663513184,0.573926568031311,0.05659778043627739
7999,13,spatial_specificity,10.630146026611328,0.47891053557395935,0.06938928365707397
7999,13,spatial_specificity,10.770329475402832,0.5417568683624268,0.060254886746406555
7999,13,spatial_specificity,10.816654205322266,0.4864218235015869,0.06787024438381195
7999,13,spatial_specificity,11.0,0.7462266683578491,0.041045669466257095
7999,13,spatial_specificity,11.045360565185547,0.721047580242157,0.04579178988933563
7999,13,spatial_specificity,11.180339813232422,0.6028221845626831,0.05673234909772873
7999,13,spatial_specificity,11.313708305358887,0.49249276518821716,0.06571844965219498
7999,13,spatial_specificity,11.401754379272461,0.5662608742713928,0.06159059330821037
7999,13,spatial_specificity,11.661904335021973,0.5210126042366028,0.06936763972043991
7999,13,spatial_specificity,11.704700469970703,0.6086283326148987,0.06746351718902588
7999,13,spatial_specificity,12.0,0.8373523950576782,0.04409298673272133
7999,13,spatial_specificity,12.041594505310059,0.6655439138412476,0.05666334927082062
7999,13,spatial_specificity,12.083045959472656,0.5968871712684631,0.07345909625291824
7999,13,spatial_specificity,12.16552448272705,0.7984156608581543,0.05676070973277092
7999,13,spatial_specificity,12.206555366516113,0.5491200685501099,0.07097296416759491
7999,13,spatial_specificity,12.369317054748535,0.7698335647583008,0.06660602986812592
7999,13,spatial_specificity,12.529964447021484,0.6069399118423462,0.07800377160310745
7999,13,spatial_specificity,12.649110794067383,0.7424910664558411,0.0759282112121582
7999,13,spatial_specificity,12.727921485900879,0.5863308906555176,0.06821903586387634
7999,13,spatial_specificity,12.806248664855957,0.6012395620346069,0.06849248707294464
7999,13,spatial_specificity,13.0,0.7886875867843628,0.060535989701747894
7999,13,spatial_specificity,13.038405418395996,0.7536956071853638,0.05219605192542076
7999,13,spatial_specificity,13.152946472167969,0.912517249584198,0.03416735306382179
7999,13,spatial_specificity,13.34166431427002,0.8938251733779907,0.04190431535243988
7999,13,spatial_specificity,13.416407585144043,0.7370643615722656,0.0733288899064064
7999,13,spatial_specificity,13.45362377166748,0.6663674116134644,0.06406169384717941
7999,13,spatial_specificity,13.601469993591309,0.7643743753433228,0.05403401702642441
7999,13,spatial_specificity,13.892444610595703,0.7674514055252075,0.06190755218267441
7999,13,spatial_specificity,13.928387641906738,0.8665673136711121,0.04534650966525078
7999,13,spatial_specificity,14.142135620117188,0.7463380694389343,0.05661536753177643
7999,13,spatial_specificity,14.21267032623291,0.7629074454307556,0.05592904984951019
7999,13,spatial_specificity,14.317821502685547,0.8631634712219238,0.04238341376185417
7999,13,spatial_specificity,14.422204971313477,0.8115262985229492,0.049201998859643936
7999,13,spatial_specificity,14.764822959899902,0.8727308511734009,0.03427865356206894
7999,13,spatial_specificity,14.866068840026855,0.8290055394172668,0.04456247389316559
7999,13,spatial_specificity,15.0,0.8515666127204895,0.038424648344516754
7999,13,spatial_specificity,15.264337539672852,0.8890926241874695,0.024680206552147865
7999,13,spatial_specificity,15.55634880065918,0.8793398141860962,0.029414895921945572
7999,13,spatial_specificity,15.620499610900879,0.8876107931137085,0.026063378900289536
7999,13,spatial_specificity,15.81138801574707,0.901215672492981,0.019117968156933784
7999,13,spatial_specificity,16.278820037841797,0.9049356579780579,0.020542480051517487
7999,13,spatial_specificity,16.401220321655273,0.9111391305923462,0.017154287546873093
7999,13,spatial_specificity,16.970561981201172,0.913896381855011,0.020791130140423775
7999,13,spatial_specificity,17.029386520385742,0.916724681854248,0.01838495023548603
7999,13,spatial_specificity,17.69180679321289,0.9209342002868652,0.0190972238779068
7999,13,spatial_specificity,18.384777069091797,0.924549400806427,0.019075222313404083
8499,14,cls_effective_rank,,16.625146865844727,1.1797816753387451
8499,14,patch_effective_rank,,44.71931838989258,7.288503170013428
8499,14,mean_off_diagonal_similarity,,0.6086016297340393,0.059379901736974716
8499,14,spatial_specificity,1.0,0.8851152658462524,0.020217739045619965
8499,14,spatial_specificity,1.4142135381698608,0.8229318857192993,0.028586359694600105
8499,14,spatial_specificity,2.0,0.7682524919509888,0.038666676729917526
8499,14,spatial_specificity,2.2360680103302,0.7279923558235168,0.0429949089884758
8499,14,spatial_specificity,2.8284270763397217,0.6602438688278198,0.05067121610045433
8499,14,spatial_specificity,3.0,0.6931687593460083,0.05046325922012329
8499,14,spatial_specificity,3.1622776985168457,0.6567454934120178,0.05509307608008385
8499,14,spatial_specificity,3.605551242828369,0.6069334745407104,0.0618194080889225
8499,14,spatial_specificity,4.0,0.647396445274353,0.059070345014333725
8499,14,spatial_specificity,4.123105525970459,0.6122408509254456,0.06422417610883713
8499,14,spatial_specificity,4.242640495300293,0.5707697868347168,0.0713954046368599
8499,14,spatial_specificity,4.4721360206604,0.5744182467460632,0.07097622007131577
8499,14,spatial_specificity,5.0,0.5781700611114502,0.07279794663190842
8499,14,spatial_specificity,5.099019527435303,0.591178297996521,0.06977605819702148
8499,14,spatial_specificity,5.385164737701416,0.5573363900184631,0.0767778679728508
8499,14,spatial_specificity,5.656854152679443,0.5354903936386108,0.08482182770967484
8499,14,spatial_specificity,5.830952167510986,0.5366691946983337,0.08436215668916702
8499,14,spatial_specificity,6.0,0.6188472509384155,0.06425454467535019
8499,14,spatial_specificity,6.082762241363525,0.5864360332489014,0.07062128931283951
8499,14,spatial_specificity,6.324555397033691,0.5511089563369751,0.07816963642835617
8499,14,spatial_specificity,6.4031243324279785,0.5224997401237488,0.08874112367630005
8499,14,spatial_specificity,6.7082037925720215,0.5279166102409363,0.0852174162864685
8499,14,spatial_specificity,7.0,0.6251617074012756,0.06116008758544922
8499,14,spatial_specificity,7.071067810058594,0.5667588710784912,0.07398868352174759
8499,14,spatial_specificity,7.211102485656738,0.5128518342971802,0.08795318007469177
8499,14,spatial_specificity,7.280109882354736,0.5543051958084106,0.07460255920886993
8499,14,spatial_specificity,7.6157732009887695,0.5281752347946167,0.07986824214458466
8499,14,spatial_specificity,7.8102498054504395,0.5009661316871643,0.08667366206645966
8499,14,spatial_specificity,8.0,0.631142795085907,0.05413242429494858
8499,14,spatial_specificity,8.062257766723633,0.5576444864273071,0.06980104744434357
8499,14,spatial_specificity,8.246211051940918,0.5614112615585327,0.06682843714952469
8499,14,spatial_specificity,8.485280990600586,0.48813414573669434,0.08281770348548889
8499,14,spatial_specificity,8.5440034866333,0.5316722393035889,0.07086940854787827
8499,14,spatial_specificity,8.602325439453125,0.49521905183792114,0.08063486218452454
8499,14,spatial_specificity,8.9442720413208,0.5115231275558472,0.07263335585594177
8499,14,spatial_specificity,9.0,0.6473566293716431,0.04813219606876373
8499,14,spatial_specificity,9.05538558959961,0.6151608228683472,0.05237508565187454
8499,14,spatial_specificity,9.219544410705566,0.529498279094696,0.06600669026374817
8499,14,spatial_specificity,9.433980941772461,0.4955693185329437,0.0730641782283783
8499,14,spatial_specificity,9.486832618713379,0.5404959917068481,0.06058294326066971
8499,14,spatial_specificity,9.848857879638672,0.5172539353370667,0.06352420151233673
8499,14,spatial_specificity,9.899495124816895,0.4759998917579651,0.07497816532850266
8499,14,spatial_specificity,10.0,0.553796648979187,0.05897747725248337
8499,14,spatial_specificity,10.049875259399414,0.6483613848686218,0.04454746097326279
8499,14,spatial_specificity,10.198039054870605,0.6090846061706543,0.049943841993808746
8499,14,spatial_specificity,10.29563045501709,0.4989860951900482,0.06602078676223755
8499,14,spatial_specificity,10.440306663513184,0.5691277384757996,0.0544077605009079
8499,14,spatial_specificity,10.630146026611328,0.481109619140625,0.07031852006912231
8499,14,spatial_specificity,10.770329475402832,0.5386237502098083,0.058246176689863205
8499,14,spatial_specificity,10.816654205322266,0.4872482717037201,0.06760051101446152
8499,14,spatial_specificity,11.0,0.7425768375396729,0.03907047584652901
8499,14,spatial_specificity,11.045360565185547,0.7167340517044067,0.043917763978242874
8499,14,spatial_specificity,11.180339813232422,0.5993974804878235,0.05457083508372307
8499,14,spatial_specificity,11.313708305358887,0.49398231506347656,0.06525486707687378
8499,14,spatial_specificity,11.401754379272461,0.5639869570732117,0.05938541889190674
8499,14,spatial_specificity,11.661904335021973,0.5193614959716797,0.06717558205127716
8499,14,spatial_specificity,11.704700469970703,0.6036486029624939,0.06422127038240433
8499,14,spatial_specificity,12.0,0.835282027721405,0.04295714944601059
8499,14,spatial_specificity,12.041594505310059,0.6639580726623535,0.05405116081237793
8499,14,spatial_specificity,12.083045959472656,0.5924113392829895,0.0700569599866867
8499,14,spatial_specificity,12.16552448272705,0.7957414388656616,0.054843634366989136
8499,14,spatial_specificity,12.206555366516113,0.546653687953949,0.067990742623806
8499,14,spatial_specificity,12.369317054748535,0.7665938138961792,0.06438565999269485
8499,14,spatial_specificity,12.529964447021484,0.6024782061576843,0.0743207037448883
8499,14,spatial_specificity,12.649110794067383,0.7388368844985962,0.07343180477619171
8499,14,spatial_specificity,12.727921485900879,0.5826008319854736,0.06378217041492462
8499,14,spatial_specificity,12.806248664855957,0.5972829461097717,0.0643247738480568
8499,14,spatial_specificity,13.0,0.7854922413825989,0.057952944189310074
8499,14,spatial_specificity,13.038405418395996,0.750171959400177,0.048951808363199234
8499,14,spatial_specificity,13.152946472167969,0.9109905362129211,0.03224267065525055
8499,14,spatial_specificity,13.34166431427002,0.8920693397521973,0.03880889341235161
8499,14,spatial_specificity,13.416407585144043,0.7330139875411987,0.07066572457551956
8499,14,spatial_specificity,13.45362377166748,0.6602391004562378,0.06000082567334175
8499,14,spatial_specificity,13.601469993591309,0.7599681615829468,0.05103741213679314
8499,14,spatial_specificity,13.892444610595703,0.763388454914093,0.05961073935031891
8499,14,spatial_specificity,13.928387641906738,0.8641446232795715,0.042684152722358704
8499,14,spatial_specificity,14.142135620117188,0.7397041320800781,0.054633788764476776
8499,14,spatial_specificity,14.21267032623291,0.7569509744644165,0.054083067923784256
8499,14,spatial_specificity,14.317821502685547,0.8608592748641968,0.04002560302615166
8499,14,spatial_specificity,14.422204971313477,0.8077114224433899,0.047783639281988144
8499,14,spatial_specificity,14.764822959899902,0.870651364326477,0.032699327915906906
8499,14,spatial_specificity,14.866068840026855,0.8243899345397949,0.04456241428852081
8499,14,spatial_specificity,15.0,0.8485272526741028,0.03773292154073715
8499,14,spatial_specificity,15.264337539672852,0.8874257206916809,0.024474481120705605
8499,14,spatial_specificity,15.55634880065918,0.876832127571106,0.02975521981716156
8499,14,spatial_specificity,15.620499610900879,0.8855536580085754,0.02662014402449131
8499,14,spatial_specificity,15.81138801574707,0.9003416299819946,0.018943913280963898
8499,14,spatial_specificity,16.278820037841797,0.9040862917900085,0.02171369269490242
8499,14,spatial_specificity,16.401220321655273,0.9110495448112488,0.017376625910401344
8499,14,spatial_specificity,16.970561981201172,0.9139727354049683,0.021351654082536697
8499,14,spatial_specificity,17.029386520385742,0.9174046516418457,0.017612211406230927
8499,14,spatial_specificity,17.69180679321289,0.9223195910453796,0.01748131960630417
8499,14,spatial_specificity,18.384777069091797,0.9267622828483582,0.016887592151761055
8999,15,cls_effective_rank,,16.64722442626953,1.1799832582473755
8999,15,patch_effective_rank,,45.2445182800293,7.262967109680176
8999,15,mean_off_diagonal_similarity,,0.596660852432251,0.05636290833353996
8999,15,spatial_specificity,1.0,0.8767626881599426,0.017839521169662476
8999,15,spatial_specificity,1.4142135381698608,0.810738742351532,0.025218835100531578
8999,15,spatial_specificity,2.0,0.7538871169090271,0.03408646583557129
8999,15,spatial_specificity,2.2360680103302,0.7117028832435608,0.03795017674565315
8999,15,spatial_specificity,2.8284270763397217,0.641418993473053,0.045135222375392914
8999,15,spatial_specificity,3.0,0.6774125695228577,0.04553284868597984
8999,15,spatial_specificity,3.1622776985168457,0.6392632722854614,0.04966020584106445
8999,15,spatial_specificity,3.605551242828369,0.5876768827438354,0.05652698501944542
8999,15,spatial_specificity,4.0,0.6322382688522339,0.05474797263741493
8999,15,spatial_specificity,4.123105525970459,0.5952895283699036,0.05944348871707916
8999,15,spatial_specificity,4.242640495300293,0.5517410039901733,0.06720659881830215
8999,15,spatial_specificity,4.4721360206604,0.5560042858123779,0.06679987162351608
8999,15,spatial_specificity,5.0,0.5615594983100891,0.06977281719446182
8999,15,spatial_specificity,5.099019527435303,0.5757371187210083,0.06619203835725784
8999,15,spatial_specificity,5.385164737701416,0.5405515432357788,0.07418625801801682
8999,15,spatial_specificity,5.656854152679443,0.5179831385612488,0.08351022750139236
8999,15,spatial_specificity,5.830952167510986,0.5198802351951599,0.08330930769443512
8999,15,spatial_specificity,6.0,0.6063040494918823,0.061777275055646896
8999,15,spatial_specificity,6.082762241363525,0.5726456642150879,0.06801611185073853
8999,15,spatial_specificity,6.324555397033691,0.5359976887702942,0.07645195722579956
8999,15,spatial_specificity,6.4031243324279785,0.5063871741294861,0.08909409493207932
8999,15,spatial_specificity,6.7082037925720215,0.5127952694892883,0.08492452651262283
8999,15,spatial_specificity,7.0,0.6136770248413086,0.05879087373614311
8999,15,spatial_specificity,7.071067810058594,0.5533172488212585,0.07271725684404373
8999,15,spatial_specificity,7.211102485656738,0.4983994960784912,0.08875371515750885
8999,15,spatial_specificity,7.280109882354736,0.540251612663269,0.07244114577770233
8999,15,spatial_specificity,7.6157732009887695,0.5144079923629761,0.07872502505779266
8999,15,spatial_specificity,7.8102498054504395,0.48799705505371094,0.08809153735637665
8999,15,spatial_specificity,8.0,0.6196436882019043,0.05087998881936073
8999,15,spatial_specificity,8.062257766723633,0.545129656791687,0.06795266270637512
8999,15,spatial_specificity,8.246211051940918,0.5485748052597046,0.06405472010374069
8999,15,spatial_specificity,8.485280990600586,0.4774095118045807,0.08410405367612839
8999,15,spatial_specificity,8.5440034866333,0.5194515585899353,0.06893761456012726
8999,15,spatial_specificity,8.602325439453125,0.48459386825561523,0.08113992214202881
8999,15,spatial_specificity,8.9442720413208,0.5010409355163574,0.07164651900529861
8999,15,spatial_specificity,9.0,0.6375937461853027,0.04540193825960159
8999,15,spatial_specificity,9.05538558959961,0.604554295539856,0.0495501272380352
8999,15,spatial_specificity,9.219544410705566,0.5199489593505859,0.06481223553419113
8999,15,spatial_specificity,9.433980941772461,0.48775753378868103,0.07287194579839706
8999,15,spatial_specificity,9.486832618713379,0.530195415019989,0.058503296226263046
8999,15,spatial_specificity,9.848857879638672,0.5093140602111816,0.06224199756979942
8999,15,spatial_specificity,9.899495124816895,0.47097349166870117,0.07547769695520401
8999,15,spatial_specificity,10.0,0.5473984479904175,0.057629384100437164
8999,15,spatial_specificity,10.049875259399414,0.639488697052002,0.04191579297184944
8999,15,spatial_specificity,10.198039054870605,0.6001609563827515,0.047463931143283844
8999,15,spatial_specificity,10.29563045501709,0.49315327405929565,0.06461185961961746
8999,15,spatial_specificity,10.440306663513184,0.5607272386550903,0.05185012146830559
8999,15,spatial_specificity,10.630146026611328,0.47690829634666443,0.06904759258031845
8999,15,spatial_specificity,10.770329475402832,0.5312309861183167,0.05496692284941673
8999,15,spatial_specificity,10.816654205322266,0.4819636940956116,0.06501840054988861
8999,15,spatial_specificity,11.0,0.7364994287490845,0.037074461579322815
8999,15,spatial_specificity,11.045360565185547,0.709911584854126,0.04212915524840355
8999,15,spatial_specificity,11.180339813232422,0.5924018025398254,0.05123342573642731
8999,15,spatial_specificity,11.313708305358887,0.4889836311340332,0.06198403984308243
8999,15,spatial_specificity,11.401754379272461,0.557466447353363,0.05558254197239876
8999,15,spatial_specificity,11.661904335021973,0.5136613845825195,0.0628492683172226
8999,15,spatial_specificity,11.704700469970703,0.5968630909919739,0.061244551092386246
8999,15,spatial_specificity,12.0,0.8326231241226196,0.042663998901844025
8999,15,spatial_specificity,12.041594505310059,0.6598221063613892,0.05092282220721245
8999,15,spatial_specificity,12.083045959472656,0.5869927406311035,0.06672894954681396
8999,15,spatial_specificity,12.16552448272705,0.7936161756515503,0.053896546363830566
8999,15,spatial_specificity,12.206555366516113,0.5413021445274353,0.06393803656101227
8999,15,spatial_specificity,12.369317054748535,0.7649552226066589,0.06305132061243057
8999,15,spatial_specificity,12.529964447021484,0.5979905128479004,0.07129600644111633
8999,15,spatial_specificity,12.649110794067383,0.7377349138259888,0.0716024860739708
8999,15,spatial_specificity,12.727921485900879,0.5765606164932251,0.06013423949480057
8999,15,spatial_specificity,12.806248664855957,0.5919027924537659,0.060535281896591187
8999,15,spatial_specificity,13.0,0.7854293584823608,0.055414050817489624
8999,15,spatial_specificity,13.038405418395996,0.7480074167251587,0.045986905694007874
8999,15,spatial_specificity,13.152946472167969,0.9123064875602722,0.030629722401499748
8999,15,spatial_specificity,13.34166431427002,0.8940485119819641,0.036330483853816986
8999,15,spatial_specificity,13.416407585144043,0.7329567074775696,0.06787402182817459
8999,15,spatial_specificity,13.45362377166748,0.6545275449752808,0.05673886463046074
8999,15,spatial_specificity,13.601469993591309,0.7582575082778931,0.04765700548887253
8999,15,spatial_specificity,13.892444610595703,0.763059139251709,0.05670091509819031
8999,15,spatial_specificity,13.928387641906738,0.8670198321342468,0.03976859897375107
8999,15,spatial_specificity,14.142135620117188,0.7346480488777161,0.05207884684205055
8999,15,spatial_specificity,14.21267032623291,0.7528278231620789,0.052222613245248795
8999,15,spatial_specificity,14.317821502685547,0.8633880615234375,0.03702269122004509
8999,15,spatial_specificity,14.422204971313477,0.8066831827163696,0.045195095241069794
8999,15,spatial_specificity,14.764822959899902,0.8720442056655884,0.030084149911999702
8999,15,spatial_specificity,14.866068840026855,0.8212542533874512,0.0429551787674427
8999,15,spatial_specificity,15.0,0.8469489216804504,0.035728711634874344
8999,15,spatial_specificity,15.264337539672852,0.8873922228813171,0.022746669128537178
8999,15,spatial_specificity,15.55634880065918,0.8752039074897766,0.028812620788812637
8999,15,spatial_specificity,15.620499610900879,0.8841711282730103,0.025390900671482086
8999,15,spatial_specificity,15.81138801574707,0.8992840647697449,0.017914067953824997
8999,15,spatial_specificity,16.278820037841797,0.9028383493423462,0.021956829354166985
8999,15,spatial_specificity,16.401220321655273,0.9096253514289856,0.01762835867702961
8999,15,spatial_specificity,16.970561981201172,0.9127191305160522,0.022139035165309906
8999,15,spatial_specificity,17.029386520385742,0.9161838293075562,0.017776736989617348
8999,15,spatial_specificity,17.69180679321289,0.9212457537651062,0.017265770584344864
8999,15,spatial_specificity,18.384777069091797,0.9261113405227661,0.015631109476089478
9499,16,cls_effective_rank,,16.66196632385254,1.180702567100525
9499,16,patch_effective_rank,,45.71021270751953,7.342378616333008
9499,16,mean_off_diagonal_similarity,,0.5882004499435425,0.05620983988046646
9499,16,spatial_specificity,1.0,0.8713623881340027,0.017057009041309357
9499,16,spatial_specificity,1.4142135381698608,0.8026165962219238,0.024023812264204025
9499,16,spatial_specificity,2.0,0.7439398765563965,0.03207060694694519
9499,16,spatial_specificity,2.2360680103302,0.700621485710144,0.03579062223434448
9499,16,spatial_specificity,2.8284270763397217,0.6290411353111267,0.043022867292165756
9499,16,spatial_specificity,3.0,0.6661801338195801,0.043509386479854584
9499,16,spatial_specificity,3.1622776985168457,0.6270996332168579,0.047389399260282516
9499,16,spatial_specificity,3.605551242828369,0.574972927570343,0.054649557918310165
9499,16,spatial_specificity,4.0,0.6209701299667358,0.05336683988571167
9499,16,spatial_specificity,4.123105525970459,0.5831026434898376,0.05773073062300682
9499,16,spatial_specificity,4.242640495300293,0.539220929145813,0.0662398636341095
9499,16,spatial_specificity,4.4721360206604,0.5433218479156494,0.06582473963499069
9499,16,spatial_specificity,5.0,0.5497955679893494,0.06960359215736389
9499,16,spatial_specificity,5.099019527435303,0.564323365688324,0.06547104567289352
9499,16,spatial_specificity,5.385164737701416,0.5285480618476868,0.07427654415369034
9499,16,spatial_specificity,5.656854152679443,0.5057095289230347,0.08449701219797134
9499,16,spatial_specificity,5.830952167510986,0.5078184008598328,0.08443611115217209
9499,16,spatial_specificity,6.0,0.596601128578186,0.061562445014715195
9499,16,spatial_specificity,6.082762241363525,0.5621048212051392,0.06780730932950974
9499,16,spatial_specificity,6.324555397033691,0.5248392224311829,0.07696270197629929
9499,16,spatial_specificity,6.4031243324279785,0.49458375573158264,0.09110948443412781
9499,16,spatial_specificity,6.7082037925720215,0.5014243721961975,0.08643834292888641
9499,16,spatial_specificity,7.0,0.6048713326454163,0.05867748335003853
9499,16,spatial_specificity,7.071067810058594,0.5432067513465881,0.07340765744447708
9499,16,spatial_specificity,7.211102485656738,0.4872484803199768,0.0910559594631195
9499,16,spatial_specificity,7.280109882354736,0.5298734903335571,0.07259924709796906
9499,16,spatial_specificity,7.6157732009887695,0.503928542137146,0.0797986164689064
9499,16,spatial_specificity,7.8102498054504395,0.47761622071266174,0.0911538302898407
9499,16,spatial_specificity,8.0,0.6117558479309082,0.05045214295387268
9499,16,spatial_specificity,8.062257766723633,0.5359355807304382,0.06854210793972015
9499,16,spatial_specificity,8.246211051940918,0.5395793318748474,0.06400588154792786
9499,16,spatial_specificity,8.485280990600586,0.4684832692146301,0.08751583844423294
9499,16,spatial_specificity,8.5440034866333,0.5106841325759888,0.06976179778575897
9499,16,spatial_specificity,8.602325439453125,0.4759462773799896,0.08411850780248642
9499,16,spatial_specificity,8.9442720413208,0.49308720231056213,0.07343754917383194
9499,16,spatial_specificity,9.0,0.6316142082214355,0.04519658908247948
9499,16,spatial_specificity,9.05538558959961,0.5979874730110168,0.04943830519914627
9499,16,spatial_specificity,9.219544410705566,0.513109564781189,0.06664356589317322
9499,16,spatial_specificity,9.433980941772461,0.4815424382686615,0.07579483091831207
9499,16,spatial_specificity,9.486832618713379,0.5236188173294067,0.05938401818275452
9499,16,spatial_specificity,9.848857879638672,0.5038391947746277,0.06378723680973053
9499,16,spatial_specificity,9.899495124816895,0.46649664640426636,0.07910914719104767
9499,16,spatial_specificity,10.0,0.5431292057037354,0.05962113291025162
9499,16,spatial_specificity,10.049875259399414,0.63520747423172,0.04248832166194916
9499,16,spatial_specificity,10.198039054870605,0.5956954956054688,0.04826788604259491
9499,16,spatial_specificity,10.29563045501709,0.48880261182785034,0.0662451833486557
9499,16,spatial_specificity,10.440306663513184,0.5560749769210815,0.05261782929301262
9499,16,spatial_specificity,10.630146026611328,0.4732281267642975,0.07076383382081985
9499,16,spatial_specificity,10.770329475402832,0.5265347957611084,0.05512825399637222
9499,16,spatial_specificity,10.816654205322266,0.4776664674282074,0.06560754030942917
9499,16,spatial_specificity,11.0,0.7338733673095703,0.037516914308071136
9499,16,spatial_specificity,11.045360565185547,0.7068142890930176,0.04272015020251274
9499,16,spatial_specificity,11.180339813232422,0.5881438255310059,0.051373034715652466
9499,16,spatial_specificity,11.313708305358887,0.48490309715270996,0.061685506254434586
9499,16,spatial_specificity,11.401754379272461,0.553043782711029,0.05532442033290863
9499,16,spatial_specificity,11.661904335021973,0.5090600252151489,0.062282808125019073
9499,16,spatial_specificity,11.704700469970703,0.5923947095870972,0.061628032475709915
9499,16,spatial_specificity,12.0,0.831582248210907,0.04347441345453262
9499,16,spatial_specificity,12.041594505310059,0.6570092439651489,0.05042138323187828
9499,16,spatial_specificity,12.083045959472656,0.5829271078109741,0.06680496782064438
9499,16,spatial_specificity,12.16552448272705,0.7923781275749207,0.05431526154279709
9499,16,spatial_specificity,12.206555366516113,0.5370434522628784,0.06333057582378387
9499,16,spatial_specificity,12.369317054748535,0.7635196447372437,0.06329239904880524
9499,16,spatial_specificity,12.529964447021484,0.5942320823669434,0.07126804441213608
9499,16,spatial_specificity,12.649110794067383,0.7361770868301392,0.07151398062705994
9499,16,spatial_specificity,12.727921485900879,0.5722663402557373,0.05968961864709854
9499,16,spatial_specificity,12.806248664855957,0.5880736112594604,0.06018517538905144
9499,16,spatial_specificity,13.0,0.7849063873291016,0.05502632260322571
9499,16,spatial_specificity,13.038405418395996,0.7466516494750977,0.045863062143325806
9499,16,spatial_specificity,13.152946472167969,0.9139308929443359,0.03021790087223053
9499,16,spatial_specificity,13.34166431427002,0.8956511616706848,0.035907384008169174
9499,16,spatial_specificity,13.416407585144043,0.7316506505012512,0.06731284409761429
9499,16,spatial_specificity,13.45362377166748,0.6509932279586792,0.056854747235774994
9499,16,spatial_specificity,13.601469993591309,0.757076621055603,0.04712938517332077
9499,16,spatial_specificity,13.892444610595703,0.762140154838562,0.05590391531586647
9499,16,spatial_specificity,13.928387641906738,0.8685780763626099,0.03955259919166565
9499,16,spatial_specificity,14.142135620117188,0.7320228815078735,0.05220085382461548
9499,16,spatial_specificity,14.21267032623291,0.7503541707992554,0.05223867669701576
9499,16,spatial_specificity,14.317821502685547,0.8646318316459656,0.0368460938334465
9499,16,spatial_specificity,14.422204971313477,0.8060034513473511,0.0442441962659359
9499,16,spatial_specificity,14.764822959899902,0.8729099035263062,0.029613938182592392
9499,16,spatial_specificity,14.866068840026855,0.8196099400520325,0.04229549691081047
9499,16,spatial_specificity,15.0,0.8460167050361633,0.03499600663781166
9499,16,spatial_specificity,15.264337539672852,0.8876584768295288,0.02210901491343975
9499,16,spatial_specificity,15.55634880065918,0.8742923736572266,0.028197625651955605
9499,16,spatial_specificity,15.620499610900879,0.883510410785675,0.025029409676790237
9499,16,spatial_specificity,15.81138801574707,0.8988097310066223,0.017512643709778786
9499,16,spatial_specificity,16.278820037841797,0.9023402333259583,0.022247960790991783
9499,16,spatial_specificity,16.401220321655273,0.9088550806045532,0.017863985151052475
9499,16,spatial_specificity,16.970561981201172,0.9122657775878906,0.023388158529996872
9499,16,spatial_specificity,17.029386520385742,0.9154852032661438,0.018725421279668808
9499,16,spatial_specificity,17.69180679321289,0.9207350015640259,0.019112559035420418
9499,16,spatial_specificity,18.384777069091797,0.9254111051559448,0.017513763159513474
9999,17,cls_effective_rank,,16.6668701171875,1.1790755987167358
9999,17,patch_effective_rank,,46.1473388671875,7.322166919708252
9999,17,mean_off_diagonal_similarity,,0.5805037617683411,0.0554061196744442
9999,17,spatial_specificity,1.0,0.8664059638977051,0.01659661903977394
9999,17,spatial_specificity,1.4142135381698608,0.7952318787574768,0.023246703669428825
9999,17,spatial_specificity,2.0,0.7351981401443481,0.03052375093102455
9999,17,spatial_specificity,2.2360680103302,0.6908351182937622,0.03395889699459076
9999,17,spatial_specificity,2.8284270763397217,0.6180212497711182,0.040977656841278076
9999,17,spatial_specificity,3.0,0.6566326022148132,0.04140039160847664
9999,17,spatial_specificity,3.1622776985168457,0.6166864633560181,0.04501049593091011
9999,17,spatial_specificity,3.605551242828369,0.5637527704238892,0.05230425298213959
9999,17,spatial_specificity,4.0,0.6115407943725586,0.05131709203124046
9999,17,spatial_specificity,4.123105525970459,0.572895884513855,0.055476684123277664
9999,17,spatial_specificity,4.242640495300293,0.5280272960662842,0.06422161310911179
9999,17,spatial_specificity,4.4721360206604,0.5324493646621704,0.06383637338876724
9999,17,spatial_specificity,5.0,0.5395923852920532,0.06803061068058014
9999,17,spatial_specificity,5.099019527435303,0.5547074675559998,0.06362508982419968
9999,17,spatial_specificity,5.385164737701416,0.5182138085365295,0.07269641757011414
9999,17,spatial_specificity,5.656854152679443,0.4947127401828766,0.08353248238563538
9999,17,spatial_specificity,5.830952167510986,0.4970304071903229,0.08328565210103989
9999,17,spatial_specificity,6.0,0.5880601406097412,0.06009044498205185
9999,17,spatial_specificity,6.082762241363525,0.5527524352073669,0.0660582184791565
9999,17,spatial_specificity,6.324555397033691,0.5146644711494446,0.07544030994176865
9999,17,spatial_specificity,6.4031243324279785,0.48362693190574646,0.09041232615709305
9999,17,spatial_specificity,6.7082037925720215,0.4906074106693268,0.08531316369771957
9999,17,spatial_specificity,7.0,0.5964000821113586,0.05714105814695358
9999,17,spatial_specificity,7.071067810058594,0.5334759950637817,0.0720457211136818
9999,17,spatial_specificity,7.211102485656738,0.47631579637527466,0.09039933234453201
9999,17,spatial_specificity,7.280109882354736,0.5197738409042358,0.07095698267221451
9999,17,spatial_specificity,7.6157732009887695,0.4933634400367737,0.07861848175525665
9999,17,spatial_specificity,7.8102498054504395,0.46700525283813477,0.09099239856004715
9999,17,spatial_specificity,8.0,0.6037891507148743,0.04939302057027817
9999,17,spatial_specificity,8.062257766723633,0.5265795588493347,0.06768754124641418
9999,17,spatial_specificity,8.246211051940918,0.5304598212242126,0.06315366923809052
9999,17,spatial_specificity,8.485280990600586,0.4587574601173401,0.08813491463661194
9999,17,spatial_specificity,8.5440034866333,0.5015425086021423,0.06960514932870865
9999,17,spatial_specificity,8.602325439453125,0.46655330061912537,0.08491385728120804
9999,17,spatial_specificity,8.9442720413208,0.4845171570777893,0.07416187971830368
9999,17,spatial_specificity,9.0,0.6257115602493286,0.04517848417162895
9999,17,spatial_specificity,9.05538558959961,0.5915364027023315,0.04942000284790993
9999,17,spatial_specificity,9.219544410705566,0.5057672262191772,0.06771336495876312
9999,17,spatial_specificity,9.433980941772461,0.47436103224754333,0.07774125039577484
9999,17,spatial_specificity,9.486832618713379,0.5169001817703247,0.06032063812017441
9999,17,spatial_specificity,9.848857879638672,0.49784642457962036,0.06520851701498032
9999,17,spatial_specificity,9.899495124816895,0.460629403591156,0.08152160048484802
9999,17,spatial_specificity,10.0,0.5383310317993164,0.06132146343588829
9999,17,spatial_specificity,10.049875259399414,0.6316800117492676,0.04370240494608879
9999,17,spatial_specificity,10.198039054870605,0.5920636653900146,0.04972881078720093
9999,17,spatial_specificity,10.29563045501709,0.48376965522766113,0.0678790882229805
9999,17,spatial_specificity,10.440306663513184,0.5521332621574402,0.05397765338420868
9999,17,spatial_specificity,10.630146026611328,0.46864432096481323,0.07233470678329468
9999,17,spatial_specificity,10.770329475402832,0.5224396586418152,0.05604683235287666
9999,17,spatial_specificity,10.816654205322266,0.47301721572875977,0.06669216603040695
9999,17,spatial_specificity,11.0,0.7326239347457886,0.03850177675485611
9999,17,spatial_specificity,11.045360565185547,0.7053602933883667,0.043717291206121445
9999,17,spatial_specificity,11.180339813232422,0.5852738618850708,0.052278198301792145
9999,17,spatial_specificity,11.313708305358887,0.48098960518836975,0.06248106434941292
9999,17,spatial_specificity,11.401754379272461,0.5499120950698853,0.05604083836078644
9999,17,spatial_specificity,11.661904335021973,0.5054325461387634,0.06276517361402512
9999,17,spatial_specificity,11.704700469970703,0.5901008248329163,0.062441203743219376
9999,17,spatial_specificity,12.0,0.8318755030632019,0.043541453778743744
9999,17,spatial_specificity,12.041594505310059,0.6553947329521179,0.050306327641010284
9999,17,spatial_specificity,12.083045959472656,0.5807052850723267,0.06742843240499496
9999,17,spatial_specificity,12.16552448272705,0.7926243543624878,0.05426286533474922
9999,17,spatial_specificity,12.206555366516113,0.5339987874031067,0.06372351944446564
9999,17,spatial_specificity,12.369317054748535,0.7636256217956543,0.06301981955766678
9999,17,spatial_specificity,12.529964447021484,0.5921247601509094,0.07162180542945862
9999,17,spatial_specificity,12.649110794067383,0.7360948324203491,0.07101140171289444
9999,17,spatial_specificity,12.727921485900879,0.5694377422332764,0.05967077240347862
9999,17,spatial_specificity,12.806248664855957,0.5857176780700684,0.06038312613964081
9999,17,spatial_specificity,13.0,0.7850317358970642,0.05458151549100876
9999,17,spatial_specificity,13.038405418395996,0.746091365814209,0.045917365700006485
9999,17,spatial_specificity,13.152946472167969,0.9150439500808716,0.02976956032216549
9999,17,spatial_specificity,13.34166431427002,0.8965178728103638,0.03554685786366463
9999,17,spatial_specificity,13.416407585144043,0.7309858798980713,0.06686391681432724
9999,17,spatial_specificity,13.45362377166748,0.6490388512611389,0.057088468223810196
9999,17,spatial_specificity,13.601469993591309,0.7565037608146667,0.04691049084067345
9999,17,spatial_specificity,13.892444610595703,0.7615817189216614,0.05524856969714165
9999,17,spatial_specificity,13.928387641906738,0.8690041303634644,0.03949505463242531
9999,17,spatial_specificity,14.142135620117188,0.7309368252754211,0.05234255641698837
9999,17,spatial_specificity,14.21267032623291,0.7493447065353394,0.051966387778520584
9999,17,spatial_specificity,14.317821502685547,0.8647487759590149,0.03697168827056885
9999,17,spatial_specificity,14.422204971313477,0.805695652961731,0.043341491371393204
9999,17,spatial_specificity,14.764822959899902,0.8728712797164917,0.029474051669239998
9999,17,spatial_specificity,14.866068840026855,0.8191453814506531,0.04165727645158768
9999,17,spatial_specificity,15.0,0.8455632925033569,0.0344160720705986
9999,17,spatial_specificity,15.264337539672852,0.8874570727348328,0.021836619824171066
9999,17,spatial_specificity,15.55634880065918,0.8738929629325867,0.027817582711577415
9999,17,spatial_specificity,15.620499610900879,0.883048415184021,0.024935007095336914
9999,17,spatial_specificity,15.81138801574707,0.8983311653137207,0.01766221970319748
9999,17,spatial_specificity,16.278820037841797,0.9020072221755981,0.022440137341618538
9999,17,spatial_specificity,16.401220321655273,0.9082208871841431,0.018115676939487457
9999,17,spatial_specificity,16.970561981201172,0.9119410514831543,0.023522060364484787
9999,17,spatial_specificity,17.029386520385742,0.9148699641227722,0.018851041793823242
9999,17,spatial_specificity,17.69180679321289,0.9200213551521301,0.019302379339933395
9999,17,spatial_specificity,18.384777069091797,0.9241229891777039,0.017782025039196014
10499,18,cls_effective_rank,,16.66921043395996,1.1774134635925293
10499,18,patch_effective_rank,,46.51704788208008,7.217156887054443
10499,18,mean_off_diagonal_similarity,,0.575764000415802,0.05406118184328079
10499,18,spatial_specificity,1.0,0.8626576662063599,0.016176167875528336
10499,18,spatial_specificity,1.4142135381698608,0.7899076342582703,0.022630615159869194
10499,18,spatial_specificity,2.0,0.7290670275688171,0.029238391667604446
10499,18,spatial_specificity,2.2360680103302,0.6841485500335693,0.03238893300294876
10499,18,spatial_specificity,2.8284270763397217,0.6107944250106812,0.03908420726656914
10499,18,spatial_specificity,3.0,0.650212824344635,0.03969647362828255
10499,18,spatial_specificity,3.1622776985168457,0.6098006367683411,0.04302129149436951
10499,18,spatial_specificity,3.605551242828369,0.5565568208694458,0.050080567598342896
10499,18,spatial_specificity,4.0,0.605353057384491,0.04960610717535019
10499,18,spatial_specificity,4.123105525970459,0.5662369132041931,0.05353324115276337
10499,18,spatial_specificity,4.242640495300293,0.5208684206008911,0.06208541989326477
10499,18,spatial_specificity,4.4721360206604,0.5255222916603088,0.0618608295917511
10499,18,spatial_specificity,5.0,0.533039927482605,0.06636270135641098
10499,18,spatial_specificity,5.099019527435303,0.5483657717704773,0.06180271506309509
10499,18,spatial_specificity,5.385164737701416,0.5115047693252563,0.07080727815628052
10499,18,spatial_specificity,5.656854152679443,0.4876707196235657,0.08208704739809036
10499,18,spatial_specificity,5.830952167510986,0.49000468850135803,0.08166848868131638
10499,18,spatial_specificity,6.0,0.5824353098869324,0.058564651757478714
10499,18,spatial_specificity,6.082762241363525,0.5466191172599792,0.06424053013324738
10499,18,spatial_specificity,6.324555397033691,0.5079840421676636,0.07352123409509659
10499,18,spatial_specificity,6.4031243324279785,0.47639957070350647,0.08890533447265625
10499,18,spatial_specificity,6.7082037925720215,0.48344922065734863,0.08358302712440491
10499,18,spatial_specificity,7.0,0.591166615486145,0.055383309721946716
10499,18,spatial_specificity,7.071067810058594,0.5272365212440491,0.07020758092403412
10499,18,spatial_specificity,7.211102485656738,0.4689887464046478,0.08882533758878708
10499,18,spatial_specificity,7.280109882354736,0.5135251879692078,0.06894424557685852
10499,18,spatial_specificity,7.6157732009887695,0.48677271604537964,0.07683693617582321
10499,18,spatial_specificity,7.8102498054504395,0.4598209857940674,0.08972211927175522
10499,18,spatial_specificity,8.0,0.5992878675460815,0.04792759567499161
10499,18,spatial_specificity,8.062257766723633,0.5210055708885193,0.06618496775627136
10499,18,spatial_specificity,8.246211051940918,0.5253559947013855,0.06167510896921158
10499,18,spatial_specificity,8.485280990600586,0.4522798955440521,0.08753203600645065
10499,18,spatial_specificity,8.5440034866333,0.4964366555213928,0.06854507327079773
10499,18,spatial_specificity,8.602325439453125,0.46056097745895386,0.08439026027917862
10499,18,spatial_specificity,8.9442720413208,0.47972869873046875,0.0737449899315834
10499,18,spatial_specificity,9.0,0.6228141188621521,0.04434540495276451
10499,18,spatial_specificity,9.05538558959961,0.5883303880691528,0.04855289310216904
10499,18,spatial_specificity,9.219544410705566,0.5016587376594543,0.06751483678817749
10499,18,spatial_specificity,9.433980941772461,0.4703473150730133,0.07810407876968384
10499,18,spatial_specificity,9.486832618713379,0.5137003064155579,0.059929702430963516
10499,18,spatial_specificity,9.848857879638672,0.494987815618515,0.06512953341007233
10499,18,spatial_specificity,9.899495124816895,0.457319974899292,0.08209946006536484
10499,18,spatial_specificity,10.0,0.5359629988670349,0.0614774152636528
10499,18,spatial_specificity,10.049875259399414,0.6303501725196838,0.04351632669568062
10499,18,spatial_specificity,10.198039054870605,0.5906857252120972,0.04960477724671364
10499,18,spatial_specificity,10.29563045501709,0.48143282532691956,0.06791071593761444
10499,18,spatial_specificity,10.440306663513184,0.550606369972229,0.05369781702756882
10499,18,spatial_specificity,10.630146026611328,0.46667560935020447,0.07226939499378204
10499,18,spatial_specificity,10.770329475402832,0.5208207368850708,0.05548067390918732
10499,18,spatial_specificity,10.816654205322266,0.4710090756416321,0.06634168326854706
10499,18,spatial_specificity,11.0,0.732488751411438,0.03820335119962692
10499,18,spatial_specificity,11.045360565185547,0.7051318883895874,0.04339934512972832
10499,18,spatial_specificity,11.180339813232422,0.5842783451080322,0.051781728863716125
10499,18,spatial_specificity,11.313708305358887,0.4797872006893158,0.06185607239603996
10499,18,spatial_specificity,11.401754379272461,0.5488406419754028,0.055440738797187805
10499,18,spatial_specificity,11.661904335021973,0.5039296746253967,0.06209912523627281
10499,18,spatial_specificity,11.704700469970703,0.5892300605773926,0.061965640634298325
10499,18,spatial_specificity,12.0,0.8323341608047485,0.04291270300745964
10499,18,spatial_specificity,12.041594505310059,0.6551089286804199,0.04942480847239494
10499,18,spatial_specificity,12.083045959472656,0.5797479152679443,0.06699147075414658
10499,18,spatial_specificity,12.16552448272705,0.7929608821868896,0.05363932251930237
10499,18,spatial_specificity,12.206555366516113,0.5328634977340698,0.06318783760070801
10499,18,spatial_specificity,12.369317054748535,0.7638083100318909,0.06238740682601929
10499,18,spatial_specificity,12.529964447021484,0.5911176800727844,0.07131446897983551
10499,18,spatial_specificity,12.649110794067383,0.7360943555831909,0.07041558623313904
10499,18,spatial_specificity,12.727921485900879,0.5687993168830872,0.058977268636226654
10499,18,spatial_specificity,12.806248664855957,0.5851312875747681,0.05990733578801155
10499,18,spatial_specificity,13.0,0.7851146459579468,0.05413214489817619
10499,18,spatial_specificity,13.038405418395996,0.7460535168647766,0.04560307040810585
10499,18,spatial_specificity,13.152946472167969,0.9157909154891968,0.02951987460255623
10499,18,spatial_specificity,13.34166431427002,0.8970382809638977,0.03543882817029953
10499,18,spatial_specificity,13.416407585144043,0.7304971218109131,0.066545769572258
10499,18,spatial_specificity,13.45362377166748,0.6487663388252258,0.056767284870147705
10499,18,spatial_specificity,13.601469993591309,0.7565145492553711,0.04655899852514267
10499,18,spatial_specificity,13.892444610595703,0.7613223195075989,0.05466273054480553
10499,18,spatial_specificity,13.928387641906738,0.8691741824150085,0.039698563516139984
10499,18,spatial_specificity,14.142135620117188,0.7310370206832886,0.05197485536336899
10499,18,spatial_specificity,14.21267032623291,0.7493541240692139,0.05121711641550064
10499,18,spatial_specificity,14.317821502685547,0.864775538444519,0.03729415684938431
10499,18,spatial_specificity,14.422204971313477,0.8057897686958313,0.04237838834524155
10499,18,spatial_specificity,14.764822959899902,0.8729264140129089,0.029456788673996925
10499,18,spatial_specificity,14.866068840026855,0.8193771243095398,0.040615830570459366
10499,18,spatial_specificity,15.0,0.8456912040710449,0.03356252983212471
10499,18,spatial_specificity,15.264337539672852,0.8875916600227356,0.021425066515803337
10499,18,spatial_specificity,15.55634880065918,0.8740142583847046,0.02719220146536827
10499,18,spatial_specificity,15.620499610900879,0.8831229209899902,0.02468353696167469
10499,18,spatial_specificity,15.81138801574707,0.8984507322311401,0.017386965453624725
10499,18,spatial_specificity,16.278820037841797,0.9022547006607056,0.02277582325041294
10499,18,spatial_specificity,16.401220321655273,0.9083855748176575,0.01802973262965679
10499,18,spatial_specificity,16.970561981201172,0.912458062171936,0.023801183328032494
10499,18,spatial_specificity,17.029386520385742,0.9153038263320923,0.01873459666967392
10499,18,spatial_specificity,17.69180679321289,0.9206250905990601,0.01913466490805149
10499,18,spatial_specificity,18.384777069091797,0.9245961308479309,0.017389334738254547
10999,19,cls_effective_rank,,16.666074752807617,1.1755930185317993
10999,19,patch_effective_rank,,46.78468322753906,7.123275279998779
10999,19,mean_off_diagonal_similarity,,0.5705466866493225,0.052374474704265594
10999,19,spatial_specificity,1.0,0.8590399026870728,0.01618015766143799
10999,19,spatial_specificity,1.4142135381698608,0.7848463654518127,0.022755244746804237
10999,19,spatial_specificity,2.0,0.7231048345565796,0.028556160628795624
10999,19,spatial_specificity,2.2360680103302,0.677672266960144,0.031562525779008865
10999,19,spatial_specificity,2.8284270763397217,0.6036838293075562,0.03790782764554024
10999,19,spatial_specificity,3.0,0.6439206004142761,0.038250602781772614
10999,19,spatial_specificity,3.1622776985168457,0.6030734181404114,0.041344642639160156
10999,19,spatial_specificity,3.605551242828369,0.5494365096092224,0.04811728745698929
10999,19,spatial_specificity,4.0,0.5993224382400513,0.04790667071938515
10999,19,spatial_specificity,4.123105525970459,0.5597232580184937,0.0515965111553669
10999,19,spatial_specificity,4.242640495300293,0.5137375593185425,0.059930652379989624
10999,19,spatial_specificity,4.4721360206604,0.5186662673950195,0.05977477505803108
10999,19,spatial_specificity,5.0,0.526530385017395,0.06442037969827652
10999,19,spatial_specificity,5.099019527435303,0.5419613122940063,0.059707436710596085
10999,19,spatial_specificity,5.385164737701416,0.5046798586845398,0.06856360286474228
10999,19,spatial_specificity,5.656854152679443,0.4808364808559418,0.08027917146682739
10999,19,spatial_specificity,5.830952167510986,0.4829677641391754,0.07960696518421173
10999,19,spatial_specificity,6.0,0.5765399932861328,0.056568123400211334
10999,19,spatial_specificity,6.082762241363525,0.5401729345321655,0.06197390705347061
10999,19,spatial_specificity,6.324555397033691,0.5009230971336365,0.07110599428415298
10999,19,spatial_specificity,6.4031243324279785,0.4692629277706146,0.08692003786563873
10999,19,spatial_specificity,6.7082037925720215,0.4760270118713379,0.08126429468393326
10999,19,spatial_specificity,7.0,0.5855939388275146,0.05337422713637352
10999,19,spatial_specificity,7.071067810058594,0.5206750631332397,0.06801307946443558
10999,19,spatial_specificity,7.211102485656738,0.46143466234207153,0.08662314713001251
10999,19,spatial_specificity,7.280109882354736,0.5067368745803833,0.0665876716375351
10999,19,spatial_specificity,7.6157732009887695,0.4796473979949951,0.07463900744915009
10999,19,spatial_specificity,7.8102498054504395,0.4522460103034973,0.08788688480854034
10999,19,spatial_specificity,8.0,0.5942466259002686,0.04633098468184471
10999,19,spatial_specificity,8.062257766723633,0.5148310661315918,0.06435499340295792
10999,19,spatial_specificity,8.246211051940918,0.5195271968841553,0.05992019921541214
10999,19,spatial_specificity,8.485280990600586,0.4450579583644867,0.08631400018930435
10999,19,spatial_specificity,8.5440034866333,0.49039608240127563,0.06707067787647247
10999,19,spatial_specificity,8.602325439453125,0.45376119017601013,0.08328429609537125
10999,19,spatial_specificity,8.9442720413208,0.4738404154777527,0.07275208830833435
10999,19,spatial_specificity,9.0,0.6190510988235474,0.04305840656161308
10999,19,spatial_specificity,9.05538558959961,0.5841168165206909,0.04722807556390762
10999,19,spatial_specificity,9.219544410705566,0.4963017404079437,0.0665770098567009
10999,19,spatial_specificity,9.433980941772461,0.4649159908294678,0.07769840955734253
10999,19,spatial_specificity,9.486832618713379,0.5089796781539917,0.05880167707800865
10999,19,spatial_specificity,9.848857879638672,0.4903666377067566,0.06420807540416718
10999,19,spatial_specificity,9.899495124816895,0.4522520899772644,0.08182267844676971
10999,19,spatial_specificity,10.0,0.5319379568099976,0.06077375262975693
10999,19,spatial_specificity,10.049875259399414,0.6276018023490906,0.04270470142364502
10999,19,spatial_specificity,10.198039054870605,0.5876914262771606,0.048785898834466934
10999,19,spatial_specificity,10.29563045501709,0.47706231474876404,0.06711652129888535
10999,19,spatial_specificity,10.440306663513184,0.5472980737686157,0.05281785875558853
10999,19,spatial_specificity,10.630146026611328,0.4626840651035309,0.07158111035823822
10999,19,spatial_specificity,10.770329475402832,0.5173070430755615,0.054506558924913406
10999,19,spatial_specificity,10.816654205322266,0.46692076325416565,0.06534024327993393
10999,19,spatial_specificity,11.0,0.7313446402549744,0.03793119266629219
10999,19,spatial_specificity,11.045360565185547,0.7038007974624634,0.04308069497346878
10999,19,spatial_specificity,11.180339813232422,0.5817773342132568,0.05109574645757675
10999,19,spatial_specificity,11.313708305358887,0.4767608046531677,0.060836270451545715
10999,19,spatial_specificity,11.401754379272461,0.5462595820426941,0.05456040799617767
10999,19,spatial_specificity,11.661904335021973,0.5008400082588196,0.06105232611298561
10999,19,spatial_specificity,11.704700469970703,0.5872333645820618,0.061619143933057785
10999,19,spatial_specificity,12.0,0.83234703540802,0.042584944516420364
10999,19,spatial_specificity,12.041594505310059,0.6538628339767456,0.048488203436136246
10999,19,spatial_specificity,12.083045959472656,0.5778604745864868,0.06652208417654037
10999,19,spatial_specificity,12.16552448272705,0.7928762435913086,0.05324168875813484
10999,19,spatial_specificity,12.206555366516113,0.5305531620979309,0.06221482530236244
10999,19,spatial_specificity,12.369317054748535,0.7637204527854919,0.061894796788692474
10999,19,spatial_specificity,12.529964447021484,0.5894951820373535,0.07084542512893677
10999,19,spatial_specificity,12.649110794067383,0.7359902858734131,0.06988347321748734
10999,19,spatial_specificity,12.727921485900879,0.5672808289527893,0.05812719464302063
10999,19,spatial_specificity,12.806248664855957,0.5837982892990112,0.05919098109006882
10999,19,spatial_specificity,13.0,0.7851501107215881,0.05367027223110199
10999,19,spatial_specificity,13.038405418395996,0.7456589937210083,0.04522280395030975
10999,19,spatial_specificity,13.152946472167969,0.916218101978302,0.029022159054875374
10999,19,spatial_specificity,13.34166431427002,0.8973917961120605,0.034956950694322586
10999,19,spatial_specificity,13.416407585144043,0.7303096652030945,0.06616516411304474
10999,19,spatial_specificity,13.45362377166748,0.6481210589408875,0.056489236652851105
10999,19,spatial_specificity,13.601469993591309,0.7564944624900818,0.046146709471940994
10999,19,spatial_specificity,13.892444610595703,0.7614506483078003,0.054179977625608444
10999,19,spatial_specificity,13.928387641906738,0.869462788105011,0.03936178237199783
10999,19,spatial_specificity,14.142135620117188,0.7311720848083496,0.05179746821522713
10999,19,spatial_specificity,14.21267032623291,0.7495709657669067,0.05088810995221138
10999,19,spatial_specificity,14.317821502685547,0.8649812936782837,0.03707274794578552
10999,19,spatial_specificity,14.422204971313477,0.8063186407089233,0.041718270629644394
10999,19,spatial_specificity,14.764822959899902,0.8731901049613953,0.029055826365947723
10999,19,spatial_specificity,14.866068840026855,0.8199118375778198,0.040107663720846176
10999,19,spatial_specificity,15.0,0.8462058305740356,0.03304169327020645
10999,19,spatial_specificity,15.264337539672852,0.8878780603408813,0.020813506096601486
10999,19,spatial_specificity,15.55634880065918,0.874358057975769,0.026950007304549217
10999,19,spatial_specificity,15.620499610900879,0.8834084272384644,0.024451343342661858
10999,19,spatial_specificity,15.81138801574707,0.8985645174980164,0.017000166699290276
10999,19,spatial_specificity,16.278820037841797,0.9023637771606445,0.022813083603978157
10999,19,spatial_specificity,16.401220321655273,0.9083881378173828,0.017833162099123
10999,19,spatial_specificity,16.970561981201172,0.912561297416687,0.023817485198378563
10999,19,spatial_specificity,17.029386520385742,0.9153532981872559,0.018546245992183685
10999,19,spatial_specificity,17.69180679321289,0.9206573367118835,0.018961481750011444
10999,19,spatial_specificity,18.384777069091797,0.9244784116744995,0.01735953986644745
