checkpoint,index,iteration,metric,spatial_distance,value,error
1499,0,1499,cls_effective_rank,,11.392701148986816,0.7414500117301941
1499,0,1499,patch_effective_rank,,72.44621276855469,8.098237991333008
1499,0,1499,mean_off_diagonal_similarity,,0.8343483209609985,0.014745642431080341
1499,0,1499,spatial_specificity_correlation,,-0.372391939163208,0.054592061787843704
1499,0,1499,spatial_specificity,1.0,0.9673153162002563,0.0033858937676995993
1499,0,1499,spatial_specificity,1.4142135381698608,0.9553061723709106,0.003963981755077839
1499,0,1499,spatial_specificity,2.0,0.9431753158569336,0.004459144547581673
1499,0,1499,spatial_specificity,2.2360680103302,0.937238335609436,0.004699847660958767
1499,0,1499,spatial_specificity,2.8284270763397217,0.9253800511360168,0.005782182328402996
1499,0,1499,spatial_specificity,3.0,0.9246950149536133,0.004892888944596052
1499,0,1499,spatial_specificity,3.1622776985168457,0.9210936427116394,0.005227714776992798
1499,0,1499,spatial_specificity,3.605551242828369,0.9134485125541687,0.006553584709763527
1499,0,1499,spatial_specificity,4.0,0.910035252571106,0.005801311694085598
1499,0,1499,spatial_specificity,4.123105525970459,0.9073866009712219,0.006119392346590757
1499,0,1499,spatial_specificity,4.242640495300293,0.9038721323013306,0.007891231216490269
1499,0,1499,spatial_specificity,4.4721360206604,0.9016937017440796,0.007303414400666952
1499,0,1499,spatial_specificity,5.0,0.8948674201965332,0.008006115444004536
1499,0,1499,spatial_specificity,5.099019527435303,0.8949981927871704,0.007311459630727768
1499,0,1499,spatial_specificity,5.385164737701416,0.8903604745864868,0.008067270740866661
1499,0,1499,spatial_specificity,5.656854152679443,0.8849660754203796,0.009741867892444134
1499,0,1499,spatial_specificity,5.830952167510986,0.8836020231246948,0.009284669533371925
1499,0,1499,spatial_specificity,6.0,0.8862560987472534,0.007635914720594883
1499,0,1499,spatial_specificity,6.082762241363525,0.884261965751648,0.008220074698328972
1499,0,1499,spatial_specificity,6.324555397033691,0.8801970481872559,0.008914884179830551
1499,0,1499,spatial_specificity,6.4031243324279785,0.8758975267410278,0.010308497585356236
1499,0,1499,spatial_specificity,6.7082037925720215,0.8742895126342773,0.009919271804392338
1499,0,1499,spatial_specificity,7.0,0.876612663269043,0.008275230415165424
1499,0,1499,spatial_specificity,7.071067810058594,0.8726103901863098,0.009541265666484833
1499,0,1499,spatial_specificity,7.211102485656738,0.8674287796020508,0.010743794031441212
1499,0,1499,spatial_specificity,7.280109882354736,0.8713114857673645,0.009698082692921162
1499,0,1499,spatial_specificity,7.6157732009887695,0.866114616394043,0.010682577267289162
1499,0,1499,spatial_specificity,7.8102498054504395,0.8602131605148315,0.011377858929336071
1499,0,1499,spatial_specificity,8.0,0.8681015968322754,0.008818241767585278
1499,0,1499,spatial_specificity,8.062257766723633,0.8630911111831665,0.010417177341878414
1499,0,1499,spatial_specificity,8.246211051940918,0.863038182258606,0.010547523386776447
1499,0,1499,spatial_specificity,8.485280990600586,0.8531954884529114,0.011668742634356022
1499,0,1499,spatial_specificity,8.5440034866333,0.8582607507705688,0.011473722755908966
1499,0,1499,spatial_specificity,8.602325439453125,0.8531309366226196,0.011849131435155869
1499,0,1499,spatial_specificity,8.9442720413208,0.8525069952011108,0.012117810547351837
1499,0,1499,spatial_specificity,9.0,0.8601548075675964,0.009192650206387043
1499,0,1499,spatial_specificity,9.05538558959961,0.8585612177848816,0.010100415907800198
1499,0,1499,spatial_specificity,9.219544410705566,0.8509334325790405,0.011526858434081078
1499,0,1499,spatial_specificity,9.433980941772461,0.8463476896286011,0.01252279244363308
1499,0,1499,spatial_specificity,9.486832618713379,0.8510026931762695,0.012101365253329277
1499,0,1499,spatial_specificity,9.848857879638672,0.8457683324813843,0.012683979235589504
1499,0,1499,spatial_specificity,9.899495124816895,0.8401430249214172,0.012336218729615211
1499,0,1499,spatial_specificity,10.0,0.8445770144462585,0.011492591351270676
1499,0,1499,spatial_specificity,10.049875259399414,0.8514695167541504,0.010435826145112514
1499,0,1499,spatial_specificity,10.198039054870605,0.8483160734176636,0.01176378969103098
1499,0,1499,spatial_specificity,10.29563045501709,0.8401540517807007,0.013147098012268543
1499,0,1499,spatial_specificity,10.440306663513184,0.8443886637687683,0.012568498030304909
1499,0,1499,spatial_specificity,10.630146026611328,0.8342707753181458,0.0130153214558959
1499,0,1499,spatial_specificity,10.770329475402832,0.8396428227424622,0.013237083330750465
1499,0,1499,spatial_specificity,10.816654205322266,0.8344817161560059,0.013523733243346214
1499,0,1499,spatial_specificity,11.0,0.8466498255729675,0.010076871141791344
1499,0,1499,spatial_specificity,11.045360565185547,0.8451253771781921,0.010873030871152878
1499,0,1499,spatial_specificity,11.180339813232422,0.8384004831314087,0.012804013676941395
1499,0,1499,spatial_specificity,11.313708305358887,0.8286714553833008,0.013410885818302631
1499,0,1499,spatial_specificity,11.401754379272461,0.8338209986686707,0.013351076282560825
1499,0,1499,spatial_specificity,11.661904335021973,0.8290352821350098,0.014102430082857609
1499,0,1499,spatial_specificity,11.704700469970703,0.8340440988540649,0.013768579810857773
1499,0,1499,spatial_specificity,12.0,0.8412853479385376,0.010525991208851337
1499,0,1499,spatial_specificity,12.041594505310059,0.8317673802375793,0.012478013522922993
1499,0,1499,spatial_specificity,12.083045959472656,0.8289169073104858,0.014245983213186264
1499,0,1499,spatial_specificity,12.16552448272705,0.836882472038269,0.012412868440151215
1499,0,1499,spatial_specificity,12.206555366516113,0.8238288164138794,0.014496563002467155
1499,0,1499,spatial_specificity,12.369317054748535,0.8332791328430176,0.013299631886184216
1499,0,1499,spatial_specificity,12.529964447021484,0.8237530589103699,0.014612538740038872
1499,0,1499,spatial_specificity,12.649110794067383,0.8288105130195618,0.014022798277437687
1499,0,1499,spatial_specificity,12.727921485900879,0.8184499740600586,0.014790690504014492
1499,0,1499,spatial_specificity,12.806248664855957,0.8186710476875305,0.014910847879946232
1499,0,1499,spatial_specificity,13.0,0.8282599449157715,0.012928621843457222
1499,0,1499,spatial_specificity,13.038405418395996,0.8271986842155457,0.012893818318843842
1499,0,1499,spatial_specificity,13.152946472167969,0.8323745727539062,0.01235827524214983
1499,0,1499,spatial_specificity,13.34166431427002,0.828581690788269,0.013279194943606853
1499,0,1499,spatial_specificity,13.416407585144043,0.8188174962997437,0.014938676729798317
1499,0,1499,spatial_specificity,13.45362377166748,0.8137418031692505,0.01540027093142271
1499,0,1499,spatial_specificity,13.601469993591309,0.8190525770187378,0.014749952591955662
1499,0,1499,spatial_specificity,13.892444610595703,0.8139443397521973,0.015515949577093124
1499,0,1499,spatial_specificity,13.928387641906738,0.8193668127059937,0.014750472269952297
1499,0,1499,spatial_specificity,14.0,0.8327264785766602,0.011162971146404743
1499,0,1499,spatial_specificity,14.03566837310791,0.8313562273979187,0.011728091165423393
1499,0,1499,spatial_specificity,14.142135620117188,0.8220754861831665,0.013395973481237888
1499,0,1499,spatial_specificity,14.21267032623291,0.8090914487838745,0.01601504534482956
1499,0,1499,spatial_specificity,14.317821502685547,0.8196120262145996,0.014168712310492992
1499,0,1499,spatial_specificity,14.422204971313477,0.8092123866081238,0.015976058319211006
1499,0,1499,spatial_specificity,14.560219764709473,0.8203282356262207,0.014104403555393219
1499,0,1499,spatial_specificity,14.764822959899902,0.8097623586654663,0.0157273281365633
1499,0,1499,spatial_specificity,14.866068840026855,0.8101719617843628,0.015663644298911095
1499,0,1499,spatial_specificity,15.0,0.8128663897514343,0.013873842544853687
1499,0,1499,spatial_specificity,15.033296585083008,0.8273649215698242,0.012059821747243404
1499,0,1499,spatial_specificity,15.132745742797852,0.8245954513549805,0.012699877843260765
1499,0,1499,spatial_specificity,15.231546401977539,0.8109936714172363,0.015627801418304443
1499,0,1499,spatial_specificity,15.264337539672852,0.8050768971443176,0.01607337035238743
1499,0,1499,spatial_specificity,15.297059059143066,0.8210605382919312,0.013370764441788197
1499,0,1499,spatial_specificity,15.524174690246582,0.8170034289360046,0.014114180579781532
1499,0,1499,spatial_specificity,15.55634880065918,0.7999652624130249,0.01706288754940033
1499,0,1499,spatial_specificity,15.620499610900879,0.7999768257141113,0.016820991411805153
1499,0,1499,spatial_specificity,15.65247631072998,0.8062601089477539,0.016026359051465988
1499,0,1499,spatial_specificity,15.81138801574707,0.8064632415771484,0.01563291810452938
1499,0,1499,spatial_specificity,16.0,0.8246790766716003,0.011738534085452557
1499,0,1499,spatial_specificity,16.031219482421875,0.8234149217605591,0.012173369526863098
1499,0,1499,spatial_specificity,16.124515533447266,0.8113645315170288,0.014085563831031322
1499,0,1499,spatial_specificity,16.155494689941406,0.8077353239059448,0.0159246064722538
1499,0,1499,spatial_specificity,16.278820037841797,0.8068192601203918,0.015113390050828457
1499,0,1499,spatial_specificity,16.401220321655273,0.7960619330406189,0.017143553122878075
1499,0,1499,spatial_specificity,16.492422103881836,0.8134573101997375,0.01440981775522232
1499,0,1499,spatial_specificity,16.552946090698242,0.8032135963439941,0.01645033247768879
1499,0,1499,spatial_specificity,16.6433162689209,0.7969678640365601,0.016875525936484337
1499,0,1499,spatial_specificity,16.76305389404297,0.8090419769287109,0.015457935631275177
1499,0,1499,spatial_specificity,16.970561981201172,0.7915188074111938,0.018217964097857475
1499,0,1499,spatial_specificity,17.0,0.8062488436698914,0.014254921115934849
1499,0,1499,spatial_specificity,17.029386520385742,0.806113064289093,0.01405245065689087
1499,0,1499,spatial_specificity,17.0880069732666,0.8046677708625793,0.016159523278474808
1499,0,1499,spatial_specificity,17.11724281311035,0.8174773454666138,0.012824215926229954
1499,0,1499,spatial_specificity,17.20465087890625,0.7925130724906921,0.01758386753499508
1499,0,1499,spatial_specificity,17.262676239013672,0.8143224716186523,0.013711858540773392
1499,0,1499,spatial_specificity,17.464248657226562,0.8053345680236816,0.015562946908175945
1499,0,1499,spatial_specificity,17.492855072021484,0.7938470840454102,0.017483510076999664
1499,0,1499,spatial_specificity,17.69180679321289,0.7877817153930664,0.01858392544090748
1499,0,1499,spatial_specificity,17.72004508972168,0.8062480092048645,0.01575116068124771
1499,0,1499,spatial_specificity,17.804494857788086,0.7883347272872925,0.018402641639113426
1499,0,1499,spatial_specificity,17.8885440826416,0.7955392003059387,0.017370883375406265
1499,0,1499,spatial_specificity,18.0,0.8182085752487183,0.012270709499716759
1499,0,1499,spatial_specificity,18.027755737304688,0.8029915690422058,0.01487870141863823
1499,0,1499,spatial_specificity,18.11077117919922,0.8144798278808594,0.012985642068088055
1499,0,1499,spatial_specificity,18.248287200927734,0.8112562894821167,0.013848831877112389
1499,0,1499,spatial_specificity,18.357559204101562,0.7910764217376709,0.018123963847756386
1499,0,1499,spatial_specificity,18.384777069091797,0.7931432127952576,0.017559058964252472
1499,0,1499,spatial_specificity,18.439088821411133,0.7963707447052002,0.01650925725698471
1499,0,1499,spatial_specificity,18.601076126098633,0.7854212522506714,0.01909831538796425
1499,0,1499,spatial_specificity,18.681541442871094,0.8038555979728699,0.015884514898061752
1499,0,1499,spatial_specificity,18.788293838500977,0.7930872440338135,0.01779019646346569
1499,0,1499,spatial_specificity,18.867961883544922,0.7867117524147034,0.019097479060292244
1499,0,1499,spatial_specificity,18.973665237426758,0.7996163368225098,0.01659989170730114
1499,0,1499,spatial_specificity,19.0,0.8156277537345886,0.014023675583302975
1499,0,1499,spatial_specificity,19.02629852294922,0.8145503997802734,0.013933575712144375
1499,0,1499,spatial_specificity,19.10497283935547,0.7970662713050842,0.015587703324854374
1499,0,1499,spatial_specificity,19.209373474121094,0.7819563150405884,0.01991773024201393
1499,0,1499,spatial_specificity,19.235383987426758,0.7991870045661926,0.016108447685837746
1499,0,1499,spatial_specificity,19.313207626342773,0.7952569723129272,0.01743721403181553
1499,0,1499,spatial_specificity,19.416488647460938,0.7945352792739868,0.01722138375043869
1499,0,1499,spatial_specificity,19.646883010864258,0.8019403219223022,0.016470206901431084
1499,0,1499,spatial_specificity,19.697715759277344,0.7911290526390076,0.01851382665336132
1499,0,1499,spatial_specificity,19.72308349609375,0.7846345901489258,0.019885752350091934
1499,0,1499,spatial_specificity,19.79899024963379,0.7785296440124512,0.020799357444047928
1499,0,1499,spatial_specificity,19.84943389892578,0.7788421511650085,0.02069311961531639
1499,0,1499,spatial_specificity,19.92485809326172,0.7979615330696106,0.017611730843782425
1499,0,1499,spatial_specificity,20.0,0.7916570901870728,0.016990261152386665
1499,0,1499,spatial_specificity,20.02498435974121,0.8132680654525757,0.015846528112888336
1499,0,1499,spatial_specificity,20.099750518798828,0.8110125660896301,0.015909045934677124
1499,0,1499,spatial_specificity,20.124610900878906,0.7870296239852905,0.019609397277235985
1499,0,1499,spatial_specificity,20.2237491607666,0.8082596063613892,0.01648280769586563
1499,0,1499,spatial_specificity,20.248456954956055,0.7875837683677673,0.01953941024839878
1499,0,1499,spatial_specificity,20.39607810974121,0.8048223257064819,0.017130251973867416
1499,0,1499,spatial_specificity,20.51828384399414,0.7760732769966125,0.021611839532852173
1499,0,1499,spatial_specificity,20.59126091003418,0.7833187580108643,0.020643075928092003
1499,0,1499,spatial_specificity,20.615528106689453,0.789291501045227,0.01923578977584839
1499,0,1499,spatial_specificity,20.808650970458984,0.778307318687439,0.02192499116063118
1499,0,1499,spatial_specificity,20.880613327026367,0.7969538569450378,0.018909156322479248
1499,0,1499,spatial_specificity,21.0,0.8147150874137878,0.01826164312660694
1499,0,1499,spatial_specificity,21.02379608154297,0.8000470995903015,0.017920371145009995
1499,0,1499,spatial_specificity,21.095022201538086,0.7961812019348145,0.018535712733864784
1499,0,1499,spatial_specificity,21.189619064331055,0.7931846976280212,0.019597206264734268
1499,0,1499,spatial_specificity,21.21320343017578,0.7972602248191833,0.01837492175400257
1499,0,1499,spatial_specificity,21.260292053222656,0.7742816209793091,0.022582566365599632
1499,0,1499,spatial_specificity,21.3775577545166,0.8053099513053894,0.01886402815580368
1499,0,1499,spatial_specificity,21.40093421936035,0.7754515409469604,0.022860638797283173
1499,0,1499,spatial_specificity,21.470911026000977,0.7821506857872009,0.021761419251561165
1499,0,1499,spatial_specificity,21.540658950805664,0.7894137501716614,0.020752955228090286
1499,0,1499,spatial_specificity,21.587032318115234,0.8013643026351929,0.019625095650553703
1499,0,1499,spatial_specificity,21.63330841064453,0.7771223783493042,0.022924384102225304
1499,0,1499,spatial_specificity,21.840330123901367,0.7979824542999268,0.02028009481728077
1499,0,1499,spatial_specificity,21.931711196899414,0.7790325880050659,0.02262687124311924
1499,0,1499,spatial_specificity,21.954498291015625,0.7793498039245605,0.023010244593024254
1499,0,1499,spatial_specificity,22.0,0.817142128944397,0.021142682060599327
1499,0,1499,spatial_specificity,22.022714614868164,0.7948442101478577,0.019517410546541214
1499,0,1499,spatial_specificity,22.090721130371094,0.8137165307998657,0.0202208012342453
1499,0,1499,spatial_specificity,22.135944366455078,0.7945305705070496,0.021478621289134026
1499,0,1499,spatial_specificity,22.203603744506836,0.7930797338485718,0.020606782287359238
1499,0,1499,spatial_specificity,22.360679626464844,0.7957345247268677,0.021440723910927773
1499,0,1499,spatial_specificity,22.472204208374023,0.7843323349952698,0.023732304573059082
1499,0,1499,spatial_specificity,22.56102752685547,0.8053125143051147,0.021714743226766586
1499,0,1499,spatial_specificity,22.627416610717773,0.771634042263031,0.02564067393541336
1499,0,1499,spatial_specificity,22.671567916870117,0.7721610069274902,0.025758175179362297
1499,0,1499,spatial_specificity,22.803508758544922,0.7877920269966125,0.024149959906935692
1499,0,1499,spatial_specificity,22.825424194335938,0.7812445759773254,0.025705913081765175
1499,0,1499,spatial_specificity,22.847320556640625,0.78862065076828,0.024798983708024025
1499,0,1499,spatial_specificity,23.0,0.8218817710876465,0.025060048326849937
1499,0,1499,spatial_specificity,23.021728515625,0.7988103032112122,0.023425139486789703
1499,0,1499,spatial_specificity,23.086793899536133,0.8094127774238586,0.024549951776862144
1499,0,1499,spatial_specificity,23.194828033447266,0.8175158500671387,0.02578308992087841
1499,0,1499,spatial_specificity,23.25940704345703,0.7870758771896362,0.027790650725364685
1499,0,1499,spatial_specificity,23.323808670043945,0.7802717089653015,0.029134932905435562
1499,0,1499,spatial_specificity,23.345233917236328,0.7942163348197937,0.025984572246670723
1499,0,1499,spatial_specificity,23.409400939941406,0.7967172861099243,0.028316941112279892
1499,0,1499,spatial_specificity,23.430747985839844,0.7746411561965942,0.02999446541070938
1499,0,1499,spatial_specificity,23.53720474243164,0.8122096061706543,0.027481721714138985
1499,0,1499,spatial_specificity,23.600847244262695,0.7769806981086731,0.031230619177222252
1499,0,1499,spatial_specificity,23.706539154052734,0.7864936590194702,0.03175473213195801
1499,0,1499,spatial_specificity,23.769729614257812,0.8022955060005188,0.030272886157035828
1499,0,1499,spatial_specificity,23.853721618652344,0.7808113098144531,0.033200979232788086
1499,0,1499,spatial_specificity,24.0,0.831242561340332,0.031295839697122574
1499,0,1499,spatial_specificity,24.020824432373047,0.8300345540046692,0.03082658350467682
1499,0,1499,spatial_specificity,24.0416316986084,0.7973039150238037,0.03246171399950981
1499,0,1499,spatial_specificity,24.083189010620117,0.8033987879753113,0.03012213297188282
1499,0,1499,spatial_specificity,24.166091918945312,0.794802188873291,0.03514748439192772
1499,0,1499,spatial_specificity,24.1867733001709,0.8066652417182922,0.031217925250530243
1499,0,1499,spatial_specificity,24.207435607910156,0.7809330821037292,0.03701309114694595
1499,0,1499,spatial_specificity,24.3310489654541,0.8242164850234985,0.030548417940735817
1499,0,1499,spatial_specificity,24.351591110229492,0.805567741394043,0.03486930578947067
1499,0,1499,spatial_specificity,24.413110733032227,0.7841291427612305,0.03856182470917702
1499,0,1499,spatial_specificity,24.515300750732422,0.8216911554336548,0.03156797215342522
1499,0,1499,spatial_specificity,24.59674835205078,0.7948719263076782,0.03827045485377312
1499,0,1499,spatial_specificity,24.698179244995117,0.7969537973403931,0.03849256783723831
1499,0,1499,spatial_specificity,24.73863410949707,0.81928950548172,0.03314580023288727
1499,0,1499,spatial_specificity,24.75883674621582,0.7862059473991394,0.042851146310567856
1499,0,1499,spatial_specificity,24.83948516845703,0.7876265645027161,0.04338827729225159
1499,0,1499,spatial_specificity,25.0,0.811066746711731,0.03612617775797844
1499,0,1499,spatial_specificity,25.01999282836914,0.8406922221183777,0.03165305778384209
1499,0,1499,spatial_specificity,25.05992889404297,0.7966798543930054,0.041397880762815475
1499,0,1499,spatial_specificity,25.079872131347656,0.821876049041748,0.033590417355298996
1499,0,1499,spatial_specificity,25.179357528686523,0.8379851579666138,0.031523048877716064
1499,0,1499,spatial_specificity,25.238859176635742,0.7947827577590942,0.04462246969342232
1499,0,1499,spatial_specificity,25.298221588134766,0.8166069984436035,0.036986760795116425
1499,0,1499,spatial_specificity,25.317977905273438,0.8359652757644653,0.032499171793460846
1499,0,1499,spatial_specificity,25.455842971801758,0.7949507832527161,0.04928905516862869
1499,0,1499,spatial_specificity,25.495098114013672,0.8114412426948547,0.040322866290807724
1499,0,1499,spatial_specificity,25.553865432739258,0.8012722730636597,0.045084428042173386
1499,0,1499,spatial_specificity,25.612497329711914,0.7983119487762451,0.04943545162677765
1499,0,1499,spatial_specificity,25.63201141357422,0.8167742490768433,0.038732774555683136
1499,0,1499,spatial_specificity,25.709918975830078,0.8324128985404968,0.03432679548859596
1499,0,1499,spatial_specificity,25.806976318359375,0.8026917576789856,0.049541689455509186
1499,0,1499,spatial_specificity,25.942243576049805,0.8108549118041992,0.045538630336523056
1499,0,1499,spatial_specificity,25.961509704589844,0.8318108320236206,0.0353284552693367
1499,0,1499,spatial_specificity,26.0,0.8309070467948914,0.03546818345785141
1499,0,1499,spatial_specificity,26.019224166870117,0.8548423051834106,0.030085371807217598
1499,0,1499,spatial_specificity,26.076810836791992,0.830712616443634,0.03785279765725136
1499,0,1499,spatial_specificity,26.172504425048828,0.8281568288803101,0.04000983014702797
1499,0,1499,spatial_specificity,26.248809814453125,0.8194282650947571,0.044203002005815506
1499,0,1499,spatial_specificity,26.305892944335938,0.8519441485404968,0.031048445031046867
1499,0,1499,spatial_specificity,26.400758743286133,0.8167595863342285,0.0482734851539135
1499,0,1499,spatial_specificity,26.419689178466797,0.8177933692932129,0.049200788140296936
1499,0,1499,spatial_specificity,26.476404190063477,0.8510385751724243,0.03137826547026634
1499,0,1499,spatial_specificity,26.570661544799805,0.8340390920639038,0.038866255432367325
1499,0,1499,spatial_specificity,26.62705421447754,0.8174946904182434,0.052570048719644547
1499,0,1499,spatial_specificity,26.68332862854004,0.8510543704032898,0.03261372447013855
1499,0,1499,spatial_specificity,26.832815170288086,0.828549861907959,0.04726286977529526
1499,0,1499,spatial_specificity,26.870058059692383,0.817933201789856,0.05405018851161003
1499,0,1499,spatial_specificity,26.90724754333496,0.8180819749832153,0.053462736308574677
1499,0,1499,spatial_specificity,26.925825119018555,0.8380306959152222,0.04210419952869415
1499,0,1499,spatial_specificity,27.0,0.8705866932868958,0.025235122069716454
1499,0,1499,spatial_specificity,27.018512725830078,0.8451583981513977,0.037763919681310654
1499,0,1499,spatial_specificity,27.073972702026367,0.8687924742698669,0.026112092658877373
1499,0,1499,spatial_specificity,27.166154861450195,0.8682560324668884,0.02649596519768238
1499,0,1499,spatial_specificity,27.202939987182617,0.8392195701599121,0.04396394267678261
1499,0,1499,spatial_specificity,27.294689178466797,0.8528445363044739,0.03818434476852417
1499,0,1499,spatial_specificity,27.312999725341797,0.8421460390090942,0.044211965054273605
1499,0,1499,spatial_specificity,27.459060668945312,0.8478337526321411,0.037297919392585754
1499,0,1499,spatial_specificity,27.51363182067871,0.8525651693344116,0.036796893924474716
1499,0,1499,spatial_specificity,27.58622932434082,0.8239530920982361,0.05155465751886368
1499,0,1499,spatial_specificity,27.658634185791016,0.8476718068122864,0.04028166085481644
1499,0,1499,spatial_specificity,27.730850219726562,0.8443552255630493,0.044283486902713776
1499,0,1499,spatial_specificity,27.784889221191406,0.8405855894088745,0.04778493940830231
1499,0,1499,spatial_specificity,27.80287742614746,0.8353192210197449,0.05195033177733421
1499,0,1499,spatial_specificity,27.856775283813477,0.855832040309906,0.03948020190000534
1499,0,1499,spatial_specificity,27.89265251159668,0.8704543113708496,0.03249635919928551
1499,0,1499,spatial_specificity,28.0,0.8930929899215698,0.02538331225514412
1499,0,1499,spatial_specificity,28.017852783203125,0.8649042844772339,0.0358029305934906
1499,0,1499,spatial_specificity,28.07133674621582,0.8908469676971436,0.026445098221302032
1499,0,1499,spatial_specificity,28.160255432128906,0.8807919025421143,0.029111206531524658
1499,0,1499,spatial_specificity,28.17800521850586,0.8515714406967163,0.045892830938100815
1499,0,1499,spatial_specificity,28.231189727783203,0.8602585792541504,0.04204631224274635
1499,0,1499,spatial_specificity,28.284271240234375,0.8706258535385132,0.03242097049951553
1499,0,1499,spatial_specificity,28.301944732666016,0.8494840860366821,0.049191031605005264
1499,0,1499,spatial_specificity,28.319604873657227,0.8381605744361877,0.05174404755234718
1499,0,1499,spatial_specificity,28.42534065246582,0.8425828218460083,0.052321258932352066
1499,0,1499,spatial_specificity,28.44292640686035,0.8889254331588745,0.026937365531921387
1499,0,1499,spatial_specificity,28.460498809814453,0.8717114329338074,0.0346798337996006
1499,0,1499,spatial_specificity,28.60070037841797,0.8483567833900452,0.05100731551647186
1499,0,1499,spatial_specificity,28.635643005371094,0.8747442960739136,0.03411852940917015
1499,0,1499,spatial_specificity,28.65309715270996,0.8558667898178101,0.04642109200358391
1499,0,1499,spatial_specificity,28.792360305786133,0.8743140697479248,0.03536026552319527
1499,0,1499,spatial_specificity,28.844409942626953,0.8525319695472717,0.04900601878762245
1499,0,1499,spatial_specificity,28.861740112304688,0.8877339363098145,0.02712060511112213
1499,0,1499,spatial_specificity,29.0,0.8686614036560059,0.04269835725426674
1499,0,1499,spatial_specificity,29.017236709594727,0.9106659889221191,0.02352750487625599
1499,0,1499,spatial_specificity,29.068883895874023,0.8729199171066284,0.03800633177161217
1499,0,1499,spatial_specificity,29.120439529418945,0.8877202272415161,0.02764844335615635
1499,0,1499,spatial_specificity,29.15475845336914,0.8805198073387146,0.033508241176605225
1499,0,1499,spatial_specificity,29.20616340637207,0.8572885990142822,0.05021984875202179
1499,0,1499,spatial_specificity,29.27456283569336,0.9059342741966248,0.020854294300079346
1499,0,1499,spatial_specificity,29.4108829498291,0.8752962350845337,0.03756512328982353
1499,0,1499,spatial_specificity,29.42787742614746,0.904716432094574,0.020085059106349945
1499,0,1499,spatial_specificity,29.529645919799805,0.8700030446052551,0.0417834036052227
1499,0,1499,spatial_specificity,29.546573638916016,0.875713050365448,0.03580688312649727
1499,0,1499,spatial_specificity,29.614185333251953,0.903689444065094,0.021369267255067825
1499,0,1499,spatial_specificity,29.681644439697266,0.867511510848999,0.043455030769109726
1499,0,1499,spatial_specificity,29.698484420776367,0.8590521216392517,0.0497940257191658
1499,0,1499,spatial_specificity,29.73213768005371,0.8725587129592896,0.038474369794130325
1499,0,1499,spatial_specificity,29.832868576049805,0.8792202472686768,0.03499079495668411
1499,0,1499,spatial_specificity,29.96664810180664,0.8770225644111633,0.03654952347278595
1499,0,1499,spatial_specificity,30.0,0.878649890422821,0.03698146343231201
1499,0,1499,spatial_specificity,30.01666259765625,0.8889643549919128,0.028906596824526787
1499,0,1499,spatial_specificity,30.066593170166016,0.9147969484329224,0.011651108972728252
1499,0,1499,spatial_specificity,30.08321762084961,0.8876211047172546,0.025258073583245277
1499,0,1499,spatial_specificity,30.149627685546875,0.9125561118125916,0.011816278100013733
1499,0,1499,spatial_specificity,30.232433319091797,0.8682767152786255,0.04094786196947098
1499,0,1499,spatial_specificity,30.265491485595703,0.9107791781425476,0.0116938641294837
1499,0,1499,spatial_specificity,30.36445426940918,0.8921706676483154,0.023204313591122627
1499,0,1499,spatial_specificity,30.4138126373291,0.8789983987808228,0.03374022990465164
1499,0,1499,spatial_specificity,30.463092803955078,0.8856233358383179,0.0317528173327446
1499,0,1499,spatial_specificity,30.479501724243164,0.868912935256958,0.04279039427638054
1499,0,1499,spatial_specificity,30.528675079345703,0.8734192848205566,0.03961041569709778
1499,0,1499,spatial_specificity,30.594118118286133,0.9076354503631592,0.01278603170067072
1499,0,1499,spatial_specificity,30.610454559326172,0.8719978332519531,0.04070485383272171
1499,0,1499,spatial_specificity,30.675724029541016,0.8913722038269043,0.025289403274655342
1499,0,1499,spatial_specificity,30.805843353271484,0.8865339756011963,0.03166881576180458
1499,0,1499,spatial_specificity,30.870698928833008,0.8857159614562988,0.03178280219435692
1499,0,1499,spatial_specificity,30.886890411376953,0.8814006447792053,0.03575115278363228
1499,0,1499,spatial_specificity,31.0,0.9324867725372314,0.012988118454813957
1499,0,1499,spatial_specificity,31.016124725341797,0.9035487174987793,0.017787210643291473
1499,0,1499,spatial_specificity,31.048349380493164,0.9045991897583008,0.017228377982974052
1499,0,1499,spatial_specificity,31.064449310302734,0.8937828540802002,0.030940912663936615
1499,0,1499,spatial_specificity,31.11269760131836,0.8742045760154724,0.04173628240823746
1499,0,1499,spatial_specificity,31.14482307434082,0.8877204060554504,0.03457546606659889
1499,0,1499,spatial_specificity,31.240999221801758,0.8766128420829773,0.039137836545705795
1499,0,1499,spatial_specificity,31.256999969482422,0.926321804523468,0.010240491479635239
1499,0,1499,spatial_specificity,31.30495262145996,0.8845720291137695,0.0316261351108551
1499,0,1499,spatial_specificity,31.320920944213867,0.9034353494644165,0.02025853842496872
1499,0,1499,spatial_specificity,31.384708404541016,0.8889896869659424,0.030930303037166595
1499,0,1499,spatial_specificity,31.400636672973633,0.8911318182945251,0.032589737325906754
1499,0,1499,spatial_specificity,31.575305938720703,0.9212529063224792,0.012725926004350185
1499,0,1499,spatial_specificity,31.62277603149414,0.8882551193237305,0.03137196972966194
1499,0,1499,spatial_specificity,31.764760971069336,0.8888877630233765,0.03065820038318634
1499,0,1499,spatial_specificity,31.780498504638672,0.8977910876274109,0.025049176067113876
1499,0,1499,spatial_specificity,31.827659606933594,0.8767027258872986,0.041680820286273956
1499,0,1499,spatial_specificity,31.890438079833984,0.8788698315620422,0.04137413948774338
1499,0,1499,spatial_specificity,31.906112670898438,0.8881431818008423,0.03488033637404442
1499,0,1499,spatial_specificity,31.95309066772461,0.9019758105278015,0.02651342749595642
1499,0,1499,spatial_specificity,32.015621185302734,0.8859880566596985,0.03358534350991249
1499,0,1499,spatial_specificity,32.202484130859375,0.8922995328903198,0.031884267926216125
1499,0,1499,spatial_specificity,32.24903106689453,0.89547199010849,0.031912241131067276
1499,0,1499,spatial_specificity,32.280025482177734,0.9066667556762695,0.013887428678572178
1499,0,1499,spatial_specificity,32.31098937988281,0.9018657803535461,0.028234262019395828
1499,0,1499,spatial_specificity,32.4499626159668,0.8878774046897888,0.035062916576862335
1499,0,1499,spatial_specificity,32.526912689208984,0.8687627911567688,0.037445470690727234
1499,0,1499,spatial_specificity,32.557640075683594,0.8699398040771484,0.03740964084863663
1499,0,1499,spatial_specificity,32.572994232177734,0.9046869277954102,0.015112982131540775
1499,0,1499,spatial_specificity,32.649654388427734,0.8874037861824036,0.03233393281698227
1499,0,1499,spatial_specificity,32.69556427001953,0.888766884803772,0.027887428179383278
1499,0,1499,spatial_specificity,32.75667953491211,0.8831535577774048,0.03225027769804001
1499,0,1499,spatial_specificity,32.80244064331055,0.8819466233253479,0.03437105938792229
1499,0,1499,spatial_specificity,32.893768310546875,0.8985896110534668,0.01441083662211895
1499,0,1499,spatial_specificity,33.0151481628418,0.8830504417419434,0.033616241067647934
1499,0,1499,spatial_specificity,33.105892181396484,0.884955644607544,0.02820178121328354
1499,0,1499,spatial_specificity,33.12099075317383,0.8824143409729004,0.028055431321263313
1499,0,1499,spatial_specificity,33.241539001464844,0.8770526647567749,0.029667887836694717
1499,0,1499,spatial_specificity,33.2866325378418,0.8748816847801208,0.0309528186917305
1499,0,1499,spatial_specificity,33.30165100097656,0.8734659552574158,0.03307288885116577
1499,0,1499,spatial_specificity,33.42155075073242,0.8794909715652466,0.03312331810593605
1499,0,1499,spatial_specificity,33.541019439697266,0.878329336643219,0.026279523968696594
1499,0,1499,spatial_specificity,33.60059356689453,0.8767125010490417,0.03201984241604805
1499,0,1499,spatial_specificity,33.615474700927734,0.883414089679718,0.023970939218997955
1499,0,1499,spatial_specificity,33.83784866333008,0.8825330138206482,0.02880489081144333
1499,0,1499,spatial_specificity,33.941123962402344,0.8876750469207764,0.032619450241327286
1499,0,1499,spatial_specificity,33.97057342529297,0.8886987566947937,0.03235146403312683
1499,0,1499,spatial_specificity,34.0,0.8818137645721436,0.026875944808125496
1499,0,1499,spatial_specificity,34.01470184326172,0.8987744450569153,0.014441495761275291
1499,0,1499,spatial_specificity,34.058773040771484,0.8824661374092102,0.03236844018101692
1499,0,1499,spatial_specificity,34.13209533691406,0.8855764865875244,0.026395583525300026
1499,0,1499,spatial_specificity,34.20526123046875,0.8853768706321716,0.029595334082841873
1499,0,1499,spatial_specificity,34.4093017578125,0.8733494877815247,0.018007397651672363
1499,0,1499,spatial_specificity,34.438350677490234,0.9041268825531006,0.018419241532683372
1499,0,1499,spatial_specificity,34.48188018798828,0.8684167265892029,0.015224218368530273
1499,0,1499,spatial_specificity,34.65544891357422,0.8712313175201416,0.019691646099090576
1499,0,1499,spatial_specificity,34.66987228393555,0.875171959400177,0.013714373111724854
1499,0,1499,spatial_specificity,34.71310806274414,0.8736006021499634,0.018158167600631714
1499,0,1499,spatial_specificity,34.828147888183594,0.8758465051651001,0.016624480485916138
1499,0,1499,spatial_specificity,34.885528564453125,0.8938043117523193,0.013395637273788452
1499,0,1499,spatial_specificity,34.98571014404297,0.8709548115730286,0.013013303279876709
1499,0,1499,spatial_specificity,35.0,0.8780161142349243,0.014094531536102295
1499,0,1499,spatial_specificity,35.22782897949219,0.8788252472877502,0.0105360746383667
1499,0,1499,spatial_specificity,35.35533905029297,0.8832588195800781,0.011187613010406494
1499,0,1499,spatial_specificity,35.38361358642578,0.8805675506591797,0.012717366218566895
1499,0,1499,spatial_specificity,35.46829605102539,0.8819056153297424,0.011941313743591309
1499,0,1499,spatial_specificity,35.510562896728516,0.8742245435714722,0.01001805067062378
1499,0,1499,spatial_specificity,35.60898971557617,0.8818981647491455,0.011047929525375366
1499,0,1499,spatial_specificity,35.80502700805664,0.8813226222991943,0.008256226778030396
1499,0,1499,spatial_specificity,35.84689712524414,0.8995331525802612,0.00713840126991272
1499,0,1499,spatial_specificity,36.055511474609375,0.8768404126167297,0.009250164031982422
1499,0,1499,spatial_specificity,36.06937789916992,0.8858997225761414,0.007784903049468994
1499,0,1499,spatial_specificity,36.12478256225586,0.88658607006073,0.007669419050216675
1499,0,1499,spatial_specificity,36.2353401184082,0.8868036270141602,0.006887853145599365
1499,0,1499,spatial_specificity,36.359317779541016,0.9034301042556763,0.004528790712356567
1499,0,1499,spatial_specificity,36.400550842285156,0.8842697143554688,0.005860954523086548
1499,0,1499,spatial_specificity,36.619667053222656,0.8790158629417419,0.009266078472137451
1499,0,1499,spatial_specificity,36.769554138183594,0.890317440032959,0.0050283074378967285
1499,0,1499,spatial_specificity,36.79673767089844,0.8902612924575806,0.004629671573638916
1499,0,1499,spatial_specificity,36.878177642822266,0.8896861672401428,0.004256010055541992
1499,0,1499,spatial_specificity,36.8917350769043,0.9058234691619873,0.0041522979736328125
1499,0,1499,spatial_specificity,37.013511657714844,0.886400580406189,0.004644334316253662
1499,0,1499,spatial_specificity,37.202152252197266,0.8815547227859497,0.00893712043762207
1499,0,1499,spatial_specificity,37.44329071044922,0.909758985042572,0.003291189670562744
1499,0,1499,spatial_specificity,37.48332977294922,0.8926892280578613,0.00362512469291687
1499,0,1499,spatial_specificity,37.53664779663086,0.8914613127708435,0.003287374973297119
1499,0,1499,spatial_specificity,37.643062591552734,0.888543963432312,0.002954930067062378
1499,0,1499,spatial_specificity,37.80211639404297,0.8849868774414062,0.009072571992874146
1499,0,1499,spatial_specificity,38.01315689086914,0.9135712385177612,0.004302293062210083
1499,0,1499,spatial_specificity,38.18376541137695,0.8945303559303284,0.0032543540000915527
1499,0,1499,spatial_specificity,38.20994567871094,0.8935952186584473,0.002768903970718384
1499,0,1499,spatial_specificity,38.28837966918945,0.890005350112915,0.001986563205718994
1499,0,1499,spatial_specificity,38.41874694824219,0.8878253698348999,0.00959804654121399
1499,0,1499,spatial_specificity,38.60051727294922,0.917432963848114,0.005805492401123047
1499,0,1499,spatial_specificity,38.897300720214844,0.8958783149719238,0.0030983686447143555
1499,0,1499,spatial_specificity,38.94868469238281,0.8934904336929321,0.001667022705078125
1499,0,1499,spatial_specificity,39.051246643066406,0.8921489119529724,0.009667634963989258
1499,0,1499,spatial_specificity,39.20458984375,0.9167323112487793,1.6748905181884766e-05
1499,0,1499,spatial_specificity,39.59798049926758,0.8974025249481201,0.0035791397094726562
1499,0,1499,spatial_specificity,39.623226165771484,0.8966414928436279,0.002083390951156616
1499,0,1499,spatial_specificity,39.69886779785156,0.8984458446502686,0.010313957929611206
1499,0,1499,spatial_specificity,39.824615478515625,0.9191452264785767,0.003730863332748413
1499,0,1499,spatial_specificity,40.31128692626953,0.8997251987457275,0.0033783912658691406
1499,0,1499,spatial_specificity,40.360870361328125,0.9035797715187073,0.011674880981445312
1499,0,1499,spatial_specificity,40.45985794067383,0.9247719645500183,0.0
1499,0,1499,spatial_specificity,41.01219177246094,0.9064602851867676,0.005670875310897827
1499,0,1499,spatial_specificity,41.03656768798828,0.9084607362747192,0.012533038854598999
1499,0,1499,spatial_specificity,41.1096076965332,0.9311280250549316,0.0
1499,0,1499,spatial_specificity,41.72529220581055,0.9153833389282227,0.012109369039535522
1499,0,1499,spatial_specificity,41.773197174072266,0.9357614517211914,0.0
1499,0,1499,spatial_specificity,42.42640686035156,0.9256868362426758,0.009751826524734497
1499,0,1499,spatial_specificity,42.44997024536133,0.9386582374572754,0.0
1499,0,1499,spatial_specificity,43.13930892944336,0.9463025331497192,0.0
1999,1,1999,cls_effective_rank,,12.135696411132812,0.8004380464553833
1999,1,1999,patch_effective_rank,,68.27995300292969,7.467998027801514
1999,1,1999,mean_off_diagonal_similarity,,0.8236293792724609,0.014198931865394115
1999,1,1999,spatial_specificity_correlation,,-0.37834832072257996,0.05025079846382141
1999,1,1999,spatial_specificity,1.0,0.9716714024543762,0.0028493343852460384
1999,1,1999,spatial_specificity,1.4142135381698608,0.9597333073616028,0.0038190651684999466
1999,1,1999,spatial_specificity,2.0,0.9467231631278992,0.0047259703278541565
1999,1,1999,spatial_specificity,2.2360680103302,0.9406827688217163,0.0050994218327105045
1999,1,1999,spatial_specificity,2.8284270763397217,0.928189754486084,0.006371632218360901
1999,1,1999,spatial_specificity,3.0,0.926785945892334,0.005506632849574089
1999,1,1999,spatial_specificity,3.1622776985168457,0.9231513738632202,0.005700445268303156
1999,1,1999,spatial_specificity,3.605551242828369,0.9148485064506531,0.006747368257492781
1999,1,1999,spatial_specificity,4.0,0.9101614952087402,0.006095179822295904
1999,1,1999,spatial_specificity,4.123105525970459,0.9074631929397583,0.006161427590996027
1999,1,1999,spatial_specificity,4.242640495300293,0.9038852453231812,0.007608006242662668
1999,1,1999,spatial_specificity,4.4721360206604,0.901093602180481,0.00704205920919776
1999,1,1999,spatial_specificity,5.0,0.8929238319396973,0.007526686415076256
1999,1,1999,spatial_specificity,5.099019527435303,0.8930217027664185,0.006911996752023697
1999,1,1999,spatial_specificity,5.385164737701416,0.8876522779464722,0.007335950620472431
1999,1,1999,spatial_specificity,5.656854152679443,0.8810673952102661,0.008715895935893059
1999,1,1999,spatial_specificity,5.830952167510986,0.8795748949050903,0.008167734369635582
1999,1,1999,spatial_specificity,6.0,0.8824016451835632,0.007345310412347317
1999,1,1999,spatial_specificity,6.082762241363525,0.8803055882453918,0.007525085937231779
1999,1,1999,spatial_specificity,6.324555397033691,0.8755402565002441,0.007717829197645187
1999,1,1999,spatial_specificity,6.4031243324279785,0.8700453639030457,0.008900916203856468
1999,1,1999,spatial_specificity,6.7082037925720215,0.8683419227600098,0.008332791738212109
1999,1,1999,spatial_specificity,7.0,0.8709651231765747,0.007636971306055784
1999,1,1999,spatial_specificity,7.071067810058594,0.8662019968032837,0.008305715397000313
1999,1,1999,spatial_specificity,7.211102485656738,0.8597586750984192,0.009041435085237026
1999,1,1999,spatial_specificity,7.280109882354736,0.8648215532302856,0.008111798204481602
1999,1,1999,spatial_specificity,7.6157732009887695,0.8583685755729675,0.00860960129648447
1999,1,1999,spatial_specificity,7.8102498054504395,0.8507407307624817,0.009678726084530354
1999,1,1999,spatial_specificity,8.0,0.8609195947647095,0.00795828364789486
1999,1,1999,spatial_specificity,8.062257766723633,0.8547846078872681,0.00872782338410616
1999,1,1999,spatial_specificity,8.246211051940918,0.8550524711608887,0.00869161169975996
1999,1,1999,spatial_specificity,8.485280990600586,0.8420196771621704,0.010043615475296974
1999,1,1999,spatial_specificity,8.5440034866333,0.8490233421325684,0.00922804232686758
1999,1,1999,spatial_specificity,8.602325439453125,0.8421075940132141,0.009970864281058311
1999,1,1999,spatial_specificity,8.9442720413208,0.8417536020278931,0.009794407524168491
1999,1,1999,spatial_specificity,9.0,0.8519156575202942,0.008512414991855621
1999,1,1999,spatial_specificity,9.05538558959961,0.8500947952270508,0.008878817781805992
1999,1,1999,spatial_specificity,9.219544410705566,0.8400396108627319,0.009690298698842525
1999,1,1999,spatial_specificity,9.433980941772461,0.8339734077453613,0.010393892414867878
1999,1,1999,spatial_specificity,9.486832618713379,0.8406091928482056,0.009882700629532337
1999,1,1999,spatial_specificity,9.848857879638672,0.8338608741760254,0.010496316477656364
1999,1,1999,spatial_specificity,9.899495124816895,0.8260400891304016,0.010502498596906662
1999,1,1999,spatial_specificity,10.0,0.8323508501052856,0.009965999983251095
1999,1,1999,spatial_specificity,10.049875259399414,0.8422867059707642,0.00928608700633049
1999,1,1999,spatial_specificity,10.198039054870605,0.8383995890617371,0.009956954047083855
1999,1,1999,spatial_specificity,10.29563045501709,0.8266654014587402,0.01105746440589428
1999,1,1999,spatial_specificity,10.440306663513184,0.8332468271255493,0.010517971590161324
1999,1,1999,spatial_specificity,10.630146026611328,0.8189883232116699,0.011018221266567707
1999,1,1999,spatial_specificity,10.770329475402832,0.8269575834274292,0.011085115373134613
1999,1,1999,spatial_specificity,10.816654205322266,0.8195282816886902,0.01145689282566309
1999,1,1999,spatial_specificity,11.0,0.8374773859977722,0.009525345638394356
1999,1,1999,spatial_specificity,11.045360565185547,0.8357267379760742,0.009865746833384037
1999,1,1999,spatial_specificity,11.180339813232422,0.8261615633964539,0.01102146040648222
1999,1,1999,spatial_specificity,11.313708305358887,0.8122191429138184,0.011312431655824184
1999,1,1999,spatial_specificity,11.401754379272461,0.8199375867843628,0.011316359974443913
1999,1,1999,spatial_specificity,11.661904335021973,0.813276469707489,0.012082554399967194
1999,1,1999,spatial_specificity,11.704700469970703,0.8209614753723145,0.011678208597004414
1999,1,1999,spatial_specificity,12.0,0.8319063186645508,0.010244159959256649
1999,1,1999,spatial_specificity,12.041594505310059,0.8183339238166809,0.011069858446717262
1999,1,1999,spatial_specificity,12.083045959472656,0.814234733581543,0.012165884487330914
1999,1,1999,spatial_specificity,12.16552448272705,0.8265253305435181,0.011101237498223782
1999,1,1999,spatial_specificity,12.206555366516113,0.8067843317985535,0.012432379648089409
1999,1,1999,spatial_specificity,12.369317054748535,0.8216331601142883,0.011636147275567055
1999,1,1999,spatial_specificity,12.529964447021484,0.8075687289237976,0.01257226150482893
1999,1,1999,spatial_specificity,12.649110794067383,0.8156062364578247,0.012050352059304714
1999,1,1999,spatial_specificity,12.727921485900879,0.8001570701599121,0.012967881746590137
1999,1,1999,spatial_specificity,12.806248664855957,0.8005449175834656,0.012966420501470566
1999,1,1999,spatial_specificity,13.0,0.8152276277542114,0.011691488325595856
1999,1,1999,spatial_specificity,13.038405418395996,0.8136507868766785,0.011745349504053593
1999,1,1999,spatial_specificity,13.152946472167969,0.8219650387763977,0.011400575749576092
1999,1,1999,spatial_specificity,13.34166431427002,0.8169334530830383,0.011951616033911705
1999,1,1999,spatial_specificity,13.416407585144043,0.8024479150772095,0.013042082078754902
1999,1,1999,spatial_specificity,13.45362377166748,0.7946599721908569,0.013698551803827286
1999,1,1999,spatial_specificity,13.601469993591309,0.8031712770462036,0.013004426844418049
1999,1,1999,spatial_specificity,13.892444610595703,0.7962626218795776,0.013648980297148228
1999,1,1999,spatial_specificity,13.928387641906738,0.804521381855011,0.012934700585901737
1999,1,1999,spatial_specificity,14.0,0.8232447504997253,0.011412338353693485
1999,1,1999,spatial_specificity,14.03566837310791,0.8216239809989929,0.01158079318702221
1999,1,1999,spatial_specificity,14.142135620117188,0.8085464239120483,0.012443622574210167
1999,1,1999,spatial_specificity,14.21267032623291,0.7895399928092957,0.014456002041697502
1999,1,1999,spatial_specificity,14.317821502685547,0.8056170344352722,0.012749820947647095
1999,1,1999,spatial_specificity,14.422204971313477,0.7903763651847839,0.014310573227703571
1999,1,1999,spatial_specificity,14.560219764709473,0.8071221113204956,0.012658038176596165
1999,1,1999,spatial_specificity,14.764822959899902,0.7920443415641785,0.014071322046220303
1999,1,1999,spatial_specificity,14.866068840026855,0.7926638722419739,0.014039278961718082
1999,1,1999,spatial_specificity,15.0,0.7965878844261169,0.01336965523660183
1999,1,1999,spatial_specificity,15.033296585083008,0.8176395297050476,0.012439688667654991
1999,1,1999,spatial_specificity,15.132745742797852,0.8140891194343567,0.012483546510338783
1999,1,1999,spatial_specificity,15.231546401977539,0.7947420477867126,0.013886770233511925
1999,1,1999,spatial_specificity,15.264337539672852,0.786202609539032,0.014592539519071579
1999,1,1999,spatial_specificity,15.297059059143066,0.8093550801277161,0.0125568313524127
1999,1,1999,spatial_specificity,15.524174690246582,0.8038288950920105,0.012894921936094761
1999,1,1999,spatial_specificity,15.55634880065918,0.7792363166809082,0.015645455569028854
1999,1,1999,spatial_specificity,15.620499610900879,0.779510498046875,0.015450351871550083
1999,1,1999,spatial_specificity,15.65247631072998,0.7886626124382019,0.014403545297682285
1999,1,1999,spatial_specificity,15.81138801574707,0.7892575263977051,0.014205992221832275
1999,1,1999,spatial_specificity,16.0,0.8152286410331726,0.013042262755334377
1999,1,1999,spatial_specificity,16.031219482421875,0.8137235641479492,0.01304676290601492
1999,1,1999,spatial_specificity,16.124515533447266,0.7967969179153442,0.01348427776247263
1999,1,1999,spatial_specificity,16.155494689941406,0.7916616201400757,0.014335313811898232
1999,1,1999,spatial_specificity,16.278820037841797,0.7905879020690918,0.014136668294668198
1999,1,1999,spatial_specificity,16.401220321655273,0.7755511999130249,0.015687070786952972
1999,1,1999,spatial_specificity,16.492422103881836,0.8005073666572571,0.013378430157899857
1999,1,1999,spatial_specificity,16.552946090698242,0.7857546806335449,0.014913150109350681
1999,1,1999,spatial_specificity,16.6433162689209,0.777275562286377,0.01546036172658205
1999,1,1999,spatial_specificity,16.76305389404297,0.7946358323097229,0.014226026833057404
1999,1,1999,spatial_specificity,16.970561981201172,0.7704171538352966,0.016774868592619896
1999,1,1999,spatial_specificity,17.0,0.7907881736755371,0.013973931781947613
1999,1,1999,spatial_specificity,17.029386520385742,0.7909405827522278,0.013966457918286324
1999,1,1999,spatial_specificity,17.0880069732666,0.788741409778595,0.014821138232946396
1999,1,1999,spatial_specificity,17.11724281311035,0.8072589635848999,0.013330193236470222
1999,1,1999,spatial_specificity,17.20465087890625,0.7721832394599915,0.01618359610438347
1999,1,1999,spatial_specificity,17.262676239013672,0.8030121922492981,0.013459421694278717
1999,1,1999,spatial_specificity,17.464248657226562,0.7903496026992798,0.014512588270008564
1999,1,1999,spatial_specificity,17.492855072021484,0.7743386626243591,0.016252798959612846
1999,1,1999,spatial_specificity,17.69180679321289,0.7666054964065552,0.017048204317688942
1999,1,1999,spatial_specificity,17.72004508972168,0.7920488119125366,0.014750822447240353
1999,1,1999,spatial_specificity,17.804494857788086,0.7675436735153198,0.016993621364235878
1999,1,1999,spatial_specificity,17.8885440826416,0.777137041091919,0.016140740364789963
1999,1,1999,spatial_specificity,18.0,0.8090858459472656,0.014448856003582478
1999,1,1999,spatial_specificity,18.027755737304688,0.7880529165267944,0.0147652393206954
1999,1,1999,spatial_specificity,18.11077117919922,0.8046412467956543,0.013949616812169552
1999,1,1999,spatial_specificity,18.248287200927734,0.8004472851753235,0.014081324450671673
1999,1,1999,spatial_specificity,18.357559204101562,0.7717922925949097,0.017111513763666153
1999,1,1999,spatial_specificity,18.384777069091797,0.7748568058013916,0.016462206840515137
1999,1,1999,spatial_specificity,18.439088821411133,0.7797911167144775,0.015561730600893497
1999,1,1999,spatial_specificity,18.601076126098633,0.7648814916610718,0.01781206578016281
1999,1,1999,spatial_specificity,18.681541442871094,0.7902172207832336,0.01532663218677044
1999,1,1999,spatial_specificity,18.788293838500977,0.7751286625862122,0.016956521198153496
1999,1,1999,spatial_specificity,18.867961883544922,0.7668980360031128,0.01806134730577469
1999,1,1999,spatial_specificity,18.973665237426758,0.7846463918685913,0.016047602519392967
1999,1,1999,spatial_specificity,19.0,0.8071635961532593,0.016210198402404785
1999,1,1999,spatial_specificity,19.02629852294922,0.8058803677558899,0.015908293426036835
1999,1,1999,spatial_specificity,19.10497283935547,0.7820311784744263,0.01569521613419056
1999,1,1999,spatial_specificity,19.209373474121094,0.7611941695213318,0.018639734014868736
1999,1,1999,spatial_specificity,19.235383987426758,0.7847374081611633,0.016110524535179138
1999,1,1999,spatial_specificity,19.313207626342773,0.7790835499763489,0.016841130331158638
1999,1,1999,spatial_specificity,19.416488647460938,0.7787390947341919,0.01670343428850174
1999,1,1999,spatial_specificity,19.646883010864258,0.7892186045646667,0.016346285119652748
1999,1,1999,spatial_specificity,19.697715759277344,0.7738881707191467,0.017889218404889107
1999,1,1999,spatial_specificity,19.72308349609375,0.7653363347053528,0.01899890787899494
1999,1,1999,spatial_specificity,19.79899024963379,0.7577182054519653,0.01988464780151844
1999,1,1999,spatial_specificity,19.84943389892578,0.7581266164779663,0.019798727706074715
1999,1,1999,spatial_specificity,19.92485809326172,0.7839254140853882,0.01722005195915699
1999,1,1999,spatial_specificity,20.0,0.7756907343864441,0.017398664727807045
1999,1,1999,spatial_specificity,20.02498435974121,0.8058609962463379,0.018192268908023834
1999,1,1999,spatial_specificity,20.099750518798828,0.8030540347099304,0.01796412467956543
1999,1,1999,spatial_specificity,20.124610900878906,0.7690399885177612,0.018940649926662445
1999,1,1999,spatial_specificity,20.2237491607666,0.7993258237838745,0.017972635105252266
1999,1,1999,spatial_specificity,20.248456954956055,0.7701012492179871,0.018827233463525772
1999,1,1999,spatial_specificity,20.39607810974121,0.7948052287101746,0.01804073341190815
1999,1,1999,spatial_specificity,20.51828384399414,0.7557002305984497,0.02131052315235138
1999,1,1999,spatial_specificity,20.59126091003418,0.7647378444671631,0.020010855048894882
1999,1,1999,spatial_specificity,20.615528106689453,0.7733954787254333,0.019038422033190727
1999,1,1999,spatial_specificity,20.808650970458984,0.7584468126296997,0.021360376849770546
1999,1,1999,spatial_specificity,20.880613327026367,0.7845700979232788,0.018773777410387993
1999,1,1999,spatial_specificity,21.0,0.8094517588615417,0.021087646484375
1999,1,1999,spatial_specificity,21.02379608154297,0.7889251112937927,0.019227012991905212
1999,1,1999,spatial_specificity,21.095022201538086,0.7837913036346436,0.01963583566248417
1999,1,1999,spatial_specificity,21.189619064331055,0.779619574546814,0.019339418038725853
1999,1,1999,spatial_specificity,21.21320343017578,0.7860555648803711,0.01992313377559185
1999,1,1999,spatial_specificity,21.260292053222656,0.7544029355049133,0.022932836785912514
1999,1,1999,spatial_specificity,21.3775577545166,0.7973872423171997,0.020242687314748764
1999,1,1999,spatial_specificity,21.40093421936035,0.7559216618537903,0.022903908044099808
1999,1,1999,spatial_specificity,21.470911026000977,0.7648786306381226,0.02138664945960045
1999,1,1999,spatial_specificity,21.540658950805664,0.7749859094619751,0.02051171101629734
1999,1,1999,spatial_specificity,21.587032318115234,0.7924043536186218,0.02037423476576805
1999,1,1999,spatial_specificity,21.63330841064453,0.7583572864532471,0.022863883525133133
1999,1,1999,spatial_specificity,21.840330123901367,0.7878270745277405,0.02061590552330017
1999,1,1999,spatial_specificity,21.931711196899414,0.7618210911750793,0.02272581122815609
1999,1,1999,spatial_specificity,21.954498291015625,0.7619131803512573,0.022924380376935005
1999,1,1999,spatial_specificity,22.0,0.8147273063659668,0.023932291194796562
1999,1,1999,spatial_specificity,22.022714614868164,0.7840601801872253,0.02158079296350479
1999,1,1999,spatial_specificity,22.090721130371094,0.8107503652572632,0.022992664948105812
1999,1,1999,spatial_specificity,22.135944366455078,0.7833595275878906,0.02159624919295311
1999,1,1999,spatial_specificity,22.203603744506836,0.7819784879684448,0.021989962086081505
1999,1,1999,spatial_specificity,22.360679626464844,0.7856296896934509,0.02243107371032238
1999,1,1999,spatial_specificity,22.472204208374023,0.7697185277938843,0.023662349209189415
1999,1,1999,spatial_specificity,22.56102752685547,0.7993896007537842,0.02322765253484249
1999,1,1999,spatial_specificity,22.627416610717773,0.7529808878898621,0.025736913084983826
1999,1,1999,spatial_specificity,22.671567916870117,0.7537311315536499,0.02588305063545704
1999,1,1999,spatial_specificity,22.803508758544922,0.7753520607948303,0.024633299559354782
1999,1,1999,spatial_specificity,22.825424194335938,0.7658936381340027,0.02572346292436123
1999,1,1999,spatial_specificity,22.847320556640625,0.776138186454773,0.02483917772769928
1999,1,1999,spatial_specificity,23.0,0.8233434557914734,0.028399169445037842
1999,1,1999,spatial_specificity,23.021728515625,0.7910344004631042,0.025279439985752106
1999,1,1999,spatial_specificity,23.086793899536133,0.8059108853340149,0.026742396876215935
1999,1,1999,spatial_specificity,23.194828033447266,0.8176659345626831,0.028547780588269234
1999,1,1999,spatial_specificity,23.25940704345703,0.7742815017700195,0.02802935801446438
1999,1,1999,spatial_specificity,23.323808670043945,0.7651938796043396,0.029066933318972588
1999,1,1999,spatial_specificity,23.345233917236328,0.784813404083252,0.027039360255002975
1999,1,1999,spatial_specificity,23.409400939941406,0.7880361676216125,0.029318371787667274
1999,1,1999,spatial_specificity,23.430747985839844,0.757422924041748,0.029625993221998215
1999,1,1999,spatial_specificity,23.53720474243164,0.8102084994316101,0.02995052933692932
1999,1,1999,spatial_specificity,23.600847244262695,0.7606998682022095,0.03106490708887577
1999,1,1999,spatial_specificity,23.706539154052734,0.7736545205116272,0.03233199939131737
1999,1,1999,spatial_specificity,23.769729614257812,0.7960217595100403,0.032125215977430344
1999,1,1999,spatial_specificity,23.853721618652344,0.7661157846450806,0.033556412905454636
1999,1,1999,spatial_specificity,24.0,0.8371478915214539,0.03538087010383606
1999,1,1999,spatial_specificity,24.020824432373047,0.8358538746833801,0.03500606119632721
1999,1,1999,spatial_specificity,24.0416316986084,0.7887638807296753,0.03388230502605438
1999,1,1999,spatial_specificity,24.083189010620117,0.7976123690605164,0.03244820609688759
1999,1,1999,spatial_specificity,24.166091918945312,0.7849610447883606,0.03704638034105301
1999,1,1999,spatial_specificity,24.1867733001709,0.8023414611816406,0.03412811830639839
1999,1,1999,spatial_specificity,24.207435607910156,0.7654566764831543,0.03778611496090889
1999,1,1999,spatial_specificity,24.3310489654541,0.8273434638977051,0.0347818098962307
1999,1,1999,spatial_specificity,24.351591110229492,0.8003414273262024,0.037494365125894547
1999,1,1999,spatial_specificity,24.413110733032227,0.7699171304702759,0.04006620869040489
1999,1,1999,spatial_specificity,24.515300750732422,0.8232938647270203,0.03559328243136406
1999,1,1999,spatial_specificity,24.59674835205078,0.7850095629692078,0.041079774498939514
1999,1,1999,spatial_specificity,24.698179244995117,0.7877211570739746,0.04132384806871414
1999,1,1999,spatial_specificity,24.73863410949707,0.8193243741989136,0.036781877279281616
1999,1,1999,spatial_specificity,24.75883674621582,0.7711920738220215,0.04549916833639145
1999,1,1999,spatial_specificity,24.83948516845703,0.7732301354408264,0.046650104224681854
1999,1,1999,spatial_specificity,25.0,0.8069864511489868,0.040150806307792664
1999,1,1999,spatial_specificity,25.01999282836914,0.8503825068473816,0.03661956265568733
1999,1,1999,spatial_specificity,25.05992889404297,0.7868647575378418,0.04528898373246193
1999,1,1999,spatial_specificity,25.079872131347656,0.8229053616523743,0.038271717727184296
1999,1,1999,spatial_specificity,25.179357528686523,0.8455687761306763,0.03611689805984497
1999,1,1999,spatial_specificity,25.238859176635742,0.7830853462219238,0.04924508556723595
1999,1,1999,spatial_specificity,25.298221588134766,0.8141910433769226,0.041133854538202286
1999,1,1999,spatial_specificity,25.317977905273438,0.8418667912483215,0.036643851548433304
1999,1,1999,spatial_specificity,25.455842971801758,0.7812982201576233,0.05443951115012169
1999,1,1999,spatial_specificity,25.495098114013672,0.8059108853340149,0.045147038996219635
1999,1,1999,spatial_specificity,25.553865432739258,0.791783332824707,0.05073957517743111
1999,1,1999,spatial_specificity,25.612497329711914,0.7858370542526245,0.05522787943482399
1999,1,1999,spatial_specificity,25.63201141357422,0.8134588003158569,0.04373547062277794
1999,1,1999,spatial_specificity,25.709918975830078,0.8352106213569641,0.03883416950702667
1999,1,1999,spatial_specificity,25.806976318359375,0.7915716767311096,0.05600214749574661
1999,1,1999,spatial_specificity,25.942243576049805,0.8038161396980286,0.0520441010594368
1999,1,1999,spatial_specificity,25.961509704589844,0.8330041170120239,0.04019785672426224
1999,1,1999,spatial_specificity,26.0,0.8321406245231628,0.041620220988988876
1999,1,1999,spatial_specificity,26.019224166870117,0.8670665621757507,0.034624241292476654
1999,1,1999,spatial_specificity,26.076810836791992,0.8314212560653687,0.044141001999378204
1999,1,1999,spatial_specificity,26.172504425048828,0.826590895652771,0.04619521275162697
1999,1,1999,spatial_specificity,26.248809814453125,0.8133527040481567,0.05069023743271828
1999,1,1999,spatial_specificity,26.305892944335938,0.8601555824279785,0.03569420054554939
1999,1,1999,spatial_specificity,26.400758743286133,0.8093160390853882,0.055793408304452896
1999,1,1999,spatial_specificity,26.419689178466797,0.8107745051383972,0.05683260038495064
1999,1,1999,spatial_specificity,26.476404190063477,0.8574149012565613,0.0360713005065918
1999,1,1999,spatial_specificity,26.570661544799805,0.8330612182617188,0.04524075612425804
1999,1,1999,spatial_specificity,26.62705421447754,0.8089345693588257,0.060928795486688614
1999,1,1999,spatial_specificity,26.68332862854004,0.8551651835441589,0.036868348717689514
1999,1,1999,spatial_specificity,26.832815170288086,0.8241168260574341,0.054803065955638885
1999,1,1999,spatial_specificity,26.870058059692383,0.8065013885498047,0.062127865850925446
1999,1,1999,spatial_specificity,26.90724754333496,0.8071942329406738,0.06159902364015579
1999,1,1999,spatial_specificity,26.925825119018555,0.8356366157531738,0.04806461185216904
1999,1,1999,spatial_specificity,27.0,0.8856033682823181,0.029765654355287552
1999,1,1999,spatial_specificity,27.018512725830078,0.8470543622970581,0.04529331624507904
1999,1,1999,spatial_specificity,27.073972702026367,0.8831042051315308,0.030924558639526367
1999,1,1999,spatial_specificity,27.166154861450195,0.8806662559509277,0.030942196026444435
1999,1,1999,spatial_specificity,27.202939987182617,0.835882306098938,0.05159799009561539
1999,1,1999,spatial_specificity,27.294689178466797,0.8553109169006348,0.044196415692567825
1999,1,1999,spatial_specificity,27.312999725341797,0.8395075798034668,0.04960353299975395
1999,1,1999,spatial_specificity,27.459060668945312,0.8478596210479736,0.04366688057780266
1999,1,1999,spatial_specificity,27.51363182067871,0.8518277406692505,0.04104071110486984
1999,1,1999,spatial_specificity,27.58622932434082,0.8120527267456055,0.0575534962117672
1999,1,1999,spatial_specificity,27.658634185791016,0.8447842597961426,0.0462883897125721
1999,1,1999,spatial_specificity,27.730850219726562,0.8419620990753174,0.05004505068063736
1999,1,1999,spatial_specificity,27.784889221191406,0.8361291885375977,0.05440930277109146
1999,1,1999,spatial_specificity,27.80287742614746,0.8271726369857788,0.05929846689105034
1999,1,1999,spatial_specificity,27.856775283813477,0.8543621897697449,0.043086133897304535
1999,1,1999,spatial_specificity,27.89265251159668,0.8725991249084473,0.0347796194255352
1999,1,1999,spatial_specificity,28.0,0.9055091738700867,0.024387389421463013
1999,1,1999,spatial_specificity,28.017852783203125,0.8678505420684814,0.040743257850408554
1999,1,1999,spatial_specificity,28.07133674621582,0.9029293060302734,0.025446956977248192
1999,1,1999,spatial_specificity,28.160255432128906,0.8862455487251282,0.03031490370631218
1999,1,1999,spatial_specificity,28.17800521850586,0.8494895100593567,0.05089285597205162
1999,1,1999,spatial_specificity,28.231189727783203,0.8586168885231018,0.044832970947027206
1999,1,1999,spatial_specificity,28.284271240234375,0.8727657794952393,0.03601398691534996
1999,1,1999,spatial_specificity,28.301944732666016,0.8467391133308411,0.05520334467291832
1999,1,1999,spatial_specificity,28.319604873657227,0.8278858661651611,0.056182630360126495
1999,1,1999,spatial_specificity,28.42534065246582,0.833986759185791,0.056623708456754684
1999,1,1999,spatial_specificity,28.44292640686035,0.8937144875526428,0.02578737773001194
1999,1,1999,spatial_specificity,28.460498809814453,0.8704728484153748,0.03600331395864487
1999,1,1999,spatial_specificity,28.60070037841797,0.8414412140846252,0.054709095507860184
1999,1,1999,spatial_specificity,28.635643005371094,0.8749895691871643,0.03510657697916031
1999,1,1999,spatial_specificity,28.65309715270996,0.8530460000038147,0.04878637194633484
1999,1,1999,spatial_specificity,28.792360305786133,0.8725028038024902,0.03685092553496361
1999,1,1999,spatial_specificity,28.844409942626953,0.8466383218765259,0.05092480406165123
1999,1,1999,spatial_specificity,28.861740112304688,0.8890525102615356,0.026899170130491257
1999,1,1999,spatial_specificity,29.0,0.866178035736084,0.04515479505062103
1999,1,1999,spatial_specificity,29.017236709594727,0.9190484285354614,0.0184220802038908
1999,1,1999,spatial_specificity,29.068883895874023,0.8723017573356628,0.03939324989914894
1999,1,1999,spatial_specificity,29.120439529418945,0.8878433704376221,0.02763853594660759
1999,1,1999,spatial_specificity,29.15475845336914,0.8808594346046448,0.03379128500819206
1999,1,1999,spatial_specificity,29.20616340637207,0.8507825136184692,0.05184674263000488
1999,1,1999,spatial_specificity,29.27456283569336,0.9107575416564941,0.01791694387793541
1999,1,1999,spatial_specificity,29.4108829498291,0.8733542561531067,0.03911313787102699
1999,1,1999,spatial_specificity,29.42787742614746,0.9071880578994751,0.01801924966275692
1999,1,1999,spatial_specificity,29.529645919799805,0.8658114671707153,0.04151692986488342
1999,1,1999,spatial_specificity,29.546573638916016,0.8740965127944946,0.036719825118780136
1999,1,1999,spatial_specificity,29.614185333251953,0.9040614366531372,0.018979355692863464
1999,1,1999,spatial_specificity,29.681644439697266,0.8655540943145752,0.044015124440193176
1999,1,1999,spatial_specificity,29.698484420776367,0.8507652282714844,0.047271911054849625
1999,1,1999,spatial_specificity,29.73213768005371,0.8690099716186523,0.03925134614109993
1999,1,1999,spatial_specificity,29.832868576049805,0.8769628405570984,0.03587476536631584
1999,1,1999,spatial_specificity,29.96664810180664,0.873480498790741,0.03561924025416374
1999,1,1999,spatial_specificity,30.0,0.8787012100219727,0.037213753908872604
1999,1,1999,spatial_specificity,30.01666259765625,0.890789806842804,0.02794264256954193
1999,1,1999,spatial_specificity,30.066593170166016,0.921750009059906,0.011215166188776493
1999,1,1999,spatial_specificity,30.08321762084961,0.8878604769706726,0.025565288960933685
1999,1,1999,spatial_specificity,30.149627685546875,0.9182354211807251,0.011760151945054531
1999,1,1999,spatial_specificity,30.232433319091797,0.864626944065094,0.039087533950805664
1999,1,1999,spatial_specificity,30.265491485595703,0.9144137501716614,0.01201176643371582
1999,1,1999,spatial_specificity,30.36445426940918,0.889346182346344,0.022918839007616043
1999,1,1999,spatial_specificity,30.4138126373291,0.8758640289306641,0.031647615134716034
1999,1,1999,spatial_specificity,30.463092803955078,0.8816193342208862,0.030762946233153343
1999,1,1999,spatial_specificity,30.479501724243164,0.8647308349609375,0.04086216911673546
1999,1,1999,spatial_specificity,30.528675079345703,0.8694493174552917,0.03639983758330345
1999,1,1999,spatial_specificity,30.594118118286133,0.9084147810935974,0.013647602871060371
1999,1,1999,spatial_specificity,30.610454559326172,0.86949223279953,0.0393160842359066
1999,1,1999,spatial_specificity,30.675724029541016,0.8876888751983643,0.024599121883511543
1999,1,1999,spatial_specificity,30.805843353271484,0.8842183947563171,0.03047892637550831
1999,1,1999,spatial_specificity,30.870698928833008,0.8812377452850342,0.02975870482623577
1999,1,1999,spatial_specificity,30.886890411376953,0.8771078586578369,0.03257057070732117
1999,1,1999,spatial_specificity,31.0,0.9397767186164856,0.0082045653834939
1999,1,1999,spatial_specificity,31.016124725341797,0.9027974605560303,0.017671557143330574
1999,1,1999,spatial_specificity,31.048349380493164,0.9027974009513855,0.01783410832285881
1999,1,1999,spatial_specificity,31.064449310302734,0.8931902050971985,0.030879972502589226
1999,1,1999,spatial_specificity,31.11269760131836,0.869903028011322,0.038557689636945724
1999,1,1999,spatial_specificity,31.14482307434082,0.8871989846229553,0.03356603905558586
1999,1,1999,spatial_specificity,31.240999221801758,0.8742557168006897,0.036374256014823914
1999,1,1999,spatial_specificity,31.256999969482422,0.9292643070220947,0.008977105841040611
1999,1,1999,spatial_specificity,31.30495262145996,0.880947470664978,0.02869322896003723
1999,1,1999,spatial_specificity,31.320920944213867,0.8996114730834961,0.020450850948691368
1999,1,1999,spatial_specificity,31.384708404541016,0.8841080069541931,0.028680404648184776
1999,1,1999,spatial_specificity,31.400636672973633,0.8866298198699951,0.029676293954253197
1999,1,1999,spatial_specificity,31.575305938720703,0.9193585515022278,0.012010415084660053
1999,1,1999,spatial_specificity,31.62277603149414,0.883374035358429,0.028201650828123093
1999,1,1999,spatial_specificity,31.764760971069336,0.8842585682868958,0.028526633977890015
1999,1,1999,spatial_specificity,31.780498504638672,0.8944776654243469,0.02393006719648838
1999,1,1999,spatial_specificity,31.827659606933594,0.8646384477615356,0.03168421983718872
1999,1,1999,spatial_specificity,31.890438079833984,0.8669397830963135,0.03316390886902809
1999,1,1999,spatial_specificity,31.906112670898438,0.8793770670890808,0.030585475265979767
1999,1,1999,spatial_specificity,31.95309066772461,0.8958964347839355,0.025900239124894142
1999,1,1999,spatial_specificity,32.015621185302734,0.8788617849349976,0.029245976358652115
1999,1,1999,spatial_specificity,32.202484130859375,0.8846774697303772,0.02861170470714569
1999,1,1999,spatial_specificity,32.24903106689453,0.8838486075401306,0.02771657146513462
1999,1,1999,spatial_specificity,32.280025482177734,0.9037071466445923,0.01521182432770729
1999,1,1999,spatial_specificity,32.31098937988281,0.897827684879303,0.030014250427484512
1999,1,1999,spatial_specificity,32.4499626159668,0.8817472457885742,0.030832426622509956
1999,1,1999,spatial_specificity,32.526912689208984,0.8698366284370422,0.03334399312734604
1999,1,1999,spatial_specificity,32.557640075683594,0.8713861703872681,0.03357657045125961
1999,1,1999,spatial_specificity,32.572994232177734,0.9017219543457031,0.0170328039675951
1999,1,1999,spatial_specificity,32.649654388427734,0.883522093296051,0.029374567791819572
1999,1,1999,spatial_specificity,32.69556427001953,0.8840190172195435,0.028893666341900826
1999,1,1999,spatial_specificity,32.75667953491211,0.8826894760131836,0.034487493336200714
1999,1,1999,spatial_specificity,32.80244064331055,0.8811880946159363,0.03044819086790085
1999,1,1999,spatial_specificity,32.893768310546875,0.8965370655059814,0.01912267692387104
1999,1,1999,spatial_specificity,33.0151481628418,0.8818178176879883,0.03098243661224842
1999,1,1999,spatial_specificity,33.105892181396484,0.8797622323036194,0.029199713841080666
1999,1,1999,spatial_specificity,33.12099075317383,0.8760561943054199,0.028483163565397263
1999,1,1999,spatial_specificity,33.241539001464844,0.8840553164482117,0.02940327115356922
1999,1,1999,spatial_specificity,33.2866325378418,0.8702369332313538,0.028921497985720634
1999,1,1999,spatial_specificity,33.30165100097656,0.8809865713119507,0.03103584051132202
1999,1,1999,spatial_specificity,33.42155075073242,0.8803678750991821,0.028726784512400627
1999,1,1999,spatial_specificity,33.541019439697266,0.8734785914421082,0.02741987258195877
1999,1,1999,spatial_specificity,33.60059356689453,0.8765744566917419,0.028383370488882065
1999,1,1999,spatial_specificity,33.615474700927734,0.8792588114738464,0.025817690417170525
1999,1,1999,spatial_specificity,33.83784866333008,0.8793553709983826,0.025710290297865868
1999,1,1999,spatial_specificity,33.941123962402344,0.8935058116912842,0.027958596125245094
1999,1,1999,spatial_specificity,33.97057342529297,0.8917896747589111,0.026866797357797623
1999,1,1999,spatial_specificity,34.0,0.8764230608940125,0.02610096149146557
1999,1,1999,spatial_specificity,34.01470184326172,0.8954183459281921,0.019485075026750565
1999,1,1999,spatial_specificity,34.058773040771484,0.8821768760681152,0.02336360141634941
1999,1,1999,spatial_specificity,34.13209533691406,0.8801066279411316,0.02404985949397087
1999,1,1999,spatial_specificity,34.20526123046875,0.8838479518890381,0.022212086245417595
1999,1,1999,spatial_specificity,34.4093017578125,0.8771650791168213,0.020195186138153076
1999,1,1999,spatial_specificity,34.438350677490234,0.8982219696044922,0.019673824310302734
1999,1,1999,spatial_specificity,34.48188018798828,0.8692380785942078,0.022422432899475098
1999,1,1999,spatial_specificity,34.65544891357422,0.8821957111358643,0.01925712823867798
1999,1,1999,spatial_specificity,34.66987228393555,0.8766664266586304,0.018507272005081177
1999,1,1999,spatial_specificity,34.71310806274414,0.883385181427002,0.01793849468231201
1999,1,1999,spatial_specificity,34.828147888183594,0.88368821144104,0.016886651515960693
1999,1,1999,spatial_specificity,34.885528564453125,0.8932092189788818,0.02022606134414673
1999,1,1999,spatial_specificity,34.98571014404297,0.8736209273338318,0.01940441131591797
1999,1,1999,spatial_specificity,35.0,0.8836939930915833,0.015813350677490234
1999,1,1999,spatial_specificity,35.22782897949219,0.8822534084320068,0.014379054307937622
1999,1,1999,spatial_specificity,35.35533905029297,0.8910768628120422,0.013499796390533447
1999,1,1999,spatial_specificity,35.38361358642578,0.8908172845840454,0.012471020221710205
1999,1,1999,spatial_specificity,35.46829605102539,0.8904116153717041,0.012163370847702026
1999,1,1999,spatial_specificity,35.510562896728516,0.8787582516670227,0.0152626633644104
1999,1,1999,spatial_specificity,35.60898971557617,0.8893694877624512,0.011772602796554565
1999,1,1999,spatial_specificity,35.80502700805664,0.88686203956604,0.011085540056228638
1999,1,1999,spatial_specificity,35.84689712524414,0.9008522629737854,0.012534797191619873
1999,1,1999,spatial_specificity,36.055511474609375,0.883176326751709,0.013003796339035034
1999,1,1999,spatial_specificity,36.06937789916992,0.8959187269210815,0.007918208837509155
1999,1,1999,spatial_specificity,36.12478256225586,0.8958366513252258,0.007737278938293457
1999,1,1999,spatial_specificity,36.2353401184082,0.8950622081756592,0.007520020008087158
1999,1,1999,spatial_specificity,36.359317779541016,0.9060056209564209,0.00904431939125061
1999,1,1999,spatial_specificity,36.400550842285156,0.8911266326904297,0.008029669523239136
1999,1,1999,spatial_specificity,36.619667053222656,0.8870296478271484,0.011879771947860718
1999,1,1999,spatial_specificity,36.769554138183594,0.8996233940124512,0.005258679389953613
1999,1,1999,spatial_specificity,36.79673767089844,0.8991175889968872,0.004686534404754639
1999,1,1999,spatial_specificity,36.878177642822266,0.8982952833175659,0.005154609680175781
1999,1,1999,spatial_specificity,36.8917350769043,0.909821093082428,0.00789564847946167
1999,1,1999,spatial_specificity,37.013511657714844,0.8945708274841309,0.006325840950012207
1999,1,1999,spatial_specificity,37.202152252197266,0.8911538124084473,0.010425597429275513
1999,1,1999,spatial_specificity,37.44329071044922,0.9139249920845032,0.006544947624206543
1999,1,1999,spatial_specificity,37.48332977294922,0.9010354280471802,0.0036927759647369385
1999,1,1999,spatial_specificity,37.53664779663086,0.9000086188316345,0.003954172134399414
1999,1,1999,spatial_specificity,37.643062591552734,0.8966764211654663,0.004791200160980225
1999,1,1999,spatial_specificity,37.80211639404297,0.8951770067214966,0.01013094186782837
1999,1,1999,spatial_specificity,38.01315689086914,0.9159538745880127,0.005392640829086304
1999,1,1999,spatial_specificity,38.18376541137695,0.9020578861236572,0.0027919113636016846
1999,1,1999,spatial_specificity,38.20994567871094,0.9017432928085327,0.00348702073097229
1999,1,1999,spatial_specificity,38.28837966918945,0.8983015418052673,0.0038774609565734863
1999,1,1999,spatial_specificity,38.41874694824219,0.8981151580810547,0.010412663221359253
1999,1,1999,spatial_specificity,38.60051727294922,0.9206085205078125,0.005408793687820435
1999,1,1999,spatial_specificity,38.897300720214844,0.9031157493591309,0.0032824575901031494
1999,1,1999,spatial_specificity,38.94868469238281,0.9007222652435303,0.003436535596847534
1999,1,1999,spatial_specificity,39.051246643066406,0.9023454189300537,0.01140788197517395
1999,1,1999,spatial_specificity,39.20458984375,0.9218875169754028,0.0035498738288879395
1999,1,1999,spatial_specificity,39.59798049926758,0.9042826890945435,0.0035084187984466553
1999,1,1999,spatial_specificity,39.623226165771484,0.9023301005363464,0.003925025463104248
1999,1,1999,spatial_specificity,39.69886779785156,0.9069331884384155,0.011926412582397461
1999,1,1999,spatial_specificity,39.824615478515625,0.9212625026702881,0.00036665797233581543
1999,1,1999,spatial_specificity,40.31128692626953,0.9039941430091858,0.0046228766441345215
1999,1,1999,spatial_specificity,40.360870361328125,0.9100787043571472,0.013868749141693115
1999,1,1999,spatial_specificity,40.45985794067383,0.9196442365646362,0.0
1999,1,1999,spatial_specificity,41.01219177246094,0.9071371555328369,0.006996959447860718
1999,1,1999,spatial_specificity,41.03656768798828,0.9127048254013062,0.015280455350875854
1999,1,1999,spatial_specificity,41.1096076965332,0.9182807803153992,0.0
1999,1,1999,spatial_specificity,41.72529220581055,0.915185272693634,0.015837132930755615
1999,1,1999,spatial_specificity,41.773197174072266,0.9236083030700684,0.0
1999,1,1999,spatial_specificity,42.42640686035156,0.9242100715637207,0.015818089246749878
1999,1,1999,spatial_specificity,42.44997024536133,0.9261712431907654,0.0
1999,1,1999,spatial_specificity,43.13930892944336,0.9417555332183838,0.0
2499,2,2499,cls_effective_rank,,12.721112251281738,0.8514583110809326
2499,2,2499,patch_effective_rank,,68.01969146728516,7.935427665710449
2499,2,2499,mean_off_diagonal_similarity,,0.8249722719192505,0.017082754522562027
2499,2,2499,spatial_specificity_correlation,,-0.3660581409931183,0.05070696026086807
2499,2,2499,spatial_specificity,1.0,0.9689451456069946,0.0035468086134642363
2499,2,2499,spatial_specificity,1.4142135381698608,0.9560554623603821,0.004885585512965918
2499,2,2499,spatial_specificity,2.0,0.9425079226493835,0.006057570222765207
2499,2,2499,spatial_specificity,2.2360680103302,0.9362326860427856,0.006484310608357191
2499,2,2499,spatial_specificity,2.8284270763397217,0.9234709739685059,0.007777956314384937
2499,2,2499,spatial_specificity,3.0,0.9226754307746887,0.007055112160742283
2499,2,2499,spatial_specificity,3.1622776985168457,0.9188170433044434,0.007359113544225693
2499,2,2499,spatial_specificity,3.605551242828369,0.91020268201828,0.008547565899789333
2499,2,2499,spatial_specificity,4.0,0.9063092470169067,0.007963934913277626
2499,2,2499,spatial_specificity,4.123105525970459,0.903424084186554,0.00819376390427351
2499,2,2499,spatial_specificity,4.242640495300293,0.899234414100647,0.009747931733727455
2499,2,2499,spatial_specificity,4.4721360206604,0.896730899810791,0.009185705333948135
2499,2,2499,spatial_specificity,5.0,0.8886964917182922,0.00990277249366045
2499,2,2499,spatial_specificity,5.099019527435303,0.8890398740768433,0.009312298148870468
2499,2,2499,spatial_specificity,5.385164737701416,0.8834488987922668,0.009847639128565788
2499,2,2499,spatial_specificity,5.656854152679443,0.8767841458320618,0.011562496423721313
2499,2,2499,spatial_specificity,5.830952167510986,0.8753250241279602,0.010886313393712044
2499,2,2499,spatial_specificity,6.0,0.8786585927009583,0.009951936081051826
2499,2,2499,spatial_specificity,6.082762241363525,0.8764528036117554,0.010162623599171638
2499,2,2499,spatial_specificity,6.324555397033691,0.871518611907959,0.010407069697976112
2499,2,2499,spatial_specificity,6.4031243324279785,0.8659816980361938,0.01204015500843525
2499,2,2499,spatial_specificity,6.7082037925720215,0.8643215298652649,0.011254620738327503
2499,2,2499,spatial_specificity,7.0,0.8674377202987671,0.010465309955179691
2499,2,2499,spatial_specificity,7.071067810058594,0.862540066242218,0.011282015591859818
2499,2,2499,spatial_specificity,7.211102485656738,0.8559316396713257,0.012305299751460552
2499,2,2499,spatial_specificity,7.280109882354736,0.8611599802970886,0.01091235876083374
2499,2,2499,spatial_specificity,7.6157732009887695,0.8546932935714722,0.011667268350720406
2499,2,2499,spatial_specificity,7.8102498054504395,0.8471359014511108,0.013116808608174324
2499,2,2499,spatial_specificity,8.0,0.8576542139053345,0.010844854637980461
2499,2,2499,spatial_specificity,8.062257766723633,0.8513875007629395,0.011814586818218231
2499,2,2499,spatial_specificity,8.246211051940918,0.8517452478408813,0.011615492403507233
2499,2,2499,spatial_specificity,8.485280990600586,0.8386789560317993,0.013544023036956787
2499,2,2499,spatial_specificity,8.5440034866333,0.845724880695343,0.012257672846317291
2499,2,2499,spatial_specificity,8.602325439453125,0.8388394117355347,0.013353304006159306
2499,2,2499,spatial_specificity,8.9442720413208,0.8386031985282898,0.012957992032170296
2499,2,2499,spatial_specificity,9.0,0.8489807844161987,0.011322160251438618
2499,2,2499,spatial_specificity,9.05538558959961,0.8471372723579407,0.011738353408873081
2499,2,2499,spatial_specificity,9.219544410705566,0.8370717763900757,0.012918456457555294
2499,2,2499,spatial_specificity,9.433980941772461,0.8311120271682739,0.01367170736193657
2499,2,2499,spatial_specificity,9.486832618713379,0.8377412557601929,0.01291025709360838
2499,2,2499,spatial_specificity,9.848857879638672,0.8311744928359985,0.013511081226170063
2499,2,2499,spatial_specificity,9.899495124816895,0.8234262466430664,0.01408537570387125
2499,2,2499,spatial_specificity,10.0,0.8297845721244812,0.013192540034651756
2499,2,2499,spatial_specificity,10.049875259399414,0.8396593332290649,0.012220711447298527
2499,2,2499,spatial_specificity,10.198039054870605,0.8358296155929565,0.012950694188475609
2499,2,2499,spatial_specificity,10.29563045501709,0.8243191838264465,0.014137561433017254
2499,2,2499,spatial_specificity,10.440306663513184,0.8308476209640503,0.013496989384293556
2499,2,2499,spatial_specificity,10.630146026611328,0.8169008493423462,0.01448631938546896
2499,2,2499,spatial_specificity,10.770329475402832,0.824870765209198,0.014103014022111893
2499,2,2499,spatial_specificity,10.816654205322266,0.8176151514053345,0.014648535288870335
2499,2,2499,spatial_specificity,11.0,0.8353381156921387,0.012475970201194286
2499,2,2499,spatial_specificity,11.045360565185547,0.8335768580436707,0.012832310050725937
2499,2,2499,spatial_specificity,11.180339813232422,0.8243047595024109,0.014077725820243359
2499,2,2499,spatial_specificity,11.313708305358887,0.8106702566146851,0.01487250067293644
2499,2,2499,spatial_specificity,11.401754379272461,0.8183323740959167,0.014472841285169125
2499,2,2499,spatial_specificity,11.661904335021973,0.8120948672294617,0.015171902254223824
2499,2,2499,spatial_specificity,11.704700469970703,0.8195621371269226,0.014695932157337666
2499,2,2499,spatial_specificity,12.0,0.8303712606430054,0.013032124377787113
2499,2,2499,spatial_specificity,12.041594505310059,0.817112147808075,0.014241310767829418
2499,2,2499,spatial_specificity,12.083045959472656,0.8132830858230591,0.015317223034799099
2499,2,2499,spatial_specificity,12.16552448272705,0.8250554800033569,0.014196407049894333
2499,2,2499,spatial_specificity,12.206555366516113,0.8061454892158508,0.015513925813138485
2499,2,2499,spatial_specificity,12.369317054748535,0.8205108642578125,0.01479951199144125
2499,2,2499,spatial_specificity,12.529964447021484,0.8071287870407104,0.015784572809934616
2499,2,2499,spatial_specificity,12.649110794067383,0.8149207830429077,0.015285898000001907
2499,2,2499,spatial_specificity,12.727921485900879,0.799943208694458,0.016025664284825325
2499,2,2499,spatial_specificity,12.806248664855957,0.8004447817802429,0.016086043789982796
2499,2,2499,spatial_specificity,13.0,0.8148194551467896,0.014799830503761768
2499,2,2499,spatial_specificity,13.038405418395996,0.8133338093757629,0.014740290120244026
2499,2,2499,spatial_specificity,13.152946472167969,0.8212677240371704,0.01443883404135704
2499,2,2499,spatial_specificity,13.34166431427002,0.8165374994277954,0.015097022987902164
2499,2,2499,spatial_specificity,13.416407585144043,0.8027812242507935,0.016332928091287613
2499,2,2499,spatial_specificity,13.45362377166748,0.7952482104301453,0.016653209924697876
2499,2,2499,spatial_specificity,13.601469993591309,0.8035957217216492,0.01620076783001423
2499,2,2499,spatial_specificity,13.892444610595703,0.7972415685653687,0.016871023923158646
2499,2,2499,spatial_specificity,13.928387641906738,0.8051309585571289,0.016268210485577583
2499,2,2499,spatial_specificity,14.0,0.8233574628829956,0.013792010024189949
2499,2,2499,spatial_specificity,14.03566837310791,0.8218332529067993,0.014166690409183502
2499,2,2499,spatial_specificity,14.142135620117188,0.8091815710067749,0.01534890104085207
2499,2,2499,spatial_specificity,14.21267032623291,0.7910280227661133,0.017482871189713478
2499,2,2499,spatial_specificity,14.317821502685547,0.8064831495285034,0.015986056998372078
2499,2,2499,spatial_specificity,14.422204971313477,0.7920342087745667,0.017513154074549675
2499,2,2499,spatial_specificity,14.560219764709473,0.8081293106079102,0.015962716192007065
2499,2,2499,spatial_specificity,14.764822959899902,0.7938946485519409,0.017306072637438774
2499,2,2499,spatial_specificity,14.866068840026855,0.7946195006370544,0.017262861132621765
2499,2,2499,spatial_specificity,15.0,0.7985585927963257,0.016248147934675217
2499,2,2499,spatial_specificity,15.033296585083008,0.8187918663024902,0.014884797856211662
2499,2,2499,spatial_specificity,15.132745742797852,0.8153825998306274,0.01528886053711176
2499,2,2499,spatial_specificity,15.231546401977539,0.7968718409538269,0.01718480885028839
2499,2,2499,spatial_specificity,15.264337539672852,0.788750946521759,0.01791565492749214
2499,2,2499,spatial_specificity,15.297059059143066,0.8109205365180969,0.01569516770541668
2499,2,2499,spatial_specificity,15.524174690246582,0.8059042096138,0.016185656189918518
2499,2,2499,spatial_specificity,15.55634880065918,0.7825393676757812,0.018688522279262543
2499,2,2499,spatial_specificity,15.620499610900879,0.7828143239021301,0.018527822569012642
2499,2,2499,spatial_specificity,15.65247631072998,0.7914799451828003,0.017593275755643845
2499,2,2499,spatial_specificity,15.81138801574707,0.7922452688217163,0.017530307173728943
2499,2,2499,spatial_specificity,16.0,0.8172941207885742,0.015338855795562267
2499,2,2499,spatial_specificity,16.031219482421875,0.8158048391342163,0.01560820173472166
2499,2,2499,spatial_specificity,16.124515533447266,0.799720048904419,0.016668526455760002
2499,2,2499,spatial_specificity,16.155494689941406,0.7949298620223999,0.017601395025849342
2499,2,2499,spatial_specificity,16.278820037841797,0.7940369844436646,0.017338214442133904
2499,2,2499,spatial_specificity,16.401220321655273,0.7798125743865967,0.018937835469841957
2499,2,2499,spatial_specificity,16.492422103881836,0.8036920428276062,0.01675109751522541
2499,2,2499,spatial_specificity,16.552946090698242,0.789721667766571,0.01815788634121418
2499,2,2499,spatial_specificity,16.6433162689209,0.781712532043457,0.018761470913887024
2499,2,2499,spatial_specificity,16.76305389404297,0.7983910441398621,0.01761983335018158
2499,2,2499,spatial_specificity,16.970561981201172,0.7756825685501099,0.02005871757864952
2499,2,2499,spatial_specificity,17.0,0.7949830293655396,0.0171943549066782
2499,2,2499,spatial_specificity,17.029386520385742,0.7951337099075317,0.017167774960398674
2499,2,2499,spatial_specificity,17.0880069732666,0.7931880354881287,0.018247757107019424
2499,2,2499,spatial_specificity,17.11724281311035,0.8105748891830444,0.016530761495232582
2499,2,2499,spatial_specificity,17.20465087890625,0.7775325775146484,0.019461367279291153
2499,2,2499,spatial_specificity,17.262676239013672,0.8067165613174438,0.016904011368751526
2499,2,2499,spatial_specificity,17.464248657226562,0.7950961589813232,0.018127845600247383
2499,2,2499,spatial_specificity,17.492855072021484,0.7799531817436218,0.019474484026432037
2499,2,2499,spatial_specificity,17.69180679321289,0.7729524374008179,0.020549817010760307
2499,2,2499,spatial_specificity,17.72004508972168,0.7969684600830078,0.01846337504684925
2499,2,2499,spatial_specificity,17.804494857788086,0.7739412784576416,0.020314892753958702
2499,2,2499,spatial_specificity,17.8885440826416,0.7831130623817444,0.019625812768936157
2499,2,2499,spatial_specificity,18.0,0.812961220741272,0.016969095915555954
2499,2,2499,spatial_specificity,18.027755737304688,0.7934175729751587,0.018191909417510033
2499,2,2499,spatial_specificity,18.11077117919922,0.8088417053222656,0.01727639138698578
2499,2,2499,spatial_specificity,18.248287200927734,0.8050834536552429,0.017858948558568954
2499,2,2499,spatial_specificity,18.357559204101562,0.7786481380462646,0.020454086363315582
2499,2,2499,spatial_specificity,18.384777069091797,0.7816058993339539,0.020228268578648567
2499,2,2499,spatial_specificity,18.439088821411133,0.7861871123313904,0.019421661272644997
2499,2,2499,spatial_specificity,18.601076126098633,0.7725911140441895,0.02125578373670578
2499,2,2499,spatial_specificity,18.681541442871094,0.7961287498474121,0.019461818039417267
2499,2,2499,spatial_specificity,18.788293838500977,0.7822859287261963,0.020686527714133263
2499,2,2499,spatial_specificity,18.867961883544922,0.7747807502746582,0.02147182822227478
2499,2,2499,spatial_specificity,18.973665237426758,0.7912853956222534,0.02014496736228466
2499,2,2499,spatial_specificity,19.0,0.8117734789848328,0.018705260008573532
2499,2,2499,spatial_specificity,19.02629852294922,0.8105721473693848,0.01882161758840084
2499,2,2499,spatial_specificity,19.10497283935547,0.7888931035995483,0.01937837339937687
2499,2,2499,spatial_specificity,19.209373474121094,0.7701935768127441,0.022283699363470078
2499,2,2499,spatial_specificity,19.235383987426758,0.7914310097694397,0.01995134726166725
2499,2,2499,spatial_specificity,19.313207626342773,0.7864570617675781,0.020949196070432663
2499,2,2499,spatial_specificity,19.416488647460938,0.7862268090248108,0.020738231018185616
2499,2,2499,spatial_specificity,19.646883010864258,0.7957698106765747,0.020791348069906235
2499,2,2499,spatial_specificity,19.697715759277344,0.7820479869842529,0.021931564435362816
2499,2,2499,spatial_specificity,19.72308349609375,0.7744656205177307,0.022587811574339867
2499,2,2499,spatial_specificity,19.79899024963379,0.7679322957992554,0.023287009447813034
2499,2,2499,spatial_specificity,19.84943389892578,0.7684195637702942,0.023233680054545403
2499,2,2499,spatial_specificity,19.92485809326172,0.7911882400512695,0.021596232429146767
2499,2,2499,spatial_specificity,20.0,0.7842394709587097,0.020808812230825424
2499,2,2499,spatial_specificity,20.02498435974121,0.8109409213066101,0.020756376907229424
2499,2,2499,spatial_specificity,20.099750518798828,0.8084288835525513,0.02096543088555336
2499,2,2499,spatial_specificity,20.124610900878906,0.7781656980514526,0.02286912500858307
2499,2,2499,spatial_specificity,20.2237491607666,0.8050783276557922,0.02145295962691307
2499,2,2499,spatial_specificity,20.248456954956055,0.7793025970458984,0.022854231297969818
2499,2,2499,spatial_specificity,20.39607810974121,0.8010045289993286,0.021999891847372055
2499,2,2499,spatial_specificity,20.51828384399414,0.7674154043197632,0.024516955018043518
2499,2,2499,spatial_specificity,20.59126091003418,0.7750409245491028,0.023887725546956062
2499,2,2499,spatial_specificity,20.615528106689453,0.7825906276702881,0.02303800918161869
2499,2,2499,spatial_specificity,20.808650970458984,0.7702345848083496,0.025014720857143402
2499,2,2499,spatial_specificity,20.880613327026367,0.7920966744422913,0.02313852682709694
2499,2,2499,spatial_specificity,21.0,0.8143802881240845,0.022596469148993492
2499,2,2499,spatial_specificity,21.02379608154297,0.7964732050895691,0.02240542694926262
2499,2,2499,spatial_specificity,21.095022201538086,0.7921885251998901,0.02292262203991413
2499,2,2499,spatial_specificity,21.189619064331055,0.7880781292915344,0.02369283325970173
2499,2,2499,spatial_specificity,21.21320343017578,0.7941406965255737,0.022889217361807823
2499,2,2499,spatial_specificity,21.260292053222656,0.7677003741264343,0.026172643527388573
2499,2,2499,spatial_specificity,21.3775577545166,0.803343653678894,0.023279882967472076
2499,2,2499,spatial_specificity,21.40093421936035,0.7691899538040161,0.026371505111455917
2499,2,2499,spatial_specificity,21.470911026000977,0.7761405110359192,0.02546398900449276
2499,2,2499,spatial_specificity,21.540658950805664,0.7844268679618835,0.024761904031038284
2499,2,2499,spatial_specificity,21.587032318115234,0.7990628480911255,0.023677824065089226
2499,2,2499,spatial_specificity,21.63330841064453,0.771371603012085,0.026638377457857132
2499,2,2499,spatial_specificity,21.840330123901367,0.7952954769134521,0.024191096425056458
2499,2,2499,spatial_specificity,21.931711196899414,0.7744824290275574,0.02666616439819336
2499,2,2499,spatial_specificity,21.954498291015625,0.7744638919830322,0.026989325881004333
2499,2,2499,spatial_specificity,22.0,0.8186870813369751,0.023803312331438065
2499,2,2499,spatial_specificity,22.022714614868164,0.7934404015541077,0.02376861497759819
2499,2,2499,spatial_specificity,22.090721130371094,0.8149871826171875,0.023598602041602135
2499,2,2499,spatial_specificity,22.135944366455078,0.7917555570602417,0.025312189012765884
2499,2,2499,spatial_specificity,22.203603744506836,0.7915056943893433,0.024886976927518845
2499,2,2499,spatial_specificity,22.360679626464844,0.7940592169761658,0.025504890829324722
2499,2,2499,spatial_specificity,22.472204208374023,0.7813607454299927,0.027754060924053192
2499,2,2499,spatial_specificity,22.56102752685547,0.8052029609680176,0.025189468637108803
2499,2,2499,spatial_specificity,22.627416610717773,0.769130289554596,0.030115488916635513
2499,2,2499,spatial_specificity,22.671567916870117,0.7697383165359497,0.030097104609012604
2499,2,2499,spatial_specificity,22.803508758544922,0.7866230010986328,0.02804829180240631
2499,2,2499,spatial_specificity,22.825424194335938,0.7788256406784058,0.029792871326208115
2499,2,2499,spatial_specificity,22.847320556640625,0.7865580320358276,0.028749223798513412
2499,2,2499,spatial_specificity,23.0,0.8256412744522095,0.025787755846977234
2499,2,2499,spatial_specificity,23.021728515625,0.7998453378677368,0.02649889886379242
2499,2,2499,spatial_specificity,23.086793899536133,0.8109622001647949,0.026973441243171692
2499,2,2499,spatial_specificity,23.194828033447266,0.8205732107162476,0.027475783601403236
2499,2,2499,spatial_specificity,23.25940704345703,0.785845160484314,0.03133443370461464
2499,2,2499,spatial_specificity,23.323808670043945,0.7793455123901367,0.03257070109248161
2499,2,2499,spatial_specificity,23.345233917236328,0.7952714562416077,0.02929450199007988
2499,2,2499,spatial_specificity,23.409400939941406,0.7964418530464172,0.031108075752854347
2499,2,2499,spatial_specificity,23.430747985839844,0.7743633985519409,0.03376665338873863
2499,2,2499,spatial_specificity,23.53720474243164,0.814417839050293,0.02956002578139305
2499,2,2499,spatial_specificity,23.600847244262695,0.7770183086395264,0.03454432263970375
2499,2,2499,spatial_specificity,23.706539154052734,0.786220908164978,0.034400030970573425
2499,2,2499,spatial_specificity,23.769729614257812,0.8031891584396362,0.03239655867218971
2499,2,2499,spatial_specificity,23.853721618652344,0.7812477946281433,0.03595235198736191
2499,2,2499,spatial_specificity,24.0,0.8366998434066772,0.030601320788264275
2499,2,2499,spatial_specificity,24.020824432373047,0.8355703353881836,0.030445855110883713
2499,2,2499,spatial_specificity,24.0416316986084,0.7987489700317383,0.03451497107744217
2499,2,2499,spatial_specificity,24.083189010620117,0.8067927360534668,0.0317297987639904
2499,2,2499,spatial_specificity,24.166091918945312,0.7952651381492615,0.03682757169008255
2499,2,2499,spatial_specificity,24.1867733001709,0.8094479441642761,0.032533567398786545
2499,2,2499,spatial_specificity,24.207435607910156,0.7825864553451538,0.0392138734459877
2499,2,2499,spatial_specificity,24.3310489654541,0.8282806277275085,0.03098786622285843
2499,2,2499,spatial_specificity,24.351591110229492,0.806951642036438,0.03609398752450943
2499,2,2499,spatial_specificity,24.413110733032227,0.7857989072799683,0.04029524698853493
2499,2,2499,spatial_specificity,24.515300750732422,0.8249744176864624,0.032159239053726196
2499,2,2499,spatial_specificity,24.59674835205078,0.7962340712547302,0.03998931497335434
2499,2,2499,spatial_specificity,24.698179244995117,0.7987119555473328,0.04008985310792923
2499,2,2499,spatial_specificity,24.73863410949707,0.8217581510543823,0.03361530974507332
2499,2,2499,spatial_specificity,24.75883674621582,0.789171576499939,0.04477712884545326
2499,2,2499,spatial_specificity,24.83948516845703,0.790627121925354,0.04517340660095215
2499,2,2499,spatial_specificity,25.0,0.8143911361694336,0.03698118403553963
2499,2,2499,spatial_specificity,25.01999282836914,0.846866250038147,0.030795235186815262
2499,2,2499,spatial_specificity,25.05992889404297,0.7988177537918091,0.043458931148052216
2499,2,2499,spatial_specificity,25.079872131347656,0.8257777094841003,0.03424407169222832
2499,2,2499,spatial_specificity,25.179357528686523,0.8429511785507202,0.03087702766060829
2499,2,2499,spatial_specificity,25.238859176635742,0.7976020574569702,0.046725720167160034
2499,2,2499,spatial_specificity,25.298221588134766,0.818462073802948,0.038170259445905685
2499,2,2499,spatial_specificity,25.317977905273438,0.8400421142578125,0.03196876123547554
2499,2,2499,spatial_specificity,25.455842971801758,0.7988451719284058,0.05057355761528015
2499,2,2499,spatial_specificity,25.495098114013672,0.8146150708198547,0.041829947382211685
2499,2,2499,spatial_specificity,25.553865432739258,0.8038952946662903,0.04778667911887169
2499,2,2499,spatial_specificity,25.612497329711914,0.8021791577339172,0.05164685100317001
2499,2,2499,spatial_specificity,25.63201141357422,0.8183744549751282,0.04083443805575371
2499,2,2499,spatial_specificity,25.709918975830078,0.8350092172622681,0.035312995314598083
2499,2,2499,spatial_specificity,25.806976318359375,0.8060600161552429,0.05207202583551407
2499,2,2499,spatial_specificity,25.942243576049805,0.8127376437187195,0.04860672354698181
2499,2,2499,spatial_specificity,25.961509704589844,0.8336364030838013,0.037320736795663834
2499,2,2499,spatial_specificity,26.0,0.8335533142089844,0.03751906007528305
2499,2,2499,spatial_specificity,26.019224166870117,0.8601323366165161,0.029196342453360558
2499,2,2499,spatial_specificity,26.076810836791992,0.8347772359848022,0.039789896458387375
2499,2,2499,spatial_specificity,26.172504425048828,0.8326196670532227,0.042004089802503586
2499,2,2499,spatial_specificity,26.248809814453125,0.8219131231307983,0.04731179028749466
2499,2,2499,spatial_specificity,26.305892944335938,0.8553529977798462,0.03202196955680847
2499,2,2499,spatial_specificity,26.400758743286133,0.8188840746879578,0.05197739973664284
2499,2,2499,spatial_specificity,26.419689178466797,0.8193119764328003,0.05271126702427864
2499,2,2499,spatial_specificity,26.476404190063477,0.8536170125007629,0.033167507499456406
2499,2,2499,spatial_specificity,26.570661544799805,0.8347578048706055,0.04296811297535896
2499,2,2499,spatial_specificity,26.62705421447754,0.8199845552444458,0.05635480955243111
2499,2,2499,spatial_specificity,26.68332862854004,0.8525433540344238,0.034800536930561066
2499,2,2499,spatial_specificity,26.832815170288086,0.8291116952896118,0.05142466723918915
2499,2,2499,spatial_specificity,26.870058059692383,0.8209372758865356,0.05806712806224823
2499,2,2499,spatial_specificity,26.90724754333496,0.821090817451477,0.057648833841085434
2499,2,2499,spatial_specificity,26.925825119018555,0.8385617136955261,0.04556190222501755
2499,2,2499,spatial_specificity,27.0,0.8766897916793823,0.028262322768568993
2499,2,2499,spatial_specificity,27.018512725830078,0.8498771786689758,0.042326100170612335
2499,2,2499,spatial_specificity,27.073972702026367,0.8748155832290649,0.029182102531194687
2499,2,2499,spatial_specificity,27.166154861450195,0.8731938600540161,0.029557274654507637
2499,2,2499,spatial_specificity,27.202939987182617,0.8402376174926758,0.048411108553409576
2499,2,2499,spatial_specificity,27.294689178466797,0.8542385101318359,0.04124564677476883
2499,2,2499,spatial_specificity,27.312999725341797,0.8410881161689758,0.0473484992980957
2499,2,2499,spatial_specificity,27.459060668945312,0.8496963381767273,0.04214227944612503
2499,2,2499,spatial_specificity,27.51363182067871,0.8517857789993286,0.04049915447831154
2499,2,2499,spatial_specificity,27.58622932434082,0.8258361220359802,0.057572685182094574
2499,2,2499,spatial_specificity,27.658634185791016,0.8491544127464294,0.0452662892639637
2499,2,2499,spatial_specificity,27.730850219726562,0.8442721366882324,0.049108777195215225
2499,2,2499,spatial_specificity,27.784889221191406,0.8408560156822205,0.05291847139596939
2499,2,2499,spatial_specificity,27.80287742614746,0.835279643535614,0.05677296966314316
2499,2,2499,spatial_specificity,27.856775283813477,0.8548915386199951,0.04347282648086548
2499,2,2499,spatial_specificity,27.89265251159668,0.8701850771903992,0.03491222858428955
2499,2,2499,spatial_specificity,28.0,0.8974578380584717,0.025170136243104935
2499,2,2499,spatial_specificity,28.017852783203125,0.867198646068573,0.03902843967080116
2499,2,2499,spatial_specificity,28.07133674621582,0.8949978351593018,0.02633432298898697
2499,2,2499,spatial_specificity,28.160255432128906,0.8820682168006897,0.030767349526286125
2499,2,2499,spatial_specificity,28.17800521850586,0.8514795899391174,0.05054003372788429
2499,2,2499,spatial_specificity,28.231189727783203,0.8591396808624268,0.04524591937661171
2499,2,2499,spatial_specificity,28.284271240234375,0.873894453048706,0.03707295283675194
2499,2,2499,spatial_specificity,28.301944732666016,0.8497788310050964,0.05387640371918678
2499,2,2499,spatial_specificity,28.319604873657227,0.8394685983657837,0.05848553404211998
2499,2,2499,spatial_specificity,28.42534065246582,0.8436583280563354,0.05868115276098251
2499,2,2499,spatial_specificity,28.44292640686035,0.8898394703865051,0.027138197794556618
2499,2,2499,spatial_specificity,28.460498809814453,0.8699911832809448,0.03709248825907707
2499,2,2499,spatial_specificity,28.60070037841797,0.8488372564315796,0.05670955777168274
2499,2,2499,spatial_specificity,28.635643005371094,0.8741827607154846,0.036187976598739624
2499,2,2499,spatial_specificity,28.65309715270996,0.8551629781723022,0.04988538846373558
2499,2,2499,spatial_specificity,28.792360305786133,0.8723511695861816,0.03812991455197334
2499,2,2499,spatial_specificity,28.844409942626953,0.852240264415741,0.05404988303780556
2499,2,2499,spatial_specificity,28.861740112304688,0.887465238571167,0.028689080849289894
2499,2,2499,spatial_specificity,29.0,0.8694983124732971,0.0460788756608963
2499,2,2499,spatial_specificity,29.017236709594727,0.9121419191360474,0.02171579748392105
2499,2,2499,spatial_specificity,29.068883895874023,0.8734607696533203,0.04092342406511307
2499,2,2499,spatial_specificity,29.120439529418945,0.8869795203208923,0.02982081100344658
2499,2,2499,spatial_specificity,29.15475845336914,0.88017737865448,0.03556016460061073
2499,2,2499,spatial_specificity,29.20616340637207,0.8572428226470947,0.05531008541584015
2499,2,2499,spatial_specificity,29.27456283569336,0.9062166810035706,0.019969133660197258
2499,2,2499,spatial_specificity,29.4108829498291,0.874748170375824,0.04135746508836746
2499,2,2499,spatial_specificity,29.42787742614746,0.9036878347396851,0.019812915474176407
2499,2,2499,spatial_specificity,29.529645919799805,0.8678959012031555,0.04537152871489525
2499,2,2499,spatial_specificity,29.546573638916016,0.874859631061554,0.04020011052489281
2499,2,2499,spatial_specificity,29.614185333251953,0.901961624622345,0.02150559611618519
2499,2,2499,spatial_specificity,29.681644439697266,0.8675194978713989,0.04762089252471924
2499,2,2499,spatial_specificity,29.698484420776367,0.8581938743591309,0.055495116859674454
2499,2,2499,spatial_specificity,29.73213768005371,0.8707407712936401,0.04227254167199135
2499,2,2499,spatial_specificity,29.832868576049805,0.877193808555603,0.03736508637666702
2499,2,2499,spatial_specificity,29.96664810180664,0.8727641105651855,0.038771290332078934
2499,2,2499,spatial_specificity,30.0,0.8784509301185608,0.04092646390199661
2499,2,2499,spatial_specificity,30.01666259765625,0.8875967264175415,0.030538326129317284
2499,2,2499,spatial_specificity,30.066593170166016,0.9140195250511169,0.013765783980488777
2499,2,2499,spatial_specificity,30.08321762084961,0.8845638036727905,0.025973092764616013
2499,2,2499,spatial_specificity,30.149627685546875,0.9108631610870361,0.014007003977894783
2499,2,2499,spatial_specificity,30.232433319091797,0.8662687540054321,0.04615524783730507
2499,2,2499,spatial_specificity,30.265491485595703,0.9079341888427734,0.014536132104694843
2499,2,2499,spatial_specificity,30.36445426940918,0.8877153396606445,0.024799324572086334
2499,2,2499,spatial_specificity,30.4138126373291,0.8766637444496155,0.03803735971450806
2499,2,2499,spatial_specificity,30.463092803955078,0.8796126246452332,0.03362506628036499
2499,2,2499,spatial_specificity,30.479501724243164,0.8680575489997864,0.05030522122979164
2499,2,2499,spatial_specificity,30.528675079345703,0.8704092502593994,0.044210050255060196
2499,2,2499,spatial_specificity,30.594118118286133,0.9024717807769775,0.014817196875810623
2499,2,2499,spatial_specificity,30.610454559326172,0.8713106513023376,0.04779544100165367
2499,2,2499,spatial_specificity,30.675724029541016,0.8851568102836609,0.026868898421525955
2499,2,2499,spatial_specificity,30.805843353271484,0.8819568157196045,0.035150203853845596
2499,2,2499,spatial_specificity,30.870698928833008,0.880289614200592,0.03494434058666229
2499,2,2499,spatial_specificity,30.886890411376953,0.8769699931144714,0.039273034781217575
2499,2,2499,spatial_specificity,31.0,0.9272842407226562,0.01059174444526434
2499,2,2499,spatial_specificity,31.016124725341797,0.8979633450508118,0.02026156522333622
2499,2,2499,spatial_specificity,31.048349380493164,0.8975787162780762,0.01929791271686554
2499,2,2499,spatial_specificity,31.064449310302734,0.8906599879264832,0.034260865300893784
2499,2,2499,spatial_specificity,31.11269760131836,0.8684433102607727,0.04702479764819145
2499,2,2499,spatial_specificity,31.14482307434082,0.8833568096160889,0.039181213825941086
2499,2,2499,spatial_specificity,31.240999221801758,0.8717069029808044,0.04519582912325859
2499,2,2499,spatial_specificity,31.256999969482422,0.9197069406509399,0.006406793836504221
2499,2,2499,spatial_specificity,31.30495262145996,0.8814566731452942,0.03536967560648918
2499,2,2499,spatial_specificity,31.320920944213867,0.8940851092338562,0.0221882127225399
2499,2,2499,spatial_specificity,31.384708404541016,0.8826088309288025,0.03334813192486763
2499,2,2499,spatial_specificity,31.400636672973633,0.8839784264564514,0.03665894642472267
2499,2,2499,spatial_specificity,31.575305938720703,0.9110609889030457,0.009560550563037395
2499,2,2499,spatial_specificity,31.62277603149414,0.8831990957260132,0.034892577677965164
2499,2,2499,spatial_specificity,31.764760971069336,0.8849745988845825,0.034748878329992294
2499,2,2499,spatial_specificity,31.780498504638672,0.8925824165344238,0.028130410239100456
2499,2,2499,spatial_specificity,31.827659606933594,0.8687694668769836,0.045223087072372437
2499,2,2499,spatial_specificity,31.890438079833984,0.8709149360656738,0.044330205768346786
2499,2,2499,spatial_specificity,31.906112670898438,0.8840301632881165,0.03855130821466446
2499,2,2499,spatial_specificity,31.95309066772461,0.8947742581367493,0.02879052422940731
2499,2,2499,spatial_specificity,32.015621185302734,0.8786628246307373,0.03555566817522049
2499,2,2499,spatial_specificity,32.202484130859375,0.8869954347610474,0.03478677198290825
2499,2,2499,spatial_specificity,32.24903106689453,0.8891161680221558,0.032950859516859055
2499,2,2499,spatial_specificity,32.280025482177734,0.8961240649223328,0.01268311869353056
2499,2,2499,spatial_specificity,32.31098937988281,0.8968746662139893,0.030786704272031784
2499,2,2499,spatial_specificity,32.4499626159668,0.8818678259849548,0.03785695880651474
2499,2,2499,spatial_specificity,32.526912689208984,0.8583521842956543,0.040517084300518036
2499,2,2499,spatial_specificity,32.557640075683594,0.860021710395813,0.040258314460515976
2499,2,2499,spatial_specificity,32.572994232177734,0.8952709436416626,0.014578064903616905
2499,2,2499,spatial_specificity,32.649654388427734,0.8834449648857117,0.03732405602931976
2499,2,2499,spatial_specificity,32.69556427001953,0.8904302716255188,0.03529869392514229
2499,2,2499,spatial_specificity,32.75667953491211,0.8781119585037231,0.03351300209760666
2499,2,2499,spatial_specificity,32.80244064331055,0.873177707195282,0.03477133437991142
2499,2,2499,spatial_specificity,32.893768310546875,0.8925890922546387,0.018450509756803513
2499,2,2499,spatial_specificity,33.0151481628418,0.8721017837524414,0.03188139572739601
2499,2,2499,spatial_specificity,33.105892181396484,0.8801589608192444,0.0287174042314291
2499,2,2499,spatial_specificity,33.12099075317383,0.8763376474380493,0.028564179316163063
2499,2,2499,spatial_specificity,33.241539001464844,0.8653875589370728,0.030728880316019058
2499,2,2499,spatial_specificity,33.2866325378418,0.8665015697479248,0.029047168791294098
2499,2,2499,spatial_specificity,33.30165100097656,0.8643648028373718,0.03317873179912567
2499,2,2499,spatial_specificity,33.42155075073242,0.8647170662879944,0.02988266386091709
2499,2,2499,spatial_specificity,33.541019439697266,0.872929573059082,0.026276934891939163
2499,2,2499,spatial_specificity,33.60059356689453,0.8678162693977356,0.031044868752360344
2499,2,2499,spatial_specificity,33.615474700927734,0.877247154712677,0.025186635553836823
2499,2,2499,spatial_specificity,33.83784866333008,0.8742260932922363,0.026303967460989952
2499,2,2499,spatial_specificity,33.941123962402344,0.8728306293487549,0.03010430745780468
2499,2,2499,spatial_specificity,33.97057342529297,0.8720858097076416,0.028734153136610985
2499,2,2499,spatial_specificity,34.0,0.8753843307495117,0.025126496329903603
2499,2,2499,spatial_specificity,34.01470184326172,0.8911018371582031,0.018161369487643242
2499,2,2499,spatial_specificity,34.058773040771484,0.8711958527565002,0.029201479628682137
2499,2,2499,spatial_specificity,34.13209533691406,0.879011332988739,0.023980678990483284
2499,2,2499,spatial_specificity,34.20526123046875,0.8753621578216553,0.02618599310517311
2499,2,2499,spatial_specificity,34.4093017578125,0.8655293583869934,0.010622859001159668
2499,2,2499,spatial_specificity,34.438350677490234,0.8937692046165466,0.01936533860862255
2499,2,2499,spatial_specificity,34.48188018798828,0.8643536567687988,0.012071549892425537
2499,2,2499,spatial_specificity,34.65544891357422,0.8596690893173218,0.010180383920669556
2499,2,2499,spatial_specificity,34.66987228393555,0.8701494932174683,0.008173465728759766
2499,2,2499,spatial_specificity,34.71310806274414,0.8627007007598877,0.008768826723098755
2499,2,2499,spatial_specificity,34.828147888183594,0.8668416738510132,0.0070167481899261475
2499,2,2499,spatial_specificity,34.885528564453125,0.883488655090332,0.01119258999824524
2499,2,2499,spatial_specificity,34.98571014404297,0.8684048056602478,0.007862329483032227
2499,2,2499,spatial_specificity,35.0,0.871476411819458,0.005403250455856323
2499,2,2499,spatial_specificity,35.22782897949219,0.875131368637085,0.0035557150840759277
2499,2,2499,spatial_specificity,35.35533905029297,0.8725584745407104,0.002609461545944214
2499,2,2499,spatial_specificity,35.38361358642578,0.871005654335022,0.0021155476570129395
2499,2,2499,spatial_specificity,35.46829605102539,0.8731391429901123,0.0014757513999938965
2499,2,2499,spatial_specificity,35.510562896728516,0.8725459575653076,0.00302964448928833
2499,2,2499,spatial_specificity,35.60898971557617,0.8761239051818848,0.0004353821277618408
2499,2,2499,spatial_specificity,35.80502700805664,0.878512442111969,0.0005515217781066895
2499,2,2499,spatial_specificity,35.84689712524414,0.889159083366394,0.002600252628326416
2499,2,2499,spatial_specificity,36.055511474609375,0.8754216432571411,0.00012427568435668945
2499,2,2499,spatial_specificity,36.06937789916992,0.8773343563079834,0.0036868155002593994
2499,2,2499,spatial_specificity,36.12478256225586,0.8788036108016968,0.003907829523086548
2499,2,2499,spatial_specificity,36.2353401184082,0.8807743787765503,0.004305809736251831
2499,2,2499,spatial_specificity,36.359317779541016,0.8941384553909302,0.001183241605758667
2499,2,2499,spatial_specificity,36.400550842285156,0.881035566329956,0.004586756229400635
2499,2,2499,spatial_specificity,36.619667053222656,0.8774207234382629,0.001970529556274414
2499,2,2499,spatial_specificity,36.769554138183594,0.8828821182250977,0.007038801908493042
2499,2,2499,spatial_specificity,36.79673767089844,0.882790207862854,0.007532894611358643
2499,2,2499,spatial_specificity,36.878177642822266,0.8841421604156494,0.00783202052116394
2499,2,2499,spatial_specificity,36.8917350769043,0.8986304402351379,0.0011136531829833984
2499,2,2499,spatial_specificity,37.013511657714844,0.8832888603210449,0.007215291261672974
2499,2,2499,spatial_specificity,37.202152252197266,0.8801883459091187,0.004240214824676514
2499,2,2499,spatial_specificity,37.44329071044922,0.9032105207443237,0.00020626187324523926
2499,2,2499,spatial_specificity,37.48332977294922,0.8861644268035889,0.008882462978363037
2499,2,2499,spatial_specificity,37.53664779663086,0.8860893249511719,0.009072929620742798
2499,2,2499,spatial_specificity,37.643062591552734,0.8842320442199707,0.008950620889663696
2499,2,2499,spatial_specificity,37.80211639404297,0.8824027180671692,0.004987478256225586
2499,2,2499,spatial_specificity,38.01315689086914,0.9067441821098328,0.0003153681755065918
2499,2,2499,spatial_specificity,38.18376541137695,0.8886141777038574,0.0092964768409729
2499,2,2499,spatial_specificity,38.20994567871094,0.8882626891136169,0.009008228778839111
2499,2,2499,spatial_specificity,38.28837966918945,0.8849986791610718,0.010104537010192871
2499,2,2499,spatial_specificity,38.41874694824219,0.883691132068634,0.005493879318237305
2499,2,2499,spatial_specificity,38.60051727294922,0.912058413028717,0.0023717880249023438
2499,2,2499,spatial_specificity,38.897300720214844,0.8915520310401917,0.008715212345123291
2499,2,2499,spatial_specificity,38.94868469238281,0.8872126340866089,0.009660899639129639
2499,2,2499,spatial_specificity,39.051246643066406,0.8864843845367432,0.004296749830245972
2499,2,2499,spatial_specificity,39.20458984375,0.9147677421569824,0.0017277300357818604
2499,2,2499,spatial_specificity,39.59798049926758,0.8946291208267212,0.00703844428062439
2499,2,2499,spatial_specificity,39.623226165771484,0.8914778232574463,0.008896619081497192
2499,2,2499,spatial_specificity,39.69886779785156,0.8905916810035706,0.0028789639472961426
2499,2,2499,spatial_specificity,39.824615478515625,0.9195566177368164,0.00047966837882995605
2499,2,2499,spatial_specificity,40.31128692626953,0.8949142694473267,0.0068194568157196045
2499,2,2499,spatial_specificity,40.360870361328125,0.8962209820747375,0.00046575069427490234
2499,2,2499,spatial_specificity,40.45985794067383,0.9235588908195496,0.0
2499,2,2499,spatial_specificity,41.01219177246094,0.8976891040802002,0.004056841135025024
2499,2,2499,spatial_specificity,41.03656768798828,0.8999271392822266,0.002039790153503418
2499,2,2499,spatial_specificity,41.1096076965332,0.9279945492744446,0.0
2499,2,2499,spatial_specificity,41.72529220581055,0.9034106731414795,0.006089955568313599
2499,2,2499,spatial_specificity,41.773197174072266,0.932400107383728,0.0
2499,2,2499,spatial_specificity,42.42640686035156,0.9158650636672974,0.013784527778625488
2499,2,2499,spatial_specificity,42.44997024536133,0.9283123016357422,0.0
2499,2,2499,spatial_specificity,43.13930892944336,0.9454960823059082,0.0
2999,3,2999,cls_effective_rank,,13.220438003540039,0.8890392184257507
2999,3,2999,patch_effective_rank,,67.17496490478516,7.133657932281494
2999,3,2999,mean_off_diagonal_similarity,,0.8438024520874023,0.010607363656163216
2999,3,2999,spatial_specificity_correlation,,-0.36451271176338196,0.05989303067326546
2999,3,2999,spatial_specificity,1.0,0.9708978533744812,0.0031966385431587696
2999,3,2999,spatial_specificity,1.4142135381698608,0.9586759805679321,0.004235695581883192
2999,3,2999,spatial_specificity,2.0,0.9459093809127808,0.005331233609467745
2999,3,2999,spatial_specificity,2.2360680103302,0.9400652647018433,0.005338163580745459
2999,3,2999,spatial_specificity,2.8284270763397217,0.928347110748291,0.005826650187373161
2999,3,2999,spatial_specificity,3.0,0.9276250004768372,0.005494869314134121
2999,3,2999,spatial_specificity,3.1622776985168457,0.9241081476211548,0.005305827129632235
2999,3,2999,spatial_specificity,3.605551242828369,0.916334331035614,0.0057378532364964485
2999,3,2999,spatial_specificity,4.0,0.9127033948898315,0.005493227858096361
2999,3,2999,spatial_specificity,4.123105525970459,0.9101063013076782,0.005327307153493166
2999,3,2999,spatial_specificity,4.242640495300293,0.9065330624580383,0.006268485449254513
2999,3,2999,spatial_specificity,4.4721360206604,0.9041851162910461,0.005795511417090893
2999,3,2999,spatial_specificity,5.0,0.8970683813095093,0.006091571878641844
2999,3,2999,spatial_specificity,5.099019527435303,0.8972895741462708,0.005596295930445194
2999,3,2999,spatial_specificity,5.385164737701416,0.8924118280410767,0.005770208779722452
2999,3,2999,spatial_specificity,5.656854152679443,0.8866503834724426,0.007129101548343897
2999,3,2999,spatial_specificity,5.830952167510986,0.8853376507759094,0.006534671876579523
2999,3,2999,spatial_specificity,6.0,0.8883026242256165,0.005941731855273247
2999,3,2999,spatial_specificity,6.082762241363525,0.8863306045532227,0.005910455249249935
2999,3,2999,spatial_specificity,6.324555397033691,0.882048487663269,0.005945421289652586
2999,3,2999,spatial_specificity,6.4031243324279785,0.8772541284561157,0.007313620299100876
2999,3,2999,spatial_specificity,6.7082037925720215,0.8758280873298645,0.006674297619611025
2999,3,2999,spatial_specificity,7.0,0.8787553906440735,0.006081639789044857
2999,3,2999,spatial_specificity,7.071067810058594,0.8744004368782043,0.006581744644790888
2999,3,2999,spatial_specificity,7.211102485656738,0.8685995936393738,0.007528179790824652
2999,3,2999,spatial_specificity,7.280109882354736,0.8732302784919739,0.006342679727822542
2999,3,2999,spatial_specificity,7.6157732009887695,0.8676818609237671,0.0070852297358214855
2999,3,2999,spatial_specificity,7.8102498054504395,0.8610939979553223,0.008039574138820171
2999,3,2999,spatial_specificity,8.0,0.8704202771186829,0.006375805474817753
2999,3,2999,spatial_specificity,8.062257766723633,0.8649155497550964,0.007143062073737383
2999,3,2999,spatial_specificity,8.246211051940918,0.8652702569961548,0.007013932801783085
2999,3,2999,spatial_specificity,8.485280990600586,0.8539331555366516,0.008410301059484482
2999,3,2999,spatial_specificity,8.5440034866333,0.8601284027099609,0.007624724879860878
2999,3,2999,spatial_specificity,8.602325439453125,0.8541126251220703,0.008356520906090736
2999,3,2999,spatial_specificity,8.9442720413208,0.8540504574775696,0.008161282166838646
2999,3,2999,spatial_specificity,9.0,0.8630189895629883,0.006817760411649942
2999,3,2999,spatial_specificity,9.05538558959961,0.8613985180854797,0.007166048977524042
2999,3,2999,spatial_specificity,9.219544410705566,0.8527380228042603,0.008100365288555622
2999,3,2999,spatial_specificity,9.433980941772461,0.8476822972297668,0.008685455657541752
2999,3,2999,spatial_specificity,9.486832618713379,0.8534008264541626,0.008118185214698315
2999,3,2999,spatial_specificity,9.848857879638672,0.8478631973266602,0.008477210067212582
2999,3,2999,spatial_specificity,9.899495124816895,0.8411831855773926,0.00927751511335373
2999,3,2999,spatial_specificity,10.0,0.846645176410675,0.008354238234460354
2999,3,2999,spatial_specificity,10.049875259399414,0.8550186157226562,0.00760466605424881
2999,3,2999,spatial_specificity,10.198039054870605,0.8518010377883911,0.008118954487144947
2999,3,2999,spatial_specificity,10.29563045501709,0.8420858383178711,0.008994019590318203
2999,3,2999,spatial_specificity,10.440306663513184,0.8476445078849792,0.008502446115016937
2999,3,2999,spatial_specificity,10.630146026611328,0.8358199000358582,0.009863817133009434
2999,3,2999,spatial_specificity,10.770329475402832,0.8426300883293152,0.008991813287138939
2999,3,2999,spatial_specificity,10.816654205322266,0.8364993929862976,0.009689691476523876
2999,3,2999,spatial_specificity,11.0,0.8514900207519531,0.007724295370280743
2999,3,2999,spatial_specificity,11.045360565185547,0.849934458732605,0.008023427799344063
2999,3,2999,spatial_specificity,11.180339813232422,0.8421674966812134,0.008980274200439453
2999,3,2999,spatial_specificity,11.313708305358887,0.8306769132614136,0.010426406748592854
2999,3,2999,spatial_specificity,11.401754379272461,0.8371723294258118,0.009539960883557796
2999,3,2999,spatial_specificity,11.661904335021973,0.8319797515869141,0.010240769945085049
2999,3,2999,spatial_specificity,11.704700469970703,0.8382518887519836,0.009558978490531445
2999,3,2999,spatial_specificity,12.0,0.8474831581115723,0.00817305687814951
2999,3,2999,spatial_specificity,12.041594505310059,0.8362385630607605,0.009350507520139217
2999,3,2999,spatial_specificity,12.083045959472656,0.8330506086349487,0.010196926072239876
2999,3,2999,spatial_specificity,12.16552448272705,0.8428870439529419,0.00903883296996355
2999,3,2999,spatial_specificity,12.206555366516113,0.8270429372787476,0.010881955735385418
2999,3,2999,spatial_specificity,12.369317054748535,0.8390952944755554,0.009478379040956497
2999,3,2999,spatial_specificity,12.529964447021484,0.827933669090271,0.010889788158237934
2999,3,2999,spatial_specificity,12.649110794067383,0.8344730138778687,0.010010934434831142
2999,3,2999,spatial_specificity,12.727921485900879,0.8218429684638977,0.011505892500281334
2999,3,2999,spatial_specificity,12.806248664855957,0.8223115801811218,0.011515905149281025
2999,3,2999,spatial_specificity,13.0,0.8345422744750977,0.00966581143438816
2999,3,2999,spatial_specificity,13.038405418395996,0.8333045840263367,0.009827828034758568
2999,3,2999,spatial_specificity,13.152946472167969,0.8399774432182312,0.009240422397851944
2999,3,2999,spatial_specificity,13.34166431427002,0.8359959721565247,0.009736590087413788
2999,3,2999,spatial_specificity,13.416407585144043,0.8244002461433411,0.011303873732686043
2999,3,2999,spatial_specificity,13.45362377166748,0.8180111050605774,0.012039026245474815
2999,3,2999,spatial_specificity,13.601469993591309,0.8250771760940552,0.011086013168096542
2999,3,2999,spatial_specificity,13.892444610595703,0.8198084831237793,0.011902167461812496
2999,3,2999,spatial_specificity,13.928387641906738,0.8264155387878418,0.011040476150810719
2999,3,2999,spatial_specificity,14.0,0.8423614501953125,0.008919579908251762
2999,3,2999,spatial_specificity,14.03566837310791,0.8409943580627441,0.00924182403832674
2999,3,2999,spatial_specificity,14.142135620117188,0.8301124572753906,0.01025180984288454
2999,3,2999,spatial_specificity,14.21267032623291,0.8145780563354492,0.012605485506355762
2999,3,2999,spatial_specificity,14.317821502685547,0.8277462124824524,0.0107441870495677
2999,3,2999,spatial_specificity,14.422204971313477,0.8154695630073547,0.012557047419250011
2999,3,2999,spatial_specificity,14.560219764709473,0.8291864395141602,0.010550525039434433
2999,3,2999,spatial_specificity,14.764822959899902,0.8171172142028809,0.012209885753691196
2999,3,2999,spatial_specificity,14.866068840026855,0.8177623748779297,0.012097924016416073
2999,3,2999,spatial_specificity,15.0,0.8213725090026855,0.011114846915006638
2999,3,2999,spatial_specificity,15.033296585083008,0.8388655781745911,0.009532440453767776
2999,3,2999,spatial_specificity,15.132745742797852,0.835879921913147,0.00988094974309206
2999,3,2999,spatial_specificity,15.231546401977539,0.8197466731071472,0.011870653368532658
2999,3,2999,spatial_specificity,15.264337539672852,0.8128682971000671,0.012790881097316742
2999,3,2999,spatial_specificity,15.297059059143066,0.8319727182388306,0.010227572172880173
2999,3,2999,spatial_specificity,15.524174690246582,0.8276568651199341,0.010799839161336422
2999,3,2999,spatial_specificity,15.55634880065918,0.8076668977737427,0.013504935428500175
2999,3,2999,spatial_specificity,15.620499610900879,0.807976245880127,0.013229039497673512
2999,3,2999,spatial_specificity,15.65247631072998,0.8152945637702942,0.012438368983566761
2999,3,2999,spatial_specificity,15.81138801574707,0.8160297274589539,0.012200520373880863
2999,3,2999,spatial_specificity,16.0,0.8382173776626587,0.009549089707434177
2999,3,2999,spatial_specificity,16.031219482421875,0.8368628621101379,0.009717163629829884
2999,3,2999,spatial_specificity,16.124515533447266,0.8227192163467407,0.011182108893990517
2999,3,2999,spatial_specificity,16.155494689941406,0.818350613117218,0.012103661894798279
2999,3,2999,spatial_specificity,16.278820037841797,0.8178858757019043,0.011806550435721874
2999,3,2999,spatial_specificity,16.401220321655273,0.8056741952896118,0.013428646139800549
2999,3,2999,spatial_specificity,16.492422103881836,0.8261213302612305,0.011172759346663952
2999,3,2999,spatial_specificity,16.552946090698242,0.8140254020690918,0.01268099620938301
2999,3,2999,spatial_specificity,16.6433162689209,0.8072752952575684,0.013395083136856556
2999,3,2999,spatial_specificity,16.76305389404297,0.821602463722229,0.011926845647394657
2999,3,2999,spatial_specificity,16.970561981201172,0.802393913269043,0.014316415414214134
2999,3,2999,spatial_specificity,17.0,0.8189175724983215,0.01144044753164053
2999,3,2999,spatial_specificity,17.029386520385742,0.8192272186279297,0.011333582922816277
2999,3,2999,spatial_specificity,17.0880069732666,0.817203164100647,0.01252689491957426
2999,3,2999,spatial_specificity,17.11724281311035,0.8324613571166992,0.010346232913434505
2999,3,2999,spatial_specificity,17.20465087890625,0.8039652109146118,0.013866638764739037
2999,3,2999,spatial_specificity,17.262676239013672,0.8290654420852661,0.01084087509661913
2999,3,2999,spatial_specificity,17.464248657226562,0.8189570307731628,0.012207094579935074
2999,3,2999,spatial_specificity,17.492855072021484,0.8060017824172974,0.013679740950465202
2999,3,2999,spatial_specificity,17.69180679321289,0.8003302812576294,0.01459677703678608
2999,3,2999,spatial_specificity,17.72004508972168,0.8205930590629578,0.01235568430274725
2999,3,2999,spatial_specificity,17.804494857788086,0.8011382818222046,0.014445925131440163
2999,3,2999,spatial_specificity,17.8885440826416,0.8087660670280457,0.01353977806866169
2999,3,2999,spatial_specificity,18.0,0.8347941637039185,0.01053550560027361
2999,3,2999,spatial_specificity,18.027755737304688,0.8177766799926758,0.01192422304302454
2999,3,2999,spatial_specificity,18.11077117919922,0.8310392498970032,0.01092224195599556
2999,3,2999,spatial_specificity,18.248287200927734,0.8277043104171753,0.011574765667319298
2999,3,2999,spatial_specificity,18.357559204101562,0.8051496744155884,0.014091841876506805
2999,3,2999,spatial_specificity,18.384777069091797,0.8077048063278198,0.013855897821485996
2999,3,2999,spatial_specificity,18.439088821411133,0.8116968274116516,0.013153939507901669
2999,3,2999,spatial_specificity,18.601076126098633,0.8002354502677917,0.014840210787951946
2999,3,2999,spatial_specificity,18.681541442871094,0.8199735879898071,0.012885349802672863
2999,3,2999,spatial_specificity,18.788293838500977,0.80823814868927,0.014082546345889568
2999,3,2999,spatial_specificity,18.867961883544922,0.8020673990249634,0.014801655896008015
2999,3,2999,spatial_specificity,18.973665237426758,0.8158208727836609,0.013513889163732529
2999,3,2999,spatial_specificity,19.0,0.833622932434082,0.011962180957198143
2999,3,2999,spatial_specificity,19.02629852294922,0.8325079679489136,0.012027017772197723
2999,3,2999,spatial_specificity,19.10497283935547,0.8141771554946899,0.012806136161088943
2999,3,2999,spatial_specificity,19.209373474121094,0.7984409332275391,0.01563302055001259
2999,3,2999,spatial_specificity,19.235383987426758,0.816120445728302,0.013213510625064373
2999,3,2999,spatial_specificity,19.313207626342773,0.8117390871047974,0.014201217330992222
2999,3,2999,spatial_specificity,19.416488647460938,0.8117629885673523,0.013937218114733696
2999,3,2999,spatial_specificity,19.646883010864258,0.8195521235466003,0.013963432982563972
2999,3,2999,spatial_specificity,19.697715759277344,0.8081229329109192,0.015016456134617329
2999,3,2999,spatial_specificity,19.72308349609375,0.8019523620605469,0.015482878312468529
2999,3,2999,spatial_specificity,19.79899024963379,0.796806812286377,0.01654593087732792
2999,3,2999,spatial_specificity,19.84943389892578,0.7971983551979065,0.01640016958117485
2999,3,2999,spatial_specificity,19.92485809326172,0.8156338930130005,0.014622921124100685
2999,3,2999,spatial_specificity,20.0,0.8103521466255188,0.013751918449997902
2999,3,2999,spatial_specificity,20.02498435974121,0.8326215744018555,0.013568149879574776
2999,3,2999,spatial_specificity,20.099750518798828,0.8304365277290344,0.013813317753374577
2999,3,2999,spatial_specificity,20.124610900878906,0.8049975633621216,0.01577810011804104
2999,3,2999,spatial_specificity,20.2237491607666,0.8275123834609985,0.01426573097705841
2999,3,2999,spatial_specificity,20.248456954956055,0.805997371673584,0.01567769981920719
2999,3,2999,spatial_specificity,20.39607810974121,0.824000358581543,0.014788439497351646
2999,3,2999,spatial_specificity,20.51828384399414,0.796546459197998,0.01735793799161911
2999,3,2999,spatial_specificity,20.59126091003418,0.802518367767334,0.01654384285211563
2999,3,2999,spatial_specificity,20.615528106689453,0.808780312538147,0.015862850472331047
2999,3,2999,spatial_specificity,20.808650970458984,0.798806369304657,0.017431722953915596
2999,3,2999,spatial_specificity,20.880613327026367,0.8164523243904114,0.016021018847823143
2999,3,2999,spatial_specificity,21.0,0.8356494903564453,0.01543913409113884
2999,3,2999,spatial_specificity,21.02379608154297,0.8204487562179565,0.01513012032955885
2999,3,2999,spatial_specificity,21.095022201538086,0.8169520497322083,0.015514968894422054
2999,3,2999,spatial_specificity,21.189619064331055,0.8131291270256042,0.016621096059679985
2999,3,2999,spatial_specificity,21.21320343017578,0.8185722231864929,0.015593829564750195
2999,3,2999,spatial_specificity,21.260292053222656,0.7968550324440002,0.018405649811029434
2999,3,2999,spatial_specificity,21.3775577545166,0.8259462118148804,0.016193881630897522
2999,3,2999,spatial_specificity,21.40093421936035,0.7980877161026001,0.01853146217763424
2999,3,2999,spatial_specificity,21.470911026000977,0.8034533262252808,0.01786181330680847
2999,3,2999,spatial_specificity,21.540658950805664,0.8102254867553711,0.01757618971168995
2999,3,2999,spatial_specificity,21.587032318115234,0.8222976922988892,0.016565565019845963
2999,3,2999,spatial_specificity,21.63330841064453,0.7998177409172058,0.018837498500943184
2999,3,2999,spatial_specificity,21.840330123901367,0.8192293047904968,0.017173707485198975
2999,3,2999,spatial_specificity,21.931711196899414,0.8023117184638977,0.018906114622950554
2999,3,2999,spatial_specificity,21.954498291015625,0.8022513389587402,0.01931406557559967
2999,3,2999,spatial_specificity,22.0,0.8394438028335571,0.016943641006946564
2999,3,2999,spatial_specificity,22.022714614868164,0.8183175325393677,0.0164147038012743
2999,3,2999,spatial_specificity,22.090721130371094,0.8361858129501343,0.016859671100974083
2999,3,2999,spatial_specificity,22.135944366455078,0.8163800239562988,0.018359944224357605
2999,3,2999,spatial_specificity,22.203603744506836,0.8165662884712219,0.01760372519493103
2999,3,2999,spatial_specificity,22.360679626464844,0.818537712097168,0.018344886600971222
2999,3,2999,spatial_specificity,22.472204208374023,0.8080069422721863,0.020285533741116524
2999,3,2999,spatial_specificity,22.56102752685547,0.8278365135192871,0.018547240644693375
2999,3,2999,spatial_specificity,22.627416610717773,0.79796302318573,0.02133362554013729
2999,3,2999,spatial_specificity,22.671567916870117,0.7984354496002197,0.021489428356289864
2999,3,2999,spatial_specificity,22.803508758544922,0.812467098236084,0.02056099660694599
2999,3,2999,spatial_specificity,22.825424194335938,0.8060379028320312,0.022034460678696632
2999,3,2999,spatial_specificity,22.847320556640625,0.812420666217804,0.021391786634922028
2999,3,2999,spatial_specificity,23.0,0.8460210561752319,0.020255394279956818
2999,3,2999,spatial_specificity,23.021728515625,0.8239089846611023,0.019557852298021317
2999,3,2999,spatial_specificity,23.086793899536133,0.8331633806228638,0.02071077935397625
2999,3,2999,spatial_specificity,23.194828033447266,0.8414807319641113,0.021569842472672462
2999,3,2999,spatial_specificity,23.25940704345703,0.8120347261428833,0.023761199787259102
2999,3,2999,spatial_specificity,23.323808670043945,0.8064824342727661,0.024505237117409706
2999,3,2999,spatial_specificity,23.345233917236328,0.819985568523407,0.02193094976246357
2999,3,2999,spatial_specificity,23.409400939941406,0.820919394493103,0.02424730733036995
2999,3,2999,spatial_specificity,23.430747985839844,0.8020726442337036,0.024781808257102966
2999,3,2999,spatial_specificity,23.53720474243164,0.8363965749740601,0.023600252345204353
2999,3,2999,spatial_specificity,23.600847244262695,0.8042796850204468,0.02574821561574936
2999,3,2999,spatial_specificity,23.706539154052734,0.8124783635139465,0.026672204956412315
2999,3,2999,spatial_specificity,23.769729614257812,0.8269556760787964,0.025914207100868225
2999,3,2999,spatial_specificity,23.853721618652344,0.8079842329025269,0.027420666068792343
2999,3,2999,spatial_specificity,24.0,0.8562543988227844,0.026039307937026024
2999,3,2999,spatial_specificity,24.020824432373047,0.85517418384552,0.025890924036502838
2999,3,2999,spatial_specificity,24.0416316986084,0.8231197595596313,0.027393806725740433
2999,3,2999,spatial_specificity,24.083189010620117,0.8300352096557617,0.024957841262221336
2999,3,2999,spatial_specificity,24.166091918945312,0.8203717470169067,0.029595360159873962
2999,3,2999,spatial_specificity,24.1867733001709,0.8325386047363281,0.026297498494386673
2999,3,2999,spatial_specificity,24.207435607910156,0.8088995218276978,0.030019152909517288
2999,3,2999,spatial_specificity,24.3310489654541,0.8491637110710144,0.026770662516355515
2999,3,2999,spatial_specificity,24.351591110229492,0.8305964469909668,0.029815848916769028
2999,3,2999,spatial_specificity,24.413110733032227,0.8116781115531921,0.03138870745897293
2999,3,2999,spatial_specificity,24.515300750732422,0.8465398550033569,0.028105206787586212
2999,3,2999,spatial_specificity,24.59674835205078,0.8211725354194641,0.03237719088792801
2999,3,2999,spatial_specificity,24.698179244995117,0.8233035802841187,0.032554931938648224
2999,3,2999,spatial_specificity,24.73863410949707,0.8440387845039368,0.029594795778393745
2999,3,2999,spatial_specificity,24.75883674621582,0.8142729997634888,0.03516189754009247
2999,3,2999,spatial_specificity,24.83948516845703,0.8155348896980286,0.03563259169459343
2999,3,2999,spatial_specificity,25.0,0.8371413350105286,0.030986880883574486
2999,3,2999,spatial_specificity,25.01999282836914,0.8663484454154968,0.028753796592354774
2999,3,2999,spatial_specificity,25.05992889404297,0.823332667350769,0.035423122346401215
2999,3,2999,spatial_specificity,25.079872131347656,0.8475912809371948,0.02983212284743786
2999,3,2999,spatial_specificity,25.179357528686523,0.8633800745010376,0.02906082570552826
2999,3,2999,spatial_specificity,25.238859176635742,0.8219071626663208,0.03781688213348389
2999,3,2999,spatial_specificity,25.298221588134766,0.841428279876709,0.03337753936648369
2999,3,2999,spatial_specificity,25.317977905273438,0.8609577417373657,0.03007560782134533
2999,3,2999,spatial_specificity,25.455842971801758,0.8224722743034363,0.04126587510108948
2999,3,2999,spatial_specificity,25.495098114013672,0.837317943572998,0.03523567318916321
2999,3,2999,spatial_specificity,25.553865432739258,0.8276208639144897,0.03914278745651245
2999,3,2999,spatial_specificity,25.612497329711914,0.8255139589309692,0.04222506657242775
2999,3,2999,spatial_specificity,25.63201141357422,0.8414672017097473,0.035462986677885056
2999,3,2999,spatial_specificity,25.709918975830078,0.8564096689224243,0.03221490979194641
2999,3,2999,spatial_specificity,25.806976318359375,0.8292288780212402,0.042853113263845444
2999,3,2999,spatial_specificity,25.942243576049805,0.8357973098754883,0.040576089173555374
2999,3,2999,spatial_specificity,25.961509704589844,0.8551905751228333,0.033390942960977554
2999,3,2999,spatial_specificity,26.0,0.8551842570304871,0.03336691856384277
2999,3,2999,spatial_specificity,26.019224166870117,0.8796461820602417,0.02892310731112957
2999,3,2999,spatial_specificity,26.076810836791992,0.8556883931159973,0.03454911336302757
2999,3,2999,spatial_specificity,26.172504425048828,0.8532171249389648,0.036191176623106
2999,3,2999,spatial_specificity,26.248809814453125,0.8436723947525024,0.04004295915365219
2999,3,2999,spatial_specificity,26.305892944335938,0.8754805326461792,0.03096880204975605
2999,3,2999,spatial_specificity,26.400758743286133,0.8409959673881531,0.04389682039618492
2999,3,2999,spatial_specificity,26.419689178466797,0.8416446447372437,0.04466491937637329
2999,3,2999,spatial_specificity,26.476404190063477,0.8738384246826172,0.031674984842538834
2999,3,2999,spatial_specificity,26.570661544799805,0.8560616374015808,0.03775668889284134
2999,3,2999,spatial_specificity,26.62705421447754,0.8414912223815918,0.04720441251993179
2999,3,2999,spatial_specificity,26.68332862854004,0.8725568056106567,0.032523997128009796
2999,3,2999,spatial_specificity,26.832815170288086,0.8506830334663391,0.04454629868268967
2999,3,2999,spatial_specificity,26.870058059692383,0.8420915603637695,0.04982999339699745
2999,3,2999,spatial_specificity,26.90724754333496,0.842236340045929,0.049341581761837006
2999,3,2999,spatial_specificity,26.925825119018555,0.8591626882553101,0.039781324565410614
2999,3,2999,spatial_specificity,27.0,0.895066499710083,0.02779524400830269
2999,3,2999,spatial_specificity,27.018512725830078,0.8683956861495972,0.03621464595198631
2999,3,2999,spatial_specificity,27.073972702026367,0.8930080533027649,0.028385907411575317
2999,3,2999,spatial_specificity,27.166154861450195,0.8915895223617554,0.02887374721467495
2999,3,2999,spatial_specificity,27.202939987182617,0.859828770160675,0.04153832048177719
2999,3,2999,spatial_specificity,27.294689178466797,0.8732063174247742,0.03640357404947281
2999,3,2999,spatial_specificity,27.312999725341797,0.8621284365653992,0.04241205379366875
2999,3,2999,spatial_specificity,27.459060668945312,0.869255542755127,0.037364661693573
2999,3,2999,spatial_specificity,27.51363182067871,0.8715818524360657,0.03664929047226906
2999,3,2999,spatial_specificity,27.58622932434082,0.8453401327133179,0.048211198300123215
2999,3,2999,spatial_specificity,27.658634185791016,0.8681909441947937,0.03984549641609192
2999,3,2999,spatial_specificity,27.730850219726562,0.8648455739021301,0.04390949755907059
2999,3,2999,spatial_specificity,27.784889221191406,0.8608849048614502,0.04623053967952728
2999,3,2999,spatial_specificity,27.80287742614746,0.8546531796455383,0.048693958669900894
2999,3,2999,spatial_specificity,27.856775283813477,0.8744528889656067,0.039228085428476334
2999,3,2999,spatial_specificity,27.89265251159668,0.888934314250946,0.03354903310537338
2999,3,2999,spatial_specificity,28.0,0.9144501686096191,0.0255955271422863
2999,3,2999,spatial_specificity,28.017852783203125,0.8850087523460388,0.03539890795946121
2999,3,2999,spatial_specificity,28.07133674621582,0.9119579792022705,0.02651969902217388
2999,3,2999,spatial_specificity,28.160255432128906,0.899890124797821,0.02990756183862686
2999,3,2999,spatial_specificity,28.17800521850586,0.8709724545478821,0.04485928267240524
2999,3,2999,spatial_specificity,28.231189727783203,0.8779179453849792,0.04056161269545555
2999,3,2999,spatial_specificity,28.284271240234375,0.8901304006576538,0.03259235620498657
2999,3,2999,spatial_specificity,28.301944732666016,0.8680314421653748,0.04689010977745056
2999,3,2999,spatial_specificity,28.319604873657227,0.8552720546722412,0.047671347856521606
2999,3,2999,spatial_specificity,28.42534065246582,0.8596711158752441,0.04850900173187256
2999,3,2999,spatial_specificity,28.44292640686035,0.907394289970398,0.027342865243554115
2999,3,2999,spatial_specificity,28.460498809814453,0.8889844417572021,0.03545268997550011
2999,3,2999,spatial_specificity,28.60070037841797,0.8651643991470337,0.04780701920390129
2999,3,2999,spatial_specificity,28.635643005371094,0.8924552202224731,0.034114331007003784
2999,3,2999,spatial_specificity,28.65309715270996,0.8739022612571716,0.044198453426361084
2999,3,2999,spatial_specificity,28.792360305786133,0.8908074498176575,0.03586767613887787
2999,3,2999,spatial_specificity,28.844409942626953,0.8698062896728516,0.0469631589949131
2999,3,2999,spatial_specificity,28.861740112304688,0.9052957892417908,0.028699545189738274
2999,3,2999,spatial_specificity,29.0,0.8858112692832947,0.040553901344537735
2999,3,2999,spatial_specificity,29.017236709594727,0.9280266761779785,0.022141730412840843
2999,3,2999,spatial_specificity,29.068883895874023,0.8905085921287537,0.03682704269886017
2999,3,2999,spatial_specificity,29.120439529418945,0.9045064449310303,0.029154736548662186
2999,3,2999,spatial_specificity,29.15475845336914,0.8981467485427856,0.03333912417292595
2999,3,2999,spatial_specificity,29.20616340637207,0.8731073141098022,0.04699481651186943
2999,3,2999,spatial_specificity,29.27456283569336,0.9224867224693298,0.02061685174703598
2999,3,2999,spatial_specificity,29.4108829498291,0.8917974829673767,0.037378013134002686
2999,3,2999,spatial_specificity,29.42787742614746,0.9199787378311157,0.020217077806591988
2999,3,2999,spatial_specificity,29.529645919799805,0.8858919739723206,0.041372474282979965
2999,3,2999,spatial_specificity,29.546573638916016,0.893062949180603,0.03726652264595032
2999,3,2999,spatial_specificity,29.614185333251953,0.9179154634475708,0.021122580394148827
2999,3,2999,spatial_specificity,29.681644439697266,0.8851093053817749,0.042693477123975754
2999,3,2999,spatial_specificity,29.698484420776367,0.8730084300041199,0.04651518166065216
2999,3,2999,spatial_specificity,29.73213768005371,0.8880931735038757,0.03822585195302963
2999,3,2999,spatial_specificity,29.832868576049805,0.8951075673103333,0.03487420827150345
2999,3,2999,spatial_specificity,29.96664810180664,0.8917561769485474,0.03674670308828354
2999,3,2999,spatial_specificity,30.0,0.89500492811203,0.03646574914455414
2999,3,2999,spatial_specificity,30.01666259765625,0.9056277871131897,0.029547544196248055
2999,3,2999,spatial_specificity,30.066593170166016,0.9309974908828735,0.015009135007858276
2999,3,2999,spatial_specificity,30.08321762084961,0.9040508270263672,0.027127481997013092
2999,3,2999,spatial_specificity,30.149627685546875,0.9284053444862366,0.014859982766211033
2999,3,2999,spatial_specificity,30.232433319091797,0.8834177851676941,0.041084062308073044
2999,3,2999,spatial_specificity,30.265491485595703,0.9254639744758606,0.014423783868551254
2999,3,2999,spatial_specificity,30.36445426940918,0.9053860306739807,0.02578410692512989
2999,3,2999,spatial_specificity,30.4138126373291,0.8940852284431458,0.03473152220249176
2999,3,2999,spatial_specificity,30.463092803955078,0.8979727625846863,0.03273831680417061
2999,3,2999,spatial_specificity,30.479501724243164,0.8822678923606873,0.04327551648020744
2999,3,2999,spatial_specificity,30.528675079345703,0.886451005935669,0.03993212804198265
2999,3,2999,spatial_specificity,30.594118118286133,0.9201669096946716,0.01425383985042572
2999,3,2999,spatial_specificity,30.610454559326172,0.885294497013092,0.0410095751285553
2999,3,2999,spatial_specificity,30.675724029541016,0.9039532542228699,0.028251728042960167
2999,3,2999,spatial_specificity,30.805843353271484,0.8986701369285583,0.030939489603042603
2999,3,2999,spatial_specificity,30.870698928833008,0.8982434868812561,0.03345191478729248
2999,3,2999,spatial_specificity,30.886890411376953,0.8937272429466248,0.035622552037239075
2999,3,2999,spatial_specificity,31.0,0.9406096935272217,0.010341320186853409
2999,3,2999,spatial_specificity,31.016124725341797,0.9153584837913513,0.019545698538422585
2999,3,2999,spatial_specificity,31.048349380493164,0.9152829647064209,0.01767149567604065
2999,3,2999,spatial_specificity,31.064449310302734,0.9062100052833557,0.029505876824259758
2999,3,2999,spatial_specificity,31.11269760131836,0.883366584777832,0.040230296552181244
2999,3,2999,spatial_specificity,31.14482307434082,0.8982751965522766,0.03353375568985939
2999,3,2999,spatial_specificity,31.240999221801758,0.8869949579238892,0.038414135575294495
2999,3,2999,spatial_specificity,31.256999969482422,0.9330628514289856,0.01020671147853136
2999,3,2999,spatial_specificity,31.30495262145996,0.8987993001937866,0.03190964460372925
2999,3,2999,spatial_specificity,31.320920944213867,0.9130944609642029,0.020488698035478592
2999,3,2999,spatial_specificity,31.384708404541016,0.9011048674583435,0.030161993578076363
2999,3,2999,spatial_specificity,31.400636672973633,0.9004892706871033,0.03275619447231293
2999,3,2999,spatial_specificity,31.575305938720703,0.9277350306510925,0.01008022390305996
2999,3,2999,spatial_specificity,31.62277603149414,0.8986120223999023,0.030360877513885498
2999,3,2999,spatial_specificity,31.764760971069336,0.9016192555427551,0.030626453459262848
2999,3,2999,spatial_specificity,31.780498504638672,0.9074004888534546,0.02803081087768078
2999,3,2999,spatial_specificity,31.827659606933594,0.8871603012084961,0.038916751742362976
2999,3,2999,spatial_specificity,31.890438079833984,0.8882182836532593,0.03778241202235222
2999,3,2999,spatial_specificity,31.906112670898438,0.9005526304244995,0.03241349011659622
2999,3,2999,spatial_specificity,31.95309066772461,0.9082790613174438,0.02624732069671154
2999,3,2999,spatial_specificity,32.015621185302734,0.8966898918151855,0.030362410470843315
2999,3,2999,spatial_specificity,32.202484130859375,0.9036127924919128,0.029203806072473526
2999,3,2999,spatial_specificity,32.24903106689453,0.9063896536827087,0.02776438742876053
2999,3,2999,spatial_specificity,32.280025482177734,0.9162690043449402,0.012881157919764519
2999,3,2999,spatial_specificity,32.31098937988281,0.9113584756851196,0.023138239979743958
2999,3,2999,spatial_specificity,32.4499626159668,0.9007297158241272,0.0325729139149189
2999,3,2999,spatial_specificity,32.526912689208984,0.8789397478103638,0.03425901383161545
2999,3,2999,spatial_specificity,32.557640075683594,0.8808006048202515,0.034477781504392624
2999,3,2999,spatial_specificity,32.572994232177734,0.9147446751594543,0.013109534047544003
2999,3,2999,spatial_specificity,32.649654388427734,0.9013172388076782,0.031248528510332108
2999,3,2999,spatial_specificity,32.69556427001953,0.9062221646308899,0.027537010610103607
2999,3,2999,spatial_specificity,32.75667953491211,0.8961982727050781,0.028377437964081764
2999,3,2999,spatial_specificity,32.80244064331055,0.8946060538291931,0.03163837641477585
2999,3,2999,spatial_specificity,32.893768310546875,0.9133374094963074,0.01535653043538332
2999,3,2999,spatial_specificity,33.0151481628418,0.8933790326118469,0.02797507494688034
2999,3,2999,spatial_specificity,33.105892181396484,0.9007275700569153,0.026468733325600624
2999,3,2999,spatial_specificity,33.12099075317383,0.8939468264579773,0.02482876554131508
2999,3,2999,spatial_specificity,33.241539001464844,0.891158938407898,0.028741726651787758
2999,3,2999,spatial_specificity,33.2866325378418,0.888329803943634,0.026438787579536438
2999,3,2999,spatial_specificity,33.30165100097656,0.8876407742500305,0.030600732192397118
2999,3,2999,spatial_specificity,33.42155075073242,0.8890219926834106,0.02774811163544655
2999,3,2999,spatial_specificity,33.541019439697266,0.8956239223480225,0.02544056624174118
2999,3,2999,spatial_specificity,33.60059356689453,0.8884491324424744,0.026608550921082497
2999,3,2999,spatial_specificity,33.615474700927734,0.8984329700469971,0.02249879203736782
2999,3,2999,spatial_specificity,33.83784866333008,0.8943365216255188,0.022803304716944695
2999,3,2999,spatial_specificity,33.941123962402344,0.895984411239624,0.025427773594856262
2999,3,2999,spatial_specificity,33.97057342529297,0.8954046964645386,0.024534841999411583
2999,3,2999,spatial_specificity,34.0,0.8965718150138855,0.02324667200446129
2999,3,2999,spatial_specificity,34.01470184326172,0.912785530090332,0.014447340741753578
2999,3,2999,spatial_specificity,34.058773040771484,0.8914403319358826,0.023761503398418427
2999,3,2999,spatial_specificity,34.13209533691406,0.8981745839118958,0.020625948905944824
2999,3,2999,spatial_specificity,34.20526123046875,0.8948731422424316,0.02088862843811512
2999,3,2999,spatial_specificity,34.4093017578125,0.8902005553245544,0.015148043632507324
2999,3,2999,spatial_specificity,34.438350677490234,0.9142441749572754,0.014833638444542885
2999,3,2999,spatial_specificity,34.48188018798828,0.888524055480957,0.017324626445770264
2999,3,2999,spatial_specificity,34.65544891357422,0.8869479894638062,0.015350878238677979
2999,3,2999,spatial_specificity,34.66987228393555,0.8931461572647095,0.013019084930419922
2999,3,2999,spatial_specificity,34.71310806274414,0.8894366025924683,0.013768017292022705
2999,3,2999,spatial_specificity,34.828147888183594,0.8924140334129333,0.011639416217803955
2999,3,2999,spatial_specificity,34.885528564453125,0.9080225229263306,0.01310911774635315
2999,3,2999,spatial_specificity,34.98571014404297,0.8913869857788086,0.013495773077011108
2999,3,2999,spatial_specificity,35.0,0.8956132531166077,0.010257720947265625
2999,3,2999,spatial_specificity,35.22782897949219,0.8975156545639038,0.008393436670303345
2999,3,2999,spatial_specificity,35.35533905029297,0.8989464044570923,0.0075231194496154785
2999,3,2999,spatial_specificity,35.38361358642578,0.8977823257446289,0.007304191589355469
2999,3,2999,spatial_specificity,35.46829605102539,0.8990180492401123,0.006133317947387695
2999,3,2999,spatial_specificity,35.510562896728516,0.8944293260574341,0.009234756231307983
2999,3,2999,spatial_specificity,35.60898971557617,0.900086522102356,0.005608946084976196
2999,3,2999,spatial_specificity,35.80502700805664,0.9004127979278564,0.004536181688308716
2999,3,2999,spatial_specificity,35.84689712524414,0.9111789464950562,0.00647386908531189
2999,3,2999,spatial_specificity,36.055511474609375,0.8966929316520691,0.00600820779800415
2999,3,2999,spatial_specificity,36.06937789916992,0.9039498567581177,0.0012596547603607178
2999,3,2999,spatial_specificity,36.12478256225586,0.9044564962387085,0.0008347928524017334
2999,3,2999,spatial_specificity,36.2353401184082,0.904594898223877,0.0007146894931793213
2999,3,2999,spatial_specificity,36.359317779541016,0.9150446653366089,0.003641486167907715
2999,3,2999,spatial_specificity,36.400550842285156,0.9027459621429443,0.0007408559322357178
2999,3,2999,spatial_specificity,36.619667053222656,0.8987865447998047,0.00409930944442749
2999,3,2999,spatial_specificity,36.769554138183594,0.9089255332946777,0.0025526583194732666
2999,3,2999,spatial_specificity,36.79673767089844,0.9080652594566345,0.003185272216796875
2999,3,2999,spatial_specificity,36.878177642822266,0.9075389504432678,0.002561628818511963
2999,3,2999,spatial_specificity,36.8917350769043,0.9173958897590637,0.0024506449699401855
2999,3,2999,spatial_specificity,37.013511657714844,0.9048761129379272,0.002109736204147339
2999,3,2999,spatial_specificity,37.202152252197266,0.9009836912155151,0.0018427670001983643
2999,3,2999,spatial_specificity,37.44329071044922,0.919663667678833,0.0020320117473602295
2999,3,2999,spatial_specificity,37.48332977294922,0.9104582071304321,0.005066186189651489
2999,3,2999,spatial_specificity,37.53664779663086,0.9092134237289429,0.004608809947967529
2999,3,2999,spatial_specificity,37.643062591552734,0.9057356715202332,0.0041754841804504395
2999,3,2999,spatial_specificity,37.80211639404297,0.9031103849411011,0.0007970035076141357
2999,3,2999,spatial_specificity,38.01315689086914,0.921669065952301,0.0017158985137939453
2999,3,2999,spatial_specificity,38.18376541137695,0.9111436605453491,0.00629386305809021
2999,3,2999,spatial_specificity,38.20994567871094,0.9103263020515442,0.005447089672088623
2999,3,2999,spatial_specificity,38.28837966918945,0.9068917036056519,0.00626102089881897
2999,3,2999,spatial_specificity,38.41874694824219,0.9055975675582886,0.00015690922737121582
2999,3,2999,spatial_specificity,38.60051727294922,0.9249848127365112,0.00189170241355896
2999,3,2999,spatial_specificity,38.897300720214844,0.9115065336227417,0.005788534879684448
2999,3,2999,spatial_specificity,38.94868469238281,0.9085544347763062,0.006740301847457886
2999,3,2999,spatial_specificity,39.051246643066406,0.9094634056091309,0.0007047951221466064
2999,3,2999,spatial_specificity,39.20458984375,0.9264429807662964,0.0009021461009979248
2999,3,2999,spatial_specificity,39.59798049926758,0.9122478365898132,0.0049228668212890625
2999,3,2999,spatial_specificity,39.623226165771484,0.9108031988143921,0.006197750568389893
2999,3,2999,spatial_specificity,39.69886779785156,0.9134743213653564,0.0013707280158996582
2999,3,2999,spatial_specificity,39.824615478515625,0.930850625038147,0.00015035271644592285
2999,3,2999,spatial_specificity,40.31128692626953,0.9123729467391968,0.004991084337234497
2999,3,2999,spatial_specificity,40.360870361328125,0.9176778793334961,0.0033316314220428467
2999,3,2999,spatial_specificity,40.45985794067383,0.9311137795448303,0.0
2999,3,2999,spatial_specificity,41.01219177246094,0.9157562255859375,0.002489238977432251
2999,3,2999,spatial_specificity,41.03656768798828,0.919594407081604,0.004470139741897583
2999,3,2999,spatial_specificity,41.1096076965332,0.9337342381477356,0.0
2999,3,2999,spatial_specificity,41.72529220581055,0.9234175682067871,0.006475001573562622
2999,3,2999,spatial_specificity,41.773197174072266,0.9388861060142517,0.0
2999,3,2999,spatial_specificity,42.42640686035156,0.9330043792724609,0.011383920907974243
2999,3,2999,spatial_specificity,42.44997024536133,0.9388609528541565,0.0
2999,3,2999,spatial_specificity,43.13930892944336,0.9390590786933899,0.0
3499,4,3499,cls_effective_rank,,14.078140258789062,0.9603437781333923
3499,4,3499,patch_effective_rank,,77.30950927734375,7.577120304107666
3499,4,3499,mean_off_diagonal_similarity,,0.7916710376739502,0.015605778433382511
3499,4,3499,spatial_specificity_correlation,,-0.35529905557632446,0.05524289608001709
3499,4,3499,spatial_specificity,1.0,0.9618083834648132,0.004326381254941225
3499,4,3499,spatial_specificity,1.4142135381698608,0.9457342028617859,0.005777759477496147
3499,4,3499,spatial_specificity,2.0,0.9292486906051636,0.00791148655116558
3499,4,3499,spatial_specificity,2.2360680103302,0.9216324090957642,0.007682356983423233
3499,4,3499,spatial_specificity,2.8284270763397217,0.906485378742218,0.007923316210508347
3499,4,3499,spatial_specificity,3.0,0.9056004285812378,0.009037051349878311
3499,4,3499,spatial_specificity,3.1622776985168457,0.9009994268417358,0.00845537893474102
3499,4,3499,spatial_specificity,3.605551242828369,0.8904825448989868,0.00820768903940916
3499,4,3499,spatial_specificity,4.0,0.8857892751693726,0.009461433626711369
3499,4,3499,spatial_specificity,4.123105525970459,0.8822526931762695,0.00917055644094944
3499,4,3499,spatial_specificity,4.242640495300293,0.8770947456359863,0.00877169519662857
3499,4,3499,spatial_specificity,4.4721360206604,0.873907744884491,0.009428177028894424
3499,4,3499,spatial_specificity,5.0,0.8641039133071899,0.009902268648147583
3499,4,3499,spatial_specificity,5.099019527435303,0.864741325378418,0.010231946595013142
3499,4,3499,spatial_specificity,5.385164737701416,0.8575865030288696,0.010679964907467365
3499,4,3499,spatial_specificity,5.656854152679443,0.8492620587348938,0.010939651168882847
3499,4,3499,spatial_specificity,5.830952167510986,0.8474507331848145,0.011381463147699833
3499,4,3499,spatial_specificity,6.0,0.8518327474594116,0.01199915912002325
3499,4,3499,spatial_specificity,6.082762241363525,0.8491134643554688,0.011825586669147015
3499,4,3499,spatial_specificity,6.324555397033691,0.8428177833557129,0.012097349390387535
3499,4,3499,spatial_specificity,6.4031243324279785,0.8359810709953308,0.012364080175757408
3499,4,3499,spatial_specificity,6.7082037925720215,0.8338177800178528,0.012972497381269932
3499,4,3499,spatial_specificity,7.0,0.8377642631530762,0.013735207729041576
3499,4,3499,spatial_specificity,7.071067810058594,0.8317581415176392,0.01337106991559267
3499,4,3499,spatial_specificity,7.211102485656738,0.8235758543014526,0.013923382386565208
3499,4,3499,spatial_specificity,7.280109882354736,0.8300102949142456,0.013644740916788578
3499,4,3499,spatial_specificity,7.6157732009887695,0.8220428228378296,0.014298919588327408
3499,4,3499,spatial_specificity,7.8102498054504395,0.8128029704093933,0.015116207301616669
3499,4,3499,spatial_specificity,8.0,0.8256910443305969,0.015082219615578651
3499,4,3499,spatial_specificity,8.062257766723633,0.818027675151825,0.015025462955236435
3499,4,3499,spatial_specificity,8.246211051940918,0.8184590339660645,0.014966548420488834
3499,4,3499,spatial_specificity,8.485280990600586,0.8025118708610535,0.016622014343738556
3499,4,3499,spatial_specificity,8.5440034866333,0.8111631274223328,0.015422801487147808
3499,4,3499,spatial_specificity,8.602325439453125,0.8027499318122864,0.01655636914074421
3499,4,3499,spatial_specificity,8.9442720413208,0.8024541139602661,0.016322799026966095
3499,4,3499,spatial_specificity,9.0,0.8152064085006714,0.01615888811647892
3499,4,3499,spatial_specificity,9.05538558959961,0.8130605816841125,0.015989940613508224
3499,4,3499,spatial_specificity,9.219544410705566,0.8007527589797974,0.016910690814256668
3499,4,3499,spatial_specificity,9.433980941772461,0.7934823036193848,0.01743464171886444
3499,4,3499,spatial_specificity,9.486832618713379,0.8016236424446106,0.016323169693350792
3499,4,3499,spatial_specificity,9.848857879638672,0.7937198877334595,0.01687856763601303
3499,4,3499,spatial_specificity,9.899495124816895,0.7841639518737793,0.019287146627902985
3499,4,3499,spatial_specificity,10.0,0.7920576333999634,0.017883338034152985
3499,4,3499,spatial_specificity,10.049875259399414,0.8043119311332703,0.016765519976615906
3499,4,3499,spatial_specificity,10.198039054870605,0.7997900247573853,0.016632042825222015
3499,4,3499,spatial_specificity,10.29563045501709,0.7855277061462402,0.017981089651584625
3499,4,3499,spatial_specificity,10.440306663513184,0.7937816977500916,0.016898218542337418
3499,4,3499,spatial_specificity,10.630146026611328,0.7763335108757019,0.020188866183161736
3499,4,3499,spatial_specificity,10.770329475402832,0.7864901423454285,0.01744196191430092
3499,4,3499,spatial_specificity,10.816654205322266,0.7774113416671753,0.019295386970043182
3499,4,3499,spatial_specificity,11.0,0.7995563745498657,0.01716773398220539
3499,4,3499,spatial_specificity,11.045360565185547,0.7976013422012329,0.017033452168107033
3499,4,3499,spatial_specificity,11.180339813232422,0.7861125469207764,0.017754947766661644
3499,4,3499,spatial_specificity,11.313708305358887,0.7688117623329163,0.021153604611754417
3499,4,3499,spatial_specificity,11.401754379272461,0.7787517309188843,0.018872050568461418
3499,4,3499,spatial_specificity,11.661904335021973,0.7709631323814392,0.019902097061276436
3499,4,3499,spatial_specificity,11.704700469970703,0.7805927395820618,0.018031030893325806
3499,4,3499,spatial_specificity,12.0,0.7949326634407043,0.01700357347726822
3499,4,3499,spatial_specificity,12.041594505310059,0.7778810262680054,0.019125869497656822
3499,4,3499,spatial_specificity,12.083045959472656,0.7728828191757202,0.019270282238721848
3499,4,3499,spatial_specificity,12.16552448272705,0.7885673642158508,0.017350824549794197
3499,4,3499,spatial_specificity,12.206555366516113,0.7637666463851929,0.021276481449604034
3499,4,3499,spatial_specificity,12.369317054748535,0.7828911542892456,0.017578471451997757
3499,4,3499,spatial_specificity,12.529964447021484,0.7653834223747253,0.02055276371538639
3499,4,3499,spatial_specificity,12.649110794067383,0.7760206460952759,0.01861352100968361
3499,4,3499,spatial_specificity,12.727921485900879,0.7562369108200073,0.02249143086373806
3499,4,3499,spatial_specificity,12.806248664855957,0.7568644881248474,0.022457169368863106
3499,4,3499,spatial_specificity,13.0,0.7765094041824341,0.018749617040157318
3499,4,3499,spatial_specificity,13.038405418395996,0.7745410203933716,0.01933225244283676
3499,4,3499,spatial_specificity,13.152946472167969,0.7858043909072876,0.017585186287760735
3499,4,3499,spatial_specificity,13.34166431427002,0.7798420190811157,0.01808677427470684
3499,4,3499,spatial_specificity,13.416407585144043,0.7609055638313293,0.021273138001561165
3499,4,3499,spatial_specificity,13.45362377166748,0.7508030533790588,0.02327278070151806
3499,4,3499,spatial_specificity,13.601469993591309,0.7624114751815796,0.021007919684052467
3499,4,3499,spatial_specificity,13.892444610595703,0.7540532350540161,0.022392554208636284
3499,4,3499,spatial_specificity,13.928387641906738,0.7653259634971619,0.020418012514710426
3499,4,3499,spatial_specificity,14.0,0.7914667129516602,0.017182381823658943
3499,4,3499,spatial_specificity,14.03566837310791,0.7894711494445801,0.017590327188372612
3499,4,3499,spatial_specificity,14.142135620117188,0.7718750834465027,0.01989179663360119
3499,4,3499,spatial_specificity,14.21267032623291,0.7460254430770874,0.02383844368159771
3499,4,3499,spatial_specificity,14.317821502685547,0.7683442234992981,0.02021385170519352
3499,4,3499,spatial_specificity,14.422204971313477,0.7477671504020691,0.023464301601052284
3499,4,3499,spatial_specificity,14.560219764709473,0.771323561668396,0.01979772560298443
3499,4,3499,spatial_specificity,14.764822959899902,0.7510499954223633,0.02269085682928562
3499,4,3499,spatial_specificity,14.866068840026855,0.7525589466094971,0.02267898991703987
3499,4,3499,spatial_specificity,15.0,0.7588574290275574,0.021759888157248497
3499,4,3499,spatial_specificity,15.033296585083008,0.7892457246780396,0.018093977123498917
3499,4,3499,spatial_specificity,15.132745742797852,0.7845907807350159,0.01875470019876957
3499,4,3499,spatial_specificity,15.231546401977539,0.7566701769828796,0.021877069026231766
3499,4,3499,spatial_specificity,15.264337539672852,0.7448173761367798,0.023727498948574066
3499,4,3499,spatial_specificity,15.297059059143066,0.7783454060554504,0.019783688709139824
3499,4,3499,spatial_specificity,15.524174690246582,0.7712312936782837,0.020729804411530495
3499,4,3499,spatial_specificity,15.55634880065918,0.736558198928833,0.024832608178257942
3499,4,3499,spatial_specificity,15.620499610900879,0.7373287677764893,0.024519113823771477
3499,4,3499,spatial_specificity,15.65247631072998,0.7497934103012085,0.023065032437443733
3499,4,3499,spatial_specificity,15.81138801574707,0.7516376376152039,0.022846819832921028
3499,4,3499,spatial_specificity,16.0,0.7909644246101379,0.01857667602598667
3499,4,3499,spatial_specificity,16.031219482421875,0.789044201374054,0.018842728808522224
3499,4,3499,spatial_specificity,16.124515533447266,0.764417827129364,0.021529141813516617
3499,4,3499,spatial_specificity,16.155494689941406,0.7564491033554077,0.022239645943045616
3499,4,3499,spatial_specificity,16.278820037841797,0.7563491463661194,0.022322000935673714
3499,4,3499,spatial_specificity,16.401220321655273,0.7350868582725525,0.024640703573822975
3499,4,3499,spatial_specificity,16.492422103881836,0.7714511156082153,0.02120346575975418
3499,4,3499,spatial_specificity,16.552946090698242,0.74985271692276,0.023159610107541084
3499,4,3499,spatial_specificity,16.6433162689209,0.7383714318275452,0.024443821981549263
3499,4,3499,spatial_specificity,16.76305389404297,0.7641201615333557,0.02172606810927391
3499,4,3499,spatial_specificity,16.970561981201172,0.7308800220489502,0.024952223524451256
3499,4,3499,spatial_specificity,17.0,0.7597693800926208,0.021900031715631485
3499,4,3499,spatial_specificity,17.029386520385742,0.7608199119567871,0.021741965785622597
3499,4,3499,spatial_specificity,17.0880069732666,0.7570211887359619,0.022538764402270317
3499,4,3499,spatial_specificity,17.11724281311035,0.7847526669502258,0.0197517778724432
3499,4,3499,spatial_specificity,17.20465087890625,0.7342566251754761,0.024788467213511467
3499,4,3499,spatial_specificity,17.262676239013672,0.7790104150772095,0.020262587815523148
3499,4,3499,spatial_specificity,17.464248657226562,0.7613898515701294,0.022027961909770966
3499,4,3499,spatial_specificity,17.492855072021484,0.7386646270751953,0.02405683510005474
3499,4,3499,spatial_specificity,17.69180679321289,0.7294926643371582,0.02512112446129322
3499,4,3499,spatial_specificity,17.72004508972168,0.7650886178016663,0.021538453176617622
3499,4,3499,spatial_specificity,17.804494857788086,0.7311069965362549,0.02504369616508484
3499,4,3499,spatial_specificity,17.8885440826416,0.7444888353347778,0.02351197600364685
3499,4,3499,spatial_specificity,18.0,0.790931224822998,0.018735328689217567
3499,4,3499,spatial_specificity,18.027755737304688,0.7609182596206665,0.02147209458053112
3499,4,3499,spatial_specificity,18.11077117919922,0.7847651243209839,0.01952243223786354
3499,4,3499,spatial_specificity,18.248287200927734,0.7791647911071777,0.020223233848810196
3499,4,3499,spatial_specificity,18.357559204101562,0.7397758960723877,0.023653948679566383
3499,4,3499,spatial_specificity,18.384777069091797,0.7440616488456726,0.02341650240123272
3499,4,3499,spatial_specificity,18.439088821411133,0.7515072822570801,0.022573748603463173
3499,4,3499,spatial_specificity,18.601076126098633,0.7320582270622253,0.024606749415397644
3499,4,3499,spatial_specificity,18.681541442871094,0.7661317586898804,0.02063889428973198
3499,4,3499,spatial_specificity,18.788293838500977,0.7459446787834167,0.02287653647363186
3499,4,3499,spatial_specificity,18.867961883544922,0.7361229658126831,0.023867705836892128
3499,4,3499,spatial_specificity,18.973665237426758,0.759365975856781,0.02111188694834709
3499,4,3499,spatial_specificity,19.0,0.7905771732330322,0.018245985731482506
3499,4,3499,spatial_specificity,19.02629852294922,0.7888238430023193,0.01846785843372345
3499,4,3499,spatial_specificity,19.10497283935547,0.7575995326042175,0.021194586530327797
3499,4,3499,spatial_specificity,19.209373474121094,0.7309619784355164,0.024762453511357307
3499,4,3499,spatial_specificity,19.235383987426758,0.7608317136764526,0.020668039098381996
3499,4,3499,spatial_specificity,19.313207626342773,0.7530083656311035,0.021875761449337006
3499,4,3499,spatial_specificity,19.416488647460938,0.7539505958557129,0.021354518830776215
3499,4,3499,spatial_specificity,19.646883010864258,0.7670146226882935,0.019909407943487167
3499,4,3499,spatial_specificity,19.697715759277344,0.7477478981018066,0.02182806096971035
3499,4,3499,spatial_specificity,19.72308349609375,0.7379902005195618,0.02271515689790249
3499,4,3499,spatial_specificity,19.79899024963379,0.7302157282829285,0.02509620040655136
3499,4,3499,spatial_specificity,19.84943389892578,0.7310128211975098,0.02485940232872963
3499,4,3499,spatial_specificity,19.92485809326172,0.7604645490646362,0.020171424373984337
3499,4,3499,spatial_specificity,20.0,0.7527132034301758,0.02077985741198063
3499,4,3499,spatial_specificity,20.02498435974121,0.7892536520957947,0.017331622540950775
3499,4,3499,spatial_specificity,20.099750518798828,0.7858268618583679,0.017200710251927376
3499,4,3499,spatial_specificity,20.124610900878906,0.743462324142456,0.02165512554347515
3499,4,3499,spatial_specificity,20.2237491607666,0.7809228897094727,0.017359163612127304
3499,4,3499,spatial_specificity,20.248456954956055,0.7454661130905151,0.021425245329737663
3499,4,3499,spatial_specificity,20.39607810974121,0.7749026417732239,0.017897583544254303
3499,4,3499,spatial_specificity,20.51828384399414,0.7322105765342712,0.024709098041057587
3499,4,3499,spatial_specificity,20.59126091003418,0.7405838966369629,0.021552279591560364
3499,4,3499,spatial_specificity,20.615528106689453,0.7507323026657104,0.020415736362338066
3499,4,3499,spatial_specificity,20.808650970458984,0.7359057664871216,0.02298661507666111
3499,4,3499,spatial_specificity,20.880613327026367,0.7625612616539001,0.018444359302520752
3499,4,3499,spatial_specificity,21.0,0.7926621437072754,0.016426745802164078
3499,4,3499,spatial_specificity,21.02379608154297,0.7689478993415833,0.017234766855835915
3499,4,3499,spatial_specificity,21.095022201538086,0.763807475566864,0.017755240201950073
3499,4,3499,spatial_specificity,21.189619064331055,0.7572520971298218,0.01840105652809143
3499,4,3499,spatial_specificity,21.21320343017578,0.7668010592460632,0.01802474819123745
3499,4,3499,spatial_specificity,21.260292053222656,0.7348889112472534,0.023979799821972847
3499,4,3499,spatial_specificity,21.3775577545166,0.7769354581832886,0.017192523926496506
3499,4,3499,spatial_specificity,21.40093421936035,0.7365657687187195,0.022954275831580162
3499,4,3499,spatial_specificity,21.470911026000977,0.7432197332382202,0.020227650180459023
3499,4,3499,spatial_specificity,21.540658950805664,0.7527346611022949,0.01854407601058483
3499,4,3499,spatial_specificity,21.587032318115234,0.7710098624229431,0.01722513698041439
3499,4,3499,spatial_specificity,21.63330841064453,0.7388071417808533,0.021959591656923294
3499,4,3499,spatial_specificity,21.840330123901367,0.765805184841156,0.017498059198260307
3499,4,3499,spatial_specificity,21.931711196899414,0.7430170178413391,0.021230988204479218
3499,4,3499,spatial_specificity,21.954498291015625,0.7420507669448853,0.020970439538359642
3499,4,3499,spatial_specificity,22.0,0.7954350709915161,0.016981687396764755
3499,4,3499,spatial_specificity,22.022714614868164,0.7659777402877808,0.017749028280377388
3499,4,3499,spatial_specificity,22.090721130371094,0.7900813817977905,0.017521468922495842
3499,4,3499,spatial_specificity,22.135944366455078,0.7609627842903137,0.018288560211658478
3499,4,3499,spatial_specificity,22.203603744506836,0.7627133131027222,0.0186324380338192
3499,4,3499,spatial_specificity,22.360679626464844,0.764126181602478,0.01860862597823143
3499,4,3499,spatial_specificity,22.472204208374023,0.7496169209480286,0.020973695442080498
3499,4,3499,spatial_specificity,22.56102752685547,0.7760102152824402,0.018937649205327034
3499,4,3499,spatial_specificity,22.627416610717773,0.7391136288642883,0.024585813283920288
3499,4,3499,spatial_specificity,22.671567916870117,0.7395309805870056,0.024338465183973312
3499,4,3499,spatial_specificity,22.803508758544922,0.7559402585029602,0.021245891228318214
3499,4,3499,spatial_specificity,22.825424194335938,0.7468932867050171,0.02310182712972164
3499,4,3499,spatial_specificity,22.847320556640625,0.7545267939567566,0.022104211151599884
3499,4,3499,spatial_specificity,23.0,0.7996755242347717,0.02259838581085205
3499,4,3499,spatial_specificity,23.021728515625,0.7711264491081238,0.020639419555664062
3499,4,3499,spatial_specificity,23.086793899536133,0.7814562320709229,0.02193523198366165
3499,4,3499,spatial_specificity,23.194828033447266,0.7922208309173584,0.022457800805568695
3499,4,3499,spatial_specificity,23.25940704345703,0.7537065744400024,0.024900473654270172
3499,4,3499,spatial_specificity,23.323808670043945,0.7479763031005859,0.025990063324570656
3499,4,3499,spatial_specificity,23.345233917236328,0.7653390765190125,0.02277173101902008
3499,4,3499,spatial_specificity,23.409400939941406,0.764275312423706,0.025051996111869812
3499,4,3499,spatial_specificity,23.430747985839844,0.743743896484375,0.026924556121230125
3499,4,3499,spatial_specificity,23.53720474243164,0.7838761210441589,0.02393605187535286
3499,4,3499,spatial_specificity,23.600847244262695,0.7461737394332886,0.027709124609827995
3499,4,3499,spatial_specificity,23.706539154052734,0.7544283270835876,0.02793487161397934
3499,4,3499,spatial_specificity,23.769729614257812,0.7712992429733276,0.026340479031205177
3499,4,3499,spatial_specificity,23.853721618652344,0.7502536773681641,0.02933325245976448
3499,4,3499,spatial_specificity,24.0,0.8087061047554016,0.027062224224209785
3499,4,3499,spatial_specificity,24.020824432373047,0.8070963621139526,0.027187149971723557
3499,4,3499,spatial_specificity,24.0416316986084,0.7669094204902649,0.02708243392407894
3499,4,3499,spatial_specificity,24.083189010620117,0.7764302492141724,0.02518841065466404
3499,4,3499,spatial_specificity,24.166091918945312,0.7629233598709106,0.03037307597696781
3499,4,3499,spatial_specificity,24.1867733001709,0.7786554098129272,0.026668913662433624
3499,4,3499,spatial_specificity,24.207435607910156,0.7512982487678528,0.03126797080039978
3499,4,3499,spatial_specificity,24.3310489654541,0.797614336013794,0.026093680411577225
3499,4,3499,spatial_specificity,24.351591110229492,0.7746157646179199,0.029475199058651924
3499,4,3499,spatial_specificity,24.413110733032227,0.7545644640922546,0.03276457265019417
3499,4,3499,spatial_specificity,24.515300750732422,0.7936352491378784,0.026768166571855545
3499,4,3499,spatial_specificity,24.59674835205078,0.7641096115112305,0.033498093485832214
3499,4,3499,spatial_specificity,24.698179244995117,0.7665644884109497,0.03283210098743439
3499,4,3499,spatial_specificity,24.73863410949707,0.7898808717727661,0.027570322155952454
3499,4,3499,spatial_specificity,24.75883674621582,0.7575306296348572,0.03498561680316925
3499,4,3499,spatial_specificity,24.83948516845703,0.7589396238327026,0.03542132303118706
3499,4,3499,spatial_specificity,25.0,0.7825215458869934,0.028849266469478607
3499,4,3499,spatial_specificity,25.01999282836914,0.8166812062263489,0.027832021936774254
3499,4,3499,spatial_specificity,25.05992889404297,0.7663925290107727,0.03607288375496864
3499,4,3499,spatial_specificity,25.079872131347656,0.7940070629119873,0.02862074412405491
3499,4,3499,spatial_specificity,25.179357528686523,0.8119490742683411,0.027016300708055496
3499,4,3499,spatial_specificity,25.238859176635742,0.7653368711471558,0.037052933126688004
3499,4,3499,spatial_specificity,25.298221588134766,0.7852296233177185,0.030972998589277267
3499,4,3499,spatial_specificity,25.317977905273438,0.8079727292060852,0.02698645554482937
3499,4,3499,spatial_specificity,25.455842971801758,0.7672580480575562,0.03874645009636879
3499,4,3499,spatial_specificity,25.495098114013672,0.7817851305007935,0.03193346783518791
3499,4,3499,spatial_specificity,25.553865432739258,0.7706207036972046,0.03801608458161354
3499,4,3499,spatial_specificity,25.612497329711914,0.7701114416122437,0.03916734457015991
3499,4,3499,spatial_specificity,25.63201141357422,0.7843206524848938,0.033329565078020096
3499,4,3499,spatial_specificity,25.709918975830078,0.8006089925765991,0.028486477211117744
3499,4,3499,spatial_specificity,25.806976318359375,0.7732176780700684,0.039922505617141724
3499,4,3499,spatial_specificity,25.942243576049805,0.7779917120933533,0.038740817457437515
3499,4,3499,spatial_specificity,25.961509704589844,0.7982815504074097,0.030319785699248314
3499,4,3499,spatial_specificity,26.0,0.7992550134658813,0.031233439221978188
3499,4,3499,spatial_specificity,26.019224166870117,0.8261569142341614,0.026702769100666046
3499,4,3499,spatial_specificity,26.076810836791992,0.8004676103591919,0.03146179020404816
3499,4,3499,spatial_specificity,26.172504425048828,0.7987008094787598,0.03275192528963089
3499,4,3499,spatial_specificity,26.248809814453125,0.7872956991195679,0.03640596196055412
3499,4,3499,spatial_specificity,26.305892944335938,0.8199496269226074,0.028470993041992188
3499,4,3499,spatial_specificity,26.400758743286133,0.7842203378677368,0.04115452989935875
3499,4,3499,spatial_specificity,26.419689178466797,0.7840479612350464,0.042335543781518936
3499,4,3499,spatial_specificity,26.476404190063477,0.8168536424636841,0.028640177100896835
3499,4,3499,spatial_specificity,26.570661544799805,0.7977851033210754,0.03610720485448837
3499,4,3499,spatial_specificity,26.62705421447754,0.7850419282913208,0.043995246291160583
3499,4,3499,spatial_specificity,26.68332862854004,0.8139298558235168,0.029590047895908356
3499,4,3499,spatial_specificity,26.832815170288086,0.7921720743179321,0.042816776782274246
3499,4,3499,spatial_specificity,26.870058059692383,0.7893689870834351,0.04803841561079025
3499,4,3499,spatial_specificity,26.90724754333496,0.7894341349601746,0.04746689647436142
3499,4,3499,spatial_specificity,26.925825119018555,0.8004807233810425,0.03711765632033348
3499,4,3499,spatial_specificity,27.0,0.8407087922096252,0.025667350739240646
3499,4,3499,spatial_specificity,27.018512725830078,0.8145758509635925,0.034407708793878555
3499,4,3499,spatial_specificity,27.073972702026367,0.8372747302055359,0.027110399678349495
3499,4,3499,spatial_specificity,27.166154861450195,0.8343719840049744,0.027547582983970642
3499,4,3499,spatial_specificity,27.202939987182617,0.8018309473991394,0.03824353218078613
3499,4,3499,spatial_specificity,27.294689178466797,0.815015971660614,0.03386010602116585
3499,4,3499,spatial_specificity,27.312999725341797,0.802803635597229,0.04018128290772438
3499,4,3499,spatial_specificity,27.459060668945312,0.8114472031593323,0.034946322441101074
3499,4,3499,spatial_specificity,27.51363182067871,0.8114840984344482,0.03265347704291344
3499,4,3499,spatial_specificity,27.58622932434082,0.7938277125358582,0.048434991389513016
3499,4,3499,spatial_specificity,27.658634185791016,0.8117727041244507,0.03720642253756523
3499,4,3499,spatial_specificity,27.730850219726562,0.8056800365447998,0.04152997210621834
3499,4,3499,spatial_specificity,27.784889221191406,0.8018814325332642,0.04487042501568794
3499,4,3499,spatial_specificity,27.80287742614746,0.7997913956642151,0.048453349620103836
3499,4,3499,spatial_specificity,27.856775283813477,0.8146153092384338,0.035352546721696854
3499,4,3499,spatial_specificity,27.89265251159668,0.8285521268844604,0.03025287389755249
3499,4,3499,spatial_specificity,28.0,0.8604133725166321,0.024103207513689995
3499,4,3499,spatial_specificity,28.017852783203125,0.830558180809021,0.033738769590854645
3499,4,3499,spatial_specificity,28.07133674621582,0.8536601662635803,0.024911005049943924
3499,4,3499,spatial_specificity,28.160255432128906,0.8397522568702698,0.026856521144509315
3499,4,3499,spatial_specificity,28.17800521850586,0.810930073261261,0.04270204156637192
3499,4,3499,spatial_specificity,28.231189727783203,0.818337082862854,0.037176888436079025
3499,4,3499,spatial_specificity,28.284271240234375,0.8334323763847351,0.03059094212949276
3499,4,3499,spatial_specificity,28.301944732666016,0.8079248666763306,0.04782513156533241
3499,4,3499,spatial_specificity,28.319604873657227,0.8061975240707397,0.05074488744139671
3499,4,3499,spatial_specificity,28.42534065246582,0.8089635372161865,0.05011719465255737
3499,4,3499,spatial_specificity,28.44292640686035,0.8476311564445496,0.026736918836832047
3499,4,3499,spatial_specificity,28.460498809814453,0.8294594883918762,0.03274841606616974
3499,4,3499,spatial_specificity,28.60070037841797,0.8138524293899536,0.04818246141076088
3499,4,3499,spatial_specificity,28.635643005371094,0.8326752185821533,0.031018603593111038
3499,4,3499,spatial_specificity,28.65309715270996,0.8142110109329224,0.04409768059849739
3499,4,3499,spatial_specificity,28.792360305786133,0.8307563662528992,0.031783923506736755
3499,4,3499,spatial_specificity,28.844409942626953,0.8174466490745544,0.0461665503680706
3499,4,3499,spatial_specificity,28.861740112304688,0.8428173065185547,0.02736659348011017
3499,4,3499,spatial_specificity,29.0,0.8376444578170776,0.04358011484146118
3499,4,3499,spatial_specificity,29.017236709594727,0.8756961822509766,0.026553599163889885
3499,4,3499,spatial_specificity,29.068883895874023,0.8377599716186523,0.03633151203393936
3499,4,3499,spatial_specificity,29.120439529418945,0.8424268960952759,0.028528397902846336
3499,4,3499,spatial_specificity,29.15475845336914,0.8410277962684631,0.031308624893426895
3499,4,3499,spatial_specificity,29.20616340637207,0.822047233581543,0.04649799317121506
3499,4,3499,spatial_specificity,29.27456283569336,0.8653708696365356,0.024461401626467705
3499,4,3499,spatial_specificity,29.4108829498291,0.8368308544158936,0.03616783395409584
3499,4,3499,spatial_specificity,29.42787742614746,0.8630335927009583,0.025824731215834618
3499,4,3499,spatial_specificity,29.529645919799805,0.8275388479232788,0.03754979372024536
3499,4,3499,spatial_specificity,29.546573638916016,0.8355802297592163,0.038029927760362625
3499,4,3499,spatial_specificity,29.614185333251953,0.8591971397399902,0.02883617766201496
3499,4,3499,spatial_specificity,29.681644439697266,0.8293724656105042,0.040287405252456665
3499,4,3499,spatial_specificity,29.698484420776367,0.8235945701599121,0.044803012162446976
3499,4,3499,spatial_specificity,29.73213768005371,0.8313535451889038,0.03438539803028107
3499,4,3499,spatial_specificity,29.832868576049805,0.8363751173019409,0.030487578362226486
3499,4,3499,spatial_specificity,29.96664810180664,0.8312546014785767,0.03336711972951889
3499,4,3499,spatial_specificity,30.0,0.8428831100463867,0.034988150000572205
3499,4,3499,spatial_specificity,30.01666259765625,0.8497843742370605,0.028786825016140938
3499,4,3499,spatial_specificity,30.066593170166016,0.870396077632904,0.023838089779019356
3499,4,3499,spatial_specificity,30.08321762084961,0.8390011787414551,0.024290194734930992
3499,4,3499,spatial_specificity,30.149627685546875,0.8650181293487549,0.023195471614599228
3499,4,3499,spatial_specificity,30.232433319091797,0.8276676535606384,0.036763422191143036
3499,4,3499,spatial_specificity,30.265491485595703,0.8598630428314209,0.02371150813996792
3499,4,3499,spatial_specificity,30.36445426940918,0.8370875716209412,0.02458171173930168
3499,4,3499,spatial_specificity,30.4138126373291,0.8359547257423401,0.02961655519902706
3499,4,3499,spatial_specificity,30.463092803955078,0.834006667137146,0.030954059213399887
3499,4,3499,spatial_specificity,30.479501724243164,0.8314819931983948,0.038503896445035934
3499,4,3499,spatial_specificity,30.528675079345703,0.8250978589057922,0.03568470850586891
3499,4,3499,spatial_specificity,30.594118118286133,0.849822461605072,0.021501045674085617
3499,4,3499,spatial_specificity,30.610454559326172,0.8334896564483643,0.03617025911808014
3499,4,3499,spatial_specificity,30.675724029541016,0.834238588809967,0.027824483811855316
3499,4,3499,spatial_specificity,30.805843353271484,0.8368930220603943,0.02550223469734192
3499,4,3499,spatial_specificity,30.870698928833008,0.8297482132911682,0.03354478254914284
3499,4,3499,spatial_specificity,30.886890411376953,0.8285396695137024,0.034766264259815216
3499,4,3499,spatial_specificity,31.0,0.8729255795478821,0.03280993178486824
3499,4,3499,spatial_specificity,31.016124725341797,0.8481648564338684,0.02844410017132759
3499,4,3499,spatial_specificity,31.048349380493164,0.8431689739227295,0.022594545036554337
3499,4,3499,spatial_specificity,31.064449310302734,0.8437831401824951,0.029036646708846092
3499,4,3499,spatial_specificity,31.11269760131836,0.838344395160675,0.03610798716545105
3499,4,3499,spatial_specificity,31.14482307434082,0.8434409499168396,0.029433535411953926
3499,4,3499,spatial_specificity,31.240999221801758,0.8412059545516968,0.0345565602183342
3499,4,3499,spatial_specificity,31.256999969482422,0.8658448457717896,0.02811572514474392
3499,4,3499,spatial_specificity,31.30495262145996,0.8373882174491882,0.03354358300566673
3499,4,3499,spatial_specificity,31.320920944213867,0.8411811590194702,0.025031616911292076
3499,4,3499,spatial_specificity,31.384708404541016,0.8343963623046875,0.03185194730758667
3499,4,3499,spatial_specificity,31.400636672973633,0.8469420075416565,0.026423372328281403
3499,4,3499,spatial_specificity,31.575305938720703,0.8627233505249023,0.02796877920627594
3499,4,3499,spatial_specificity,31.62277603149414,0.8387465476989746,0.03148406371474266
3499,4,3499,spatial_specificity,31.764760971069336,0.8372530937194824,0.035711873322725296
3499,4,3499,spatial_specificity,31.780498504638672,0.8378966450691223,0.039346009492874146
3499,4,3499,spatial_specificity,31.827659606933594,0.8448511958122253,0.037776634097099304
3499,4,3499,spatial_specificity,31.890438079833984,0.8468353152275085,0.03538405895233154
3499,4,3499,spatial_specificity,31.906112670898438,0.8450908660888672,0.028228871524333954
3499,4,3499,spatial_specificity,31.95309066772461,0.8360170125961304,0.035878852009773254
3499,4,3499,spatial_specificity,32.015621185302734,0.8519902229309082,0.028848392888903618
3499,4,3499,spatial_specificity,32.202484130859375,0.8439874649047852,0.0289666298776865
3499,4,3499,spatial_specificity,32.24903106689453,0.8451350331306458,0.025706835091114044
3499,4,3499,spatial_specificity,32.280025482177734,0.848281741142273,0.018982496112585068
3499,4,3499,spatial_specificity,32.31098937988281,0.8364255428314209,0.02391483075916767
3499,4,3499,spatial_specificity,32.4499626159668,0.8496138453483582,0.03198277950286865
3499,4,3499,spatial_specificity,32.526912689208984,0.8410980105400085,0.038796793669462204
3499,4,3499,spatial_specificity,32.557640075683594,0.8417043685913086,0.03708340972661972
3499,4,3499,spatial_specificity,32.572994232177734,0.8488017320632935,0.01679239049553871
3499,4,3499,spatial_specificity,32.649654388427734,0.8486273884773254,0.029046550393104553
3499,4,3499,spatial_specificity,32.69556427001953,0.8423372507095337,0.019921112805604935
3499,4,3499,spatial_specificity,32.75667953491211,0.8332369923591614,0.022547490894794464
3499,4,3499,spatial_specificity,32.80244064331055,0.8491575121879578,0.031248150393366814
3499,4,3499,spatial_specificity,32.893768310546875,0.8425988554954529,0.00830098520964384
3499,4,3499,spatial_specificity,33.0151481628418,0.8351677656173706,0.035072971135377884
3499,4,3499,spatial_specificity,33.105892181396484,0.8344123363494873,0.01836445741355419
3499,4,3499,spatial_specificity,33.12099075317383,0.8295795917510986,0.02269352413713932
3499,4,3499,spatial_specificity,33.241539001464844,0.8440359234809875,0.028337571769952774
3499,4,3499,spatial_specificity,33.2866325378418,0.8370659351348877,0.02237260527908802
3499,4,3499,spatial_specificity,33.30165100097656,0.8465623259544373,0.03350609540939331
3499,4,3499,spatial_specificity,33.42155075073242,0.8349036574363708,0.03154958784580231
3499,4,3499,spatial_specificity,33.541019439697266,0.8382094502449036,0.020834827795624733
3499,4,3499,spatial_specificity,33.60059356689453,0.842781126499176,0.026284074410796165
3499,4,3499,spatial_specificity,33.615474700927734,0.8399562239646912,0.01840551197528839
3499,4,3499,spatial_specificity,33.83784866333008,0.8450806140899658,0.023198777809739113
3499,4,3499,spatial_specificity,33.941123962402344,0.857782244682312,0.034404855221509933
3499,4,3499,spatial_specificity,33.97057342529297,0.8449060320854187,0.03421198949217796
3499,4,3499,spatial_specificity,34.0,0.8422972559928894,0.022297833114862442
3499,4,3499,spatial_specificity,34.01470184326172,0.847632646560669,0.015125563368201256
3499,4,3499,spatial_specificity,34.058773040771484,0.8526694178581238,0.03311731293797493
3499,4,3499,spatial_specificity,34.13209533691406,0.8461290001869202,0.022577248513698578
3499,4,3499,spatial_specificity,34.20526123046875,0.8529470562934875,0.02875996194779873
3499,4,3499,spatial_specificity,34.4093017578125,0.8368116617202759,0.013472884893417358
3499,4,3499,spatial_specificity,34.438350677490234,0.8532224297523499,0.021068545058369637
3499,4,3499,spatial_specificity,34.48188018798828,0.8311543464660645,0.009690463542938232
3499,4,3499,spatial_specificity,34.65544891357422,0.8392877578735352,0.018780171871185303
3499,4,3499,spatial_specificity,34.66987228393555,0.8367915749549866,0.010455012321472168
3499,4,3499,spatial_specificity,34.71310806274414,0.8403469920158386,0.01721644401550293
3499,4,3499,spatial_specificity,34.828147888183594,0.8409276604652405,0.013910651206970215
3499,4,3499,spatial_specificity,34.885528564453125,0.8415411710739136,0.011022508144378662
3499,4,3499,spatial_specificity,34.98571014404297,0.8328524827957153,0.008571892976760864
3499,4,3499,spatial_specificity,35.0,0.8407554030418396,0.011047601699829102
3499,4,3499,spatial_specificity,35.22782897949219,0.8398325443267822,0.007830649614334106
3499,4,3499,spatial_specificity,35.35533905029297,0.8441681861877441,0.01223534345626831
3499,4,3499,spatial_specificity,35.38361358642578,0.8449108600616455,0.012656539678573608
3499,4,3499,spatial_specificity,35.46829605102539,0.8452274799346924,0.01116761565208435
3499,4,3499,spatial_specificity,35.510562896728516,0.8362859487533569,0.006398409605026245
3499,4,3499,spatial_specificity,35.60898971557617,0.843297004699707,0.0090562105178833
3499,4,3499,spatial_specificity,35.80502700805664,0.8420174717903137,0.006036996841430664
3499,4,3499,spatial_specificity,35.84689712524414,0.848280131816864,0.007796049118041992
3499,4,3499,spatial_specificity,36.055511474609375,0.8382880091667175,0.005258142948150635
3499,4,3499,spatial_specificity,36.06937789916992,0.8469381332397461,0.008753538131713867
3499,4,3499,spatial_specificity,36.12478256225586,0.8469220399856567,0.007854849100112915
3499,4,3499,spatial_specificity,36.2353401184082,0.8460657596588135,0.006928235292434692
3499,4,3499,spatial_specificity,36.359317779541016,0.8530310392379761,0.006298750638961792
3499,4,3499,spatial_specificity,36.400550842285156,0.8430588245391846,0.004528343677520752
3499,4,3499,spatial_specificity,36.619667053222656,0.8392449617385864,0.004929095506668091
3499,4,3499,spatial_specificity,36.769554138183594,0.848664402961731,0.006161302328109741
3499,4,3499,spatial_specificity,36.79673767089844,0.8475524187088013,0.005252480506896973
3499,4,3499,spatial_specificity,36.878177642822266,0.8459958434104919,0.004414618015289307
3499,4,3499,spatial_specificity,36.8917350769043,0.8572329878807068,0.004672229290008545
3499,4,3499,spatial_specificity,37.013511657714844,0.8441699147224426,0.0040627121925354
3499,4,3499,spatial_specificity,37.202152252197266,0.8401883840560913,0.004199624061584473
3499,4,3499,spatial_specificity,37.44329071044922,0.8602192401885986,0.0068156421184539795
3499,4,3499,spatial_specificity,37.48332977294922,0.8481200933456421,0.0033527016639709473
3499,4,3499,spatial_specificity,37.53664779663086,0.8458249568939209,0.0034542083740234375
3499,4,3499,spatial_specificity,37.643062591552734,0.8431310653686523,0.0020886659622192383
3499,4,3499,spatial_specificity,37.80211639404297,0.8417806625366211,0.005696207284927368
3499,4,3499,spatial_specificity,38.01315689086914,0.8618044853210449,0.006086945533752441
3499,4,3499,spatial_specificity,38.18376541137695,0.8462988138198853,0.0026099979877471924
3499,4,3499,spatial_specificity,38.20994567871094,0.8457010984420776,0.002911776304244995
3499,4,3499,spatial_specificity,38.28837966918945,0.8427101373672485,0.0015748441219329834
3499,4,3499,spatial_specificity,38.41874694824219,0.8409065008163452,0.006201297044754028
3499,4,3499,spatial_specificity,38.60051727294922,0.8676589727401733,0.010911017656326294
3499,4,3499,spatial_specificity,38.897300720214844,0.8440127372741699,0.001832336187362671
3499,4,3499,spatial_specificity,38.94868469238281,0.843224048614502,0.0011229515075683594
3499,4,3499,spatial_specificity,39.051246643066406,0.8421851396560669,0.007394671440124512
3499,4,3499,spatial_specificity,39.20458984375,0.8710666298866272,0.010597407817840576
3499,4,3499,spatial_specificity,39.59798049926758,0.8431842923164368,0.001241922378540039
3499,4,3499,spatial_specificity,39.623226165771484,0.8430454730987549,0.0016103684902191162
3499,4,3499,spatial_specificity,39.69886779785156,0.8460851907730103,0.007742077112197876
3499,4,3499,spatial_specificity,39.824615478515625,0.8724117279052734,0.002756834030151367
3499,4,3499,spatial_specificity,40.31128692626953,0.8451050519943237,0.0026095211505889893
3499,4,3499,spatial_specificity,40.360870361328125,0.8492611646652222,0.01049688458442688
3499,4,3499,spatial_specificity,40.45985794067383,0.8733591437339783,0.0
3499,4,3499,spatial_specificity,41.01219177246094,0.8537414073944092,0.008849292993545532
3499,4,3499,spatial_specificity,41.03656768798828,0.854884684085846,0.013440430164337158
3499,4,3499,spatial_specificity,41.1096076965332,0.8736180067062378,0.0
3499,4,3499,spatial_specificity,41.72529220581055,0.8648354411125183,0.019631385803222656
3499,4,3499,spatial_specificity,41.773197174072266,0.8754901885986328,0.0
3499,4,3499,spatial_specificity,42.42640686035156,0.8715803623199463,0.021732836961746216
3499,4,3499,spatial_specificity,42.44997024536133,0.8696455955505371,0.0
3499,4,3499,spatial_specificity,43.13930892944336,0.8848841190338135,0.0
3999,5,3999,cls_effective_rank,,14.156014442443848,0.963942289352417
3999,5,3999,patch_effective_rank,,72.07442474365234,6.720334053039551
3999,5,3999,mean_off_diagonal_similarity,,0.7966476678848267,0.015601863153278828
3999,5,3999,spatial_specificity_correlation,,-0.3759196698665619,0.04286075383424759
3999,5,3999,spatial_specificity,1.0,0.9686257243156433,0.004272668622434139
3999,5,3999,spatial_specificity,1.4142135381698608,0.9543036222457886,0.006038675084710121
3999,5,3999,spatial_specificity,2.0,0.9383106231689453,0.008195080794394016
3999,5,3999,spatial_specificity,2.2360680103302,0.9308695793151855,0.008736583404242992
3999,5,3999,spatial_specificity,2.8284270763397217,0.9151891469955444,0.010254994034767151
3999,5,3999,spatial_specificity,3.0,0.9143211245536804,0.009984289295971394
3999,5,3999,spatial_specificity,3.1622776985168457,0.9094693064689636,0.010198180563747883
3999,5,3999,spatial_specificity,3.605551242828369,0.8982575535774231,0.011167916469275951
3999,5,3999,spatial_specificity,4.0,0.8937228918075562,0.011137181892991066
3999,5,3999,spatial_specificity,4.123105525970459,0.8900662660598755,0.011213922873139381
3999,5,3999,spatial_specificity,4.242640495300293,0.8840843439102173,0.012164945714175701
3999,5,3999,spatial_specificity,4.4721360206604,0.8811646699905396,0.012057793326675892
3999,5,3999,spatial_specificity,5.0,0.8710396885871887,0.01253506075590849
3999,5,3999,spatial_specificity,5.099019527435303,0.8722233772277832,0.012078240513801575
3999,5,3999,spatial_specificity,5.385164737701416,0.8647022247314453,0.012849696911871433
3999,5,3999,spatial_specificity,5.656854152679443,0.8554114103317261,0.013991284184157848
3999,5,3999,spatial_specificity,5.830952167510986,0.8539873957633972,0.013798032887279987
3999,5,3999,spatial_specificity,6.0,0.8594919443130493,0.012516784481704235
3999,5,3999,spatial_specificity,6.082762241363525,0.8567014932632446,0.012738165445625782
3999,5,3999,spatial_specificity,6.324555397033691,0.8500205874443054,0.013460289686918259
3999,5,3999,spatial_specificity,6.4031243324279785,0.8418937921524048,0.014704952947795391
3999,5,3999,spatial_specificity,6.7082037925720215,0.840467631816864,0.014463123865425587
3999,5,3999,spatial_specificity,7.0,0.8459776043891907,0.01301624160259962
3999,5,3999,spatial_specificity,7.071067810058594,0.8390082120895386,0.013850078918039799
3999,5,3999,spatial_specificity,7.211102485656738,0.829491913318634,0.015368584543466568
3999,5,3999,spatial_specificity,7.280109882354736,0.8375864028930664,0.013931721448898315
3999,5,3999,spatial_specificity,7.6157732009887695,0.8288525342941284,0.0148424431681633
3999,5,3999,spatial_specificity,7.8102498054504395,0.8182249069213867,0.016107643023133278
3999,5,3999,spatial_specificity,8.0,0.8345645070075989,0.013509140349924564
3999,5,3999,spatial_specificity,8.062257766723633,0.8254712224006653,0.014691070653498173
3999,5,3999,spatial_specificity,8.246211051940918,0.8267170190811157,0.01431335974484682
3999,5,3999,spatial_specificity,8.485280990600586,0.8075504302978516,0.016803627833724022
3999,5,3999,spatial_specificity,8.5440034866333,0.818558394908905,0.015098136849701405
3999,5,3999,spatial_specificity,8.602325439453125,0.8080490231513977,0.01654892787337303
3999,5,3999,spatial_specificity,8.9442720413208,0.808933436870575,0.015940101817250252
3999,5,3999,spatial_specificity,9.0,0.8248341679573059,0.014178216457366943
3999,5,3999,spatial_specificity,9.05538558959961,0.8226431012153625,0.014287048019468784
3999,5,3999,spatial_specificity,9.219544410705566,0.8076618313789368,0.015981877222657204
3999,5,3999,spatial_specificity,9.433980941772461,0.7989271283149719,0.016757691279053688
3999,5,3999,spatial_specificity,9.486832618713379,0.8097296953201294,0.015345295891165733
3999,5,3999,spatial_specificity,9.848857879638672,0.8006631135940552,0.016037406399846077
3999,5,3999,spatial_specificity,9.899495124816895,0.7884839773178101,0.01798362098634243
3999,5,3999,spatial_specificity,10.0,0.7985642552375793,0.016533616930246353
3999,5,3999,spatial_specificity,10.049875259399414,0.8145722150802612,0.01477788295596838
3999,5,3999,spatial_specificity,10.198039054870605,0.8094925880432129,0.01522098109126091
3999,5,3999,spatial_specificity,10.29563045501709,0.7911814451217651,0.017000878229737282
3999,5,3999,spatial_specificity,10.440306663513184,0.8023605346679688,0.015649056062102318
3999,5,3999,spatial_specificity,10.630146026611328,0.7803429961204529,0.018320899456739426
3999,5,3999,spatial_specificity,10.770329475402832,0.7938311696052551,0.016290733590722084
3999,5,3999,spatial_specificity,10.816654205322266,0.7820169925689697,0.017925789579749107
3999,5,3999,spatial_specificity,11.0,0.8103314638137817,0.014921600930392742
3999,5,3999,spatial_specificity,11.045360565185547,0.808305561542511,0.015113389119505882
3999,5,3999,spatial_specificity,11.180339813232422,0.7941500544548035,0.01636187545955181
3999,5,3999,spatial_specificity,11.313708305358887,0.7723497748374939,0.018885718658566475
3999,5,3999,spatial_specificity,11.401754379272461,0.7850834131240845,0.017237016931176186
3999,5,3999,spatial_specificity,11.661904335021973,0.7757803201675415,0.018287418410182
3999,5,3999,spatial_specificity,11.704700469970703,0.7882441878318787,0.01657005585730076
3999,5,3999,spatial_specificity,12.0,0.8057613372802734,0.015228879638016224
3999,5,3999,spatial_specificity,12.041594505310059,0.7848146557807922,0.017160702496767044
3999,5,3999,spatial_specificity,12.083045959472656,0.7792903184890747,0.017477376386523247
3999,5,3999,spatial_specificity,12.16552448272705,0.7986951470375061,0.01588485576212406
3999,5,3999,spatial_specificity,12.206555366516113,0.7674202919006348,0.019309980794787407
3999,5,3999,spatial_specificity,12.369317054748535,0.7920777797698975,0.01620829850435257
3999,5,3999,spatial_specificity,12.529964447021484,0.7705183625221252,0.018474504351615906
3999,5,3999,spatial_specificity,12.649110794067383,0.7839410901069641,0.016777487471699715
3999,5,3999,spatial_specificity,12.727921485900879,0.7586918473243713,0.020163659006357193
3999,5,3999,spatial_specificity,12.806248664855957,0.7596666216850281,0.020212650299072266
3999,5,3999,spatial_specificity,13.0,0.7844650149345398,0.016740726307034492
3999,5,3999,spatial_specificity,13.038405418395996,0.7817221283912659,0.017388036474585533
3999,5,3999,spatial_specificity,13.152946472167969,0.795721173286438,0.01606917940080166
3999,5,3999,spatial_specificity,13.34166431427002,0.7890141606330872,0.016428327187895775
3999,5,3999,spatial_specificity,13.416407585144043,0.7664273977279663,0.01871323585510254
3999,5,3999,spatial_specificity,13.45362377166748,0.7528342604637146,0.020979739725589752
3999,5,3999,spatial_specificity,13.601469993591309,0.7679726481437683,0.01879822090268135
3999,5,3999,spatial_specificity,13.892444610595703,0.7583379745483398,0.019819950684905052
3999,5,3999,spatial_specificity,13.928387641906738,0.7724636197090149,0.01791655458509922
3999,5,3999,spatial_specificity,14.0,0.8009417653083801,0.01587090641260147
3999,5,3999,spatial_specificity,14.03566837310791,0.7989665269851685,0.016011962667107582
3999,5,3999,spatial_specificity,14.142135620117188,0.7786701321601868,0.01786002330482006
3999,5,3999,spatial_specificity,14.21267032623291,0.7479478716850281,0.02158837765455246
3999,5,3999,spatial_specificity,14.317821502685547,0.775743842124939,0.017756391316652298
3999,5,3999,spatial_specificity,14.422204971313477,0.7508192658424377,0.0209401436150074
3999,5,3999,spatial_specificity,14.560219764709473,0.779604434967041,0.017520615831017494
3999,5,3999,spatial_specificity,14.764822959899902,0.7558237910270691,0.019781852141022682
3999,5,3999,spatial_specificity,14.866068840026855,0.7568628191947937,0.02009657770395279
3999,5,3999,spatial_specificity,15.0,0.7630545496940613,0.019690610468387604
3999,5,3999,spatial_specificity,15.033296585083008,0.7978061437606812,0.016713779419660568
3999,5,3999,spatial_specificity,15.132745742797852,0.7931848168373108,0.016988104209303856
3999,5,3999,spatial_specificity,15.231546401977539,0.7628331780433655,0.0188779067248106
3999,5,3999,spatial_specificity,15.264337539672852,0.7482722997665405,0.020908022299408913
3999,5,3999,spatial_specificity,15.297059059143066,0.7866876721382141,0.017422320321202278
3999,5,3999,spatial_specificity,15.524174690246582,0.7791305184364319,0.017800383269786835
3999,5,3999,spatial_specificity,15.55634880065918,0.7373952865600586,0.02262863516807556
3999,5,3999,spatial_specificity,15.620499610900879,0.7384103536605835,0.022314148023724556
3999,5,3999,spatial_specificity,15.65247631072998,0.7547607421875,0.019833872094750404
3999,5,3999,spatial_specificity,15.81138801574707,0.7563029527664185,0.019903838634490967
3999,5,3999,spatial_specificity,16.0,0.7987362146377563,0.017785578966140747
3999,5,3999,spatial_specificity,16.031219482421875,0.7969485521316528,0.01783096045255661
3999,5,3999,spatial_specificity,16.124515533447266,0.7701296806335449,0.01905347779393196
3999,5,3999,spatial_specificity,16.155494689941406,0.7625674605369568,0.01908366195857525
3999,5,3999,spatial_specificity,16.278820037841797,0.7603545188903809,0.020110568031668663
3999,5,3999,spatial_specificity,16.401220321655273,0.7360068559646606,0.022299818694591522
3999,5,3999,spatial_specificity,16.492422103881836,0.7787302732467651,0.018184972926974297
3999,5,3999,spatial_specificity,16.552946090698242,0.7546606659889221,0.019951868802309036
3999,5,3999,spatial_specificity,16.6433162689209,0.740575909614563,0.021492602303624153
3999,5,3999,spatial_specificity,16.76305389404297,0.7706310153007507,0.018564267084002495
3999,5,3999,spatial_specificity,16.970561981201172,0.7302309274673462,0.023552630096673965
3999,5,3999,spatial_specificity,17.0,0.7644041180610657,0.019690878689289093
3999,5,3999,spatial_specificity,17.029386520385742,0.7642444372177124,0.02046939730644226
3999,5,3999,spatial_specificity,17.0880069732666,0.7625675201416016,0.019447801634669304
3999,5,3999,spatial_specificity,17.11724281311035,0.791718602180481,0.018814412876963615
3999,5,3999,spatial_specificity,17.20465087890625,0.7349236607551575,0.022242367267608643
3999,5,3999,spatial_specificity,17.262676239013672,0.7856788635253906,0.018684908747673035
3999,5,3999,spatial_specificity,17.464248657226562,0.7666631937026978,0.019450228661298752
3999,5,3999,spatial_specificity,17.492855072021484,0.740587592124939,0.021076364442706108
3999,5,3999,spatial_specificity,17.69180679321289,0.7280807495117188,0.023687073960900307
3999,5,3999,spatial_specificity,17.72004508972168,0.7704901099205017,0.01945343427360058
3999,5,3999,spatial_specificity,17.804494857788086,0.7304363250732422,0.022954948246479034
3999,5,3999,spatial_specificity,17.8885440826416,0.747549831867218,0.020595397800207138
3999,5,3999,spatial_specificity,18.0,0.7964352369308472,0.020204776898026466
3999,5,3999,spatial_specificity,18.027755737304688,0.7644369006156921,0.020097460597753525
3999,5,3999,spatial_specificity,18.11077117919922,0.7903841733932495,0.019760318100452423
3999,5,3999,spatial_specificity,18.248287200927734,0.7845476865768433,0.019918477162718773
3999,5,3999,spatial_specificity,18.357559204101562,0.7411304712295532,0.020836949348449707
3999,5,3999,spatial_specificity,18.384777069091797,0.7455978393554688,0.021397052332758904
3999,5,3999,spatial_specificity,18.439088821411133,0.7528561949729919,0.021282067522406578
3999,5,3999,spatial_specificity,18.601076126098633,0.7307752370834351,0.022445494309067726
3999,5,3999,spatial_specificity,18.681541442871094,0.7703059911727905,0.020283957943320274
3999,5,3999,spatial_specificity,18.788293838500977,0.7481854557991028,0.020716214552521706
3999,5,3999,spatial_specificity,18.867961883544922,0.7358101606369019,0.021477825939655304
3999,5,3999,spatial_specificity,18.973665237426758,0.7627070546150208,0.020752212032675743
3999,5,3999,spatial_specificity,19.0,0.7946658134460449,0.021104035899043083
3999,5,3999,spatial_specificity,19.02629852294922,0.7930314540863037,0.021159233525395393
3999,5,3999,spatial_specificity,19.10497283935547,0.7579926252365112,0.021064667031168938
3999,5,3999,spatial_specificity,19.209373474121094,0.7280989289283752,0.022954430431127548
3999,5,3999,spatial_specificity,19.235383987426758,0.7630647420883179,0.020360860973596573
3999,5,3999,spatial_specificity,19.313207626342773,0.7553884387016296,0.021265586838126183
3999,5,3999,spatial_specificity,19.416488647460938,0.7546539902687073,0.021017614752054214
3999,5,3999,spatial_specificity,19.646883010864258,0.7698012590408325,0.0210568867623806
3999,5,3999,spatial_specificity,19.697715759277344,0.7488422393798828,0.021276740357279778
3999,5,3999,spatial_specificity,19.72308349609375,0.7370880842208862,0.02116372436285019
3999,5,3999,spatial_specificity,19.79899024963379,0.7258710265159607,0.023109758272767067
3999,5,3999,spatial_specificity,19.84943389892578,0.7268747687339783,0.022803325206041336
3999,5,3999,spatial_specificity,19.92485809326172,0.762628972530365,0.021328305825591087
3999,5,3999,spatial_specificity,20.0,0.7513529062271118,0.021185124292969704
3999,5,3999,spatial_specificity,20.02498435974121,0.7919811010360718,0.021874791011214256
3999,5,3999,spatial_specificity,20.099750518798828,0.7882148027420044,0.021534385159611702
3999,5,3999,spatial_specificity,20.124610900878906,0.7430543303489685,0.021222274750471115
3999,5,3999,spatial_specificity,20.2237491607666,0.7828614115715027,0.02147848531603813
3999,5,3999,spatial_specificity,20.248456954956055,0.7447137236595154,0.021276280283927917
3999,5,3999,spatial_specificity,20.39607810974121,0.7765386700630188,0.02155584841966629
3999,5,3999,spatial_specificity,20.51828384399414,0.7269094586372375,0.022631241008639336
3999,5,3999,spatial_specificity,20.59126091003418,0.7385426759719849,0.021314525976777077
3999,5,3999,spatial_specificity,20.615528106689453,0.7493873238563538,0.021120546385645866
3999,5,3999,spatial_specificity,20.808650970458984,0.7316601276397705,0.021706076338887215
3999,5,3999,spatial_specificity,20.880613327026367,0.7627915740013123,0.021604416891932487
3999,5,3999,spatial_specificity,21.0,0.7936910390853882,0.022801481187343597
3999,5,3999,spatial_specificity,21.02379608154297,0.7686055898666382,0.021165568381547928
3999,5,3999,spatial_specificity,21.095022201538086,0.7624708414077759,0.020728308707475662
3999,5,3999,spatial_specificity,21.189619064331055,0.756579577922821,0.02132008783519268
3999,5,3999,spatial_specificity,21.21320343017578,0.7652101516723633,0.020839622244238853
3999,5,3999,spatial_specificity,21.260292053222656,0.7289264798164368,0.02205548621714115
3999,5,3999,spatial_specificity,21.3775577545166,0.7772027850151062,0.021616822108626366
3999,5,3999,spatial_specificity,21.40093421936035,0.7309964299201965,0.021714676171541214
3999,5,3999,spatial_specificity,21.470911026000977,0.7401376366615295,0.021452076733112335
3999,5,3999,spatial_specificity,21.540658950805664,0.7509933710098267,0.020949065685272217
3999,5,3999,spatial_specificity,21.587032318115234,0.7707206010818481,0.02141376957297325
3999,5,3999,spatial_specificity,21.63330841064453,0.733974039554596,0.021554170176386833
3999,5,3999,spatial_specificity,21.840330123901367,0.7646898031234741,0.021239284425973892
3999,5,3999,spatial_specificity,21.931711196899414,0.7383858561515808,0.021255889907479286
3999,5,3999,spatial_specificity,21.954498291015625,0.737879753112793,0.0212545283138752
3999,5,3999,spatial_specificity,22.0,0.7961617112159729,0.022099366411566734
3999,5,3999,spatial_specificity,22.022714614868164,0.7634507417678833,0.02025919035077095
3999,5,3999,spatial_specificity,22.090721130371094,0.7909947633743286,0.021476849913597107
3999,5,3999,spatial_specificity,22.135944366455078,0.7592332363128662,0.02089211530983448
3999,5,3999,spatial_specificity,22.203603744506836,0.7602999210357666,0.02036377415060997
3999,5,3999,spatial_specificity,22.360679626464844,0.7622146606445312,0.02086913213133812
3999,5,3999,spatial_specificity,22.472204208374023,0.7460628151893616,0.02124088816344738
3999,5,3999,spatial_specificity,22.56102752685547,0.7753313779830933,0.02107706293463707
3999,5,3999,spatial_specificity,22.627416610717773,0.7334414124488831,0.022824538871645927
3999,5,3999,spatial_specificity,22.671567916870117,0.7340807914733887,0.02267829142510891
3999,5,3999,spatial_specificity,22.803508758544922,0.7528988718986511,0.021259553730487823
3999,5,3999,spatial_specificity,22.825424194335938,0.7425510287284851,0.02230997383594513
3999,5,3999,spatial_specificity,22.847320556640625,0.751336932182312,0.022158218547701836
3999,5,3999,spatial_specificity,23.0,0.8018606901168823,0.023921296000480652
3999,5,3999,spatial_specificity,23.021728515625,0.7698773741722107,0.02122664637863636
3999,5,3999,spatial_specificity,23.086793899536133,0.7814745903015137,0.022388894110918045
3999,5,3999,spatial_specificity,23.194828033447266,0.7935864329338074,0.023610558360815048
3999,5,3999,spatial_specificity,23.25940704345703,0.7499186992645264,0.02405879832804203
3999,5,3999,spatial_specificity,23.323808670043945,0.7434497475624084,0.02420658804476261
3999,5,3999,spatial_specificity,23.345233917236328,0.7638744115829468,0.022454552352428436
3999,5,3999,spatial_specificity,23.409400939941406,0.761642336845398,0.024954525753855705
3999,5,3999,spatial_specificity,23.430747985839844,0.740264892578125,0.024841826409101486
3999,5,3999,spatial_specificity,23.53720474243164,0.7836288213729858,0.025542715564370155
3999,5,3999,spatial_specificity,23.600847244262695,0.7426499128341675,0.025636667385697365
3999,5,3999,spatial_specificity,23.706539154052734,0.7500933408737183,0.02706209197640419
3999,5,3999,spatial_specificity,23.769729614257812,0.7691121697425842,0.02743637003004551
3999,5,3999,spatial_specificity,23.853721618652344,0.7465270757675171,0.027336908504366875
3999,5,3999,spatial_specificity,24.0,0.8118444681167603,0.030858825892210007
3999,5,3999,spatial_specificity,24.020824432373047,0.8104268312454224,0.030685072764754295
3999,5,3999,spatial_specificity,24.0416316986084,0.7653205990791321,0.02820727787911892
3999,5,3999,spatial_specificity,24.083189010620117,0.7775613069534302,0.02647452801465988
3999,5,3999,spatial_specificity,24.166091918945312,0.7589738368988037,0.03128565102815628
3999,5,3999,spatial_specificity,24.1867733001709,0.7779837846755981,0.028734222054481506
3999,5,3999,spatial_specificity,24.207435607910156,0.7497795820236206,0.030001705512404442
3999,5,3999,spatial_specificity,24.3310489654541,0.7989643216133118,0.03122038021683693
3999,5,3999,spatial_specificity,24.351591110229492,0.7714782953262329,0.03251558542251587
3999,5,3999,spatial_specificity,24.413110733032227,0.7525272965431213,0.03177651762962341
3999,5,3999,spatial_specificity,24.515300750732422,0.7938791513442993,0.03242940455675125
3999,5,3999,spatial_specificity,24.59674835205078,0.7605001926422119,0.03503958135843277
3999,5,3999,spatial_specificity,24.698179244995117,0.7636730670928955,0.034853074699640274
3999,5,3999,spatial_specificity,24.73863410949707,0.7889825105667114,0.03352592512965202
3999,5,3999,spatial_specificity,24.75883674621582,0.7587608098983765,0.034803565591573715
3999,5,3999,spatial_specificity,24.83948516845703,0.7598595023155212,0.03571147844195366
3999,5,3999,spatial_specificity,25.0,0.7830119132995605,0.03354362025856972
3999,5,3999,spatial_specificity,25.01999282836914,0.8213807940483093,0.03394978120923042
3999,5,3999,spatial_specificity,25.05992889404297,0.7639741897583008,0.03805505111813545
3999,5,3999,spatial_specificity,25.079872131347656,0.7942882776260376,0.033401262015104294
3999,5,3999,spatial_specificity,25.179357528686523,0.815137505531311,0.03389083966612816
3999,5,3999,spatial_specificity,25.238859176635742,0.7657999992370605,0.039615511894226074
3999,5,3999,spatial_specificity,25.298221588134766,0.7829005718231201,0.03627961501479149
3999,5,3999,spatial_specificity,25.317977905273438,0.8105036616325378,0.034779418259859085
3999,5,3999,spatial_specificity,25.455842971801758,0.7710686922073364,0.04251635819673538
3999,5,3999,spatial_specificity,25.495098114013672,0.782629132270813,0.036784980446100235
3999,5,3999,spatial_specificity,25.553865432739258,0.770761251449585,0.04108457639813423
3999,5,3999,spatial_specificity,25.612497329711914,0.7729578018188477,0.04312450438737869
3999,5,3999,spatial_specificity,25.63201141357422,0.7821843028068542,0.03725568950176239
3999,5,3999,spatial_specificity,25.709918975830078,0.8018990755081177,0.035002969205379486
3999,5,3999,spatial_specificity,25.806976318359375,0.7760993242263794,0.0439995676279068
3999,5,3999,spatial_specificity,25.942243576049805,0.7780678272247314,0.041581787168979645
3999,5,3999,spatial_specificity,25.961509704589844,0.7995243072509766,0.03528865426778793
3999,5,3999,spatial_specificity,26.0,0.8009543418884277,0.034339789301157
3999,5,3999,spatial_specificity,26.019224166870117,0.8341312408447266,0.03265669569373131
3999,5,3999,spatial_specificity,26.076810836791992,0.8054291605949402,0.035622622817754745
3999,5,3999,spatial_specificity,26.172504425048828,0.8056489825248718,0.038298893719911575
3999,5,3999,spatial_specificity,26.248809814453125,0.7914310693740845,0.041147757321596146
3999,5,3999,spatial_specificity,26.305892944335938,0.825799822807312,0.03350169211626053
3999,5,3999,spatial_specificity,26.400758743286133,0.7874720692634583,0.04385138675570488
3999,5,3999,spatial_specificity,26.419689178466797,0.7868175506591797,0.04437166824936867
3999,5,3999,spatial_specificity,26.476404190063477,0.8218873143196106,0.03374533727765083
3999,5,3999,spatial_specificity,26.570661544799805,0.7997474074363708,0.03818342462182045
3999,5,3999,spatial_specificity,26.62705421447754,0.7904887795448303,0.046593982726335526
3999,5,3999,spatial_specificity,26.68332862854004,0.8193485140800476,0.034213077276945114
3999,5,3999,spatial_specificity,26.832815170288086,0.795556902885437,0.04370751976966858
3999,5,3999,spatial_specificity,26.870058059692383,0.8001963496208191,0.053453732281923294
3999,5,3999,spatial_specificity,26.90724754333496,0.7996618151664734,0.05213119089603424
3999,5,3999,spatial_specificity,26.925825119018555,0.8051691055297852,0.03920969367027283
3999,5,3999,spatial_specificity,27.0,0.8502382040023804,0.03329726681113243
3999,5,3999,spatial_specificity,27.018512725830078,0.8229976892471313,0.03539426997303963
3999,5,3999,spatial_specificity,27.073972702026367,0.8479379415512085,0.033510345965623856
3999,5,3999,spatial_specificity,27.166154861450195,0.8451951742172241,0.033264387398958206
3999,5,3999,spatial_specificity,27.202939987182617,0.8085936307907104,0.039086777716875076
3999,5,3999,spatial_specificity,27.294689178466797,0.8234106302261353,0.037315670400857925
3999,5,3999,spatial_specificity,27.312999725341797,0.8070937395095825,0.04200701415538788
3999,5,3999,spatial_specificity,27.459060668945312,0.8201317191123962,0.036057986319065094
3999,5,3999,spatial_specificity,27.51363182067871,0.8145344853401184,0.03318912163376808
3999,5,3999,spatial_specificity,27.58622932434082,0.8061115741729736,0.04727483168244362
3999,5,3999,spatial_specificity,27.658634185791016,0.8223811984062195,0.03861618414521217
3999,5,3999,spatial_specificity,27.730850219726562,0.8086810111999512,0.040510814636945724
3999,5,3999,spatial_specificity,27.784889221191406,0.8105563521385193,0.04390644282102585
3999,5,3999,spatial_specificity,27.80287742614746,0.8134856224060059,0.04721973463892937
3999,5,3999,spatial_specificity,27.856775283813477,0.8181353807449341,0.036851637065410614
3999,5,3999,spatial_specificity,27.89265251159668,0.8357351422309875,0.03579732030630112
3999,5,3999,spatial_specificity,28.0,0.8760827779769897,0.03160242736339569
3999,5,3999,spatial_specificity,28.017852783203125,0.843980073928833,0.03453901410102844
3999,5,3999,spatial_specificity,28.07133674621582,0.8718898892402649,0.03288975730538368
3999,5,3999,spatial_specificity,28.160255432128906,0.852280855178833,0.03402978554368019
3999,5,3999,spatial_specificity,28.17800521850586,0.818098783493042,0.04415712505578995
3999,5,3999,spatial_specificity,28.231189727783203,0.8237373232841492,0.0404263511300087
3999,5,3999,spatial_specificity,28.284271240234375,0.8482018709182739,0.033075302839279175
3999,5,3999,spatial_specificity,28.301944732666016,0.8209699988365173,0.045849431306123734
3999,5,3999,spatial_specificity,28.319604873657227,0.8199750185012817,0.04780542850494385
3999,5,3999,spatial_specificity,28.42534065246582,0.8220152854919434,0.047735460102558136
3999,5,3999,spatial_specificity,28.44292640686035,0.8617377281188965,0.03419703617691994
3999,5,3999,spatial_specificity,28.460498809814453,0.8372353315353394,0.03860076144337654
3999,5,3999,spatial_specificity,28.60070037841797,0.8260276317596436,0.04715688154101372
3999,5,3999,spatial_specificity,28.635643005371094,0.8430780172348022,0.03601577505469322
3999,5,3999,spatial_specificity,28.65309715270996,0.8235265016555786,0.045193906873464584
3999,5,3999,spatial_specificity,28.792360305786133,0.8413720726966858,0.03807295113801956
3999,5,3999,spatial_specificity,28.844409942626953,0.8309134840965271,0.04745291545987129
3999,5,3999,spatial_specificity,28.861740112304688,0.8609578013420105,0.03452768921852112
3999,5,3999,spatial_specificity,29.0,0.8546965718269348,0.041299205273389816
3999,5,3999,spatial_specificity,29.017236709594727,0.8987737894058228,0.028277624398469925
3999,5,3999,spatial_specificity,29.068883895874023,0.8533243536949158,0.038858864456415176
3999,5,3999,spatial_specificity,29.120439529418945,0.859541654586792,0.03489401564002037
3999,5,3999,spatial_specificity,29.15475845336914,0.8564307689666748,0.03682524338364601
3999,5,3999,spatial_specificity,29.20616340637207,0.8392326831817627,0.04819342866539955
3999,5,3999,spatial_specificity,29.27456283569336,0.8885400295257568,0.027403362095355988
3999,5,3999,spatial_specificity,29.4108829498291,0.8506519794464111,0.03958388417959213
3999,5,3999,spatial_specificity,29.42787742614746,0.8836941719055176,0.027656128630042076
3999,5,3999,spatial_specificity,29.529645919799805,0.8465131521224976,0.043876856565475464
3999,5,3999,spatial_specificity,29.546573638916016,0.8491618633270264,0.04016038775444031
3999,5,3999,spatial_specificity,29.614185333251953,0.8790121674537659,0.02824849635362625
3999,5,3999,spatial_specificity,29.681644439697266,0.8446779251098633,0.04372259974479675
3999,5,3999,spatial_specificity,29.698484420776367,0.8504204154014587,0.050773706287145615
3999,5,3999,spatial_specificity,29.73213768005371,0.8524356484413147,0.04035300761461258
3999,5,3999,spatial_specificity,29.832868576049805,0.861050009727478,0.036512184888124466
3999,5,3999,spatial_specificity,29.96664810180664,0.8510890603065491,0.039757564663887024
3999,5,3999,spatial_specificity,30.0,0.8666744232177734,0.03959598019719124
3999,5,3999,spatial_specificity,30.01666259765625,0.872496485710144,0.032469529658555984
3999,5,3999,spatial_specificity,30.066593170166016,0.9020724892616272,0.02000526711344719
3999,5,3999,spatial_specificity,30.08321762084961,0.862610936164856,0.03190825134515762
3999,5,3999,spatial_specificity,30.149627685546875,0.8974542617797852,0.021140076220035553
3999,5,3999,spatial_specificity,30.232433319091797,0.8547806143760681,0.04469330236315727
3999,5,3999,spatial_specificity,30.265491485595703,0.8941029906272888,0.022862065583467484
3999,5,3999,spatial_specificity,30.36445426940918,0.8636533617973328,0.03171354904770851
3999,5,3999,spatial_specificity,30.4138126373291,0.8645102381706238,0.03859005495905876
3999,5,3999,spatial_specificity,30.463092803955078,0.8594502210617065,0.03646952658891678
3999,5,3999,spatial_specificity,30.479501724243164,0.8619077205657959,0.04693493992090225
3999,5,3999,spatial_specificity,30.528675079345703,0.8565821051597595,0.042148690670728683
3999,5,3999,spatial_specificity,30.594118118286133,0.8842501640319824,0.0282492246478796
3999,5,3999,spatial_specificity,30.610454559326172,0.8619134426116943,0.04434250295162201
3999,5,3999,spatial_specificity,30.675724029541016,0.8626956939697266,0.03561711683869362
3999,5,3999,spatial_specificity,30.805843353271484,0.8672709465026855,0.03623572736978531
3999,5,3999,spatial_specificity,30.870698928833008,0.8590213656425476,0.04050055518746376
3999,5,3999,spatial_specificity,30.886890411376953,0.8613680005073547,0.03873278945684433
3999,5,3999,spatial_specificity,31.0,0.9103196263313293,0.019753504544496536
3999,5,3999,spatial_specificity,31.016124725341797,0.8822517395019531,0.023963769897818565
3999,5,3999,spatial_specificity,31.048349380493164,0.8763673305511475,0.035375818610191345
3999,5,3999,spatial_specificity,31.064449310302734,0.8774120211601257,0.036087166517972946
3999,5,3999,spatial_specificity,31.11269760131836,0.8662546277046204,0.04756990075111389
3999,5,3999,spatial_specificity,31.14482307434082,0.8738699555397034,0.03956910967826843
3999,5,3999,spatial_specificity,31.240999221801758,0.8701721429824829,0.04600090533494949
3999,5,3999,spatial_specificity,31.256999969482422,0.894206166267395,0.030679529532790184
3999,5,3999,spatial_specificity,31.30495262145996,0.8683434724807739,0.03778478875756264
3999,5,3999,spatial_specificity,31.320920944213867,0.8740680813789368,0.035646867007017136
3999,5,3999,spatial_specificity,31.384708404541016,0.8633595108985901,0.040418073534965515
3999,5,3999,spatial_specificity,31.400636672973633,0.8689408898353577,0.044274311512708664
3999,5,3999,spatial_specificity,31.575305938720703,0.8910832405090332,0.028359290212392807
3999,5,3999,spatial_specificity,31.62277603149414,0.8726100921630859,0.03776419162750244
3999,5,3999,spatial_specificity,31.764760971069336,0.869107723236084,0.03789490461349487
3999,5,3999,spatial_specificity,31.780498504638672,0.8747254610061646,0.032969556748867035
3999,5,3999,spatial_specificity,31.827659606933594,0.8648468255996704,0.04712197557091713
3999,5,3999,spatial_specificity,31.890438079833984,0.8686635494232178,0.04818819463253021
3999,5,3999,spatial_specificity,31.906112670898438,0.8716235756874084,0.04270537570118904
3999,5,3999,spatial_specificity,31.95309066772461,0.8782218098640442,0.03661205247044563
3999,5,3999,spatial_specificity,32.015621185302734,0.8690727353096008,0.04222485423088074
3999,5,3999,spatial_specificity,32.202484130859375,0.8720357418060303,0.03943781554698944
3999,5,3999,spatial_specificity,32.24903106689453,0.8748242855072021,0.03918850049376488
3999,5,3999,spatial_specificity,32.280025482177734,0.8758686780929565,0.025334810838103294
3999,5,3999,spatial_specificity,32.31098937988281,0.8790580630302429,0.03805427998304367
3999,5,3999,spatial_specificity,32.4499626159668,0.8672084808349609,0.04280123487114906
3999,5,3999,spatial_specificity,32.526912689208984,0.8542590141296387,0.04558239504694939
3999,5,3999,spatial_specificity,32.557640075683594,0.8540599942207336,0.04497701674699783
3999,5,3999,spatial_specificity,32.572994232177734,0.8770805597305298,0.02528149075806141
3999,5,3999,spatial_specificity,32.649654388427734,0.8624181151390076,0.03919004648923874
3999,5,3999,spatial_specificity,32.69556427001953,0.8571039438247681,0.03248896449804306
3999,5,3999,spatial_specificity,32.75667953491211,0.8604801893234253,0.04191376268863678
3999,5,3999,spatial_specificity,32.80244064331055,0.8608857989311218,0.03936755657196045
3999,5,3999,spatial_specificity,32.893768310546875,0.8673838376998901,0.018885644152760506
3999,5,3999,spatial_specificity,33.0151481628418,0.8642014265060425,0.04036743938922882
3999,5,3999,spatial_specificity,33.105892181396484,0.8461412191390991,0.03167762607336044
3999,5,3999,spatial_specificity,33.12099075317383,0.8469594717025757,0.033793915063142776
3999,5,3999,spatial_specificity,33.241539001464844,0.8641992807388306,0.04217115417122841
3999,5,3999,spatial_specificity,33.2866325378418,0.8505180478096008,0.036998849362134933
3999,5,3999,spatial_specificity,33.30165100097656,0.8616943359375,0.04431654512882233
3999,5,3999,spatial_specificity,33.42155075073242,0.8638166189193726,0.04327785596251488
3999,5,3999,spatial_specificity,33.541019439697266,0.8531946539878845,0.034706033766269684
3999,5,3999,spatial_specificity,33.60059356689453,0.8520744442939758,0.03597462549805641
3999,5,3999,spatial_specificity,33.615474700927734,0.8568108677864075,0.030762292444705963
3999,5,3999,spatial_specificity,33.83784866333008,0.8551207184791565,0.03224252164363861
3999,5,3999,spatial_specificity,33.941123962402344,0.8661540746688843,0.037822023034095764
3999,5,3999,spatial_specificity,33.97057342529297,0.8669129014015198,0.038452498614788055
3999,5,3999,spatial_specificity,34.0,0.8544427752494812,0.03288525342941284
3999,5,3999,spatial_specificity,34.01470184326172,0.8721668124198914,0.02261812426149845
3999,5,3999,spatial_specificity,34.058773040771484,0.8539286255836487,0.03211100772023201
3999,5,3999,spatial_specificity,34.13209533691406,0.8574108481407166,0.030365070328116417
3999,5,3999,spatial_specificity,34.20526123046875,0.8573360443115234,0.031216027215123177
3999,5,3999,spatial_specificity,34.4093017578125,0.8404563665390015,0.012249141931533813
3999,5,3999,spatial_specificity,34.438350677490234,0.876068651676178,0.024116992950439453
3999,5,3999,spatial_specificity,34.48188018798828,0.8362302780151367,0.010708004236221313
3999,5,3999,spatial_specificity,34.65544891357422,0.8397673964500427,0.011219203472137451
3999,5,3999,spatial_specificity,34.66987228393555,0.8424669504165649,0.010280251502990723
3999,5,3999,spatial_specificity,34.71310806274414,0.8417661190032959,0.010367751121520996
3999,5,3999,spatial_specificity,34.828147888183594,0.8441601991653442,0.009899705648422241
3999,5,3999,spatial_specificity,34.885528564453125,0.864499568939209,0.01876261830329895
3999,5,3999,spatial_specificity,34.98571014404297,0.8386924266815186,0.008158475160598755
3999,5,3999,spatial_specificity,35.0,0.845812201499939,0.00872841477394104
3999,5,3999,spatial_specificity,35.22782897949219,0.8462225198745728,0.006576240062713623
3999,5,3999,spatial_specificity,35.35533905029297,0.8503854870796204,0.00771784782409668
3999,5,3999,spatial_specificity,35.38361358642578,0.8478806018829346,0.005965679883956909
3999,5,3999,spatial_specificity,35.46829605102539,0.8501414656639099,0.006341457366943359
3999,5,3999,spatial_specificity,35.510562896728516,0.8417796492576599,0.004333615303039551
3999,5,3999,spatial_specificity,35.60898971557617,0.8501745462417603,0.005897611379623413
3999,5,3999,spatial_specificity,35.80502700805664,0.8489327430725098,0.0040080249309539795
3999,5,3999,spatial_specificity,35.84689712524414,0.8701962232589722,0.013454943895339966
3999,5,3999,spatial_specificity,36.055511474609375,0.8440012335777283,0.0022896528244018555
3999,5,3999,spatial_specificity,36.06937789916992,0.8517752885818481,0.0025500357151031494
3999,5,3999,spatial_specificity,36.12478256225586,0.8536372184753418,0.0029356181621551514
3999,5,3999,spatial_specificity,36.2353401184082,0.8541315793991089,0.0031168758869171143
3999,5,3999,spatial_specificity,36.359317779541016,0.8743550777435303,0.010877877473831177
3999,5,3999,spatial_specificity,36.400550842285156,0.850771963596344,0.002194225788116455
3999,5,3999,spatial_specificity,36.619667053222656,0.8456632494926453,0.0014121532440185547
3999,5,3999,spatial_specificity,36.769554138183594,0.8560600876808167,0.0008859634399414062
3999,5,3999,spatial_specificity,36.79673767089844,0.8561111688613892,0.0012529194355010986
3999,5,3999,spatial_specificity,36.878177642822266,0.8555306196212769,0.0014444589614868164
3999,5,3999,spatial_specificity,36.8917350769043,0.8752850294113159,0.010843425989151001
3999,5,3999,spatial_specificity,37.013511657714844,0.8531914949417114,0.0011743605136871338
3999,5,3999,spatial_specificity,37.202152252197266,0.8472773432731628,0.0011897087097167969
3999,5,3999,spatial_specificity,37.44329071044922,0.875737190246582,0.013620346784591675
3999,5,3999,spatial_specificity,37.48332977294922,0.8577079772949219,0.0021294057369232178
3999,5,3999,spatial_specificity,37.53664779663086,0.8559128046035767,0.001752227544784546
3999,5,3999,spatial_specificity,37.643062591552734,0.8525980710983276,0.0007046759128570557
3999,5,3999,spatial_specificity,37.80211639404297,0.848505973815918,0.0020796358585357666
3999,5,3999,spatial_specificity,38.01315689086914,0.8754569292068481,0.013520270586013794
3999,5,3999,spatial_specificity,38.18376541137695,0.8575565814971924,0.005059272050857544
3999,5,3999,spatial_specificity,38.20994567871094,0.8558496236801147,0.004794806241989136
3999,5,3999,spatial_specificity,38.28837966918945,0.8512834310531616,0.002029329538345337
3999,5,3999,spatial_specificity,38.41874694824219,0.8486373424530029,0.00247800350189209
3999,5,3999,spatial_specificity,38.60051727294922,0.8810594081878662,0.018001407384872437
3999,5,3999,spatial_specificity,38.897300720214844,0.8553093671798706,0.008728653192520142
3999,5,3999,spatial_specificity,38.94868469238281,0.8504269123077393,0.006264746189117432
3999,5,3999,spatial_specificity,39.051246643066406,0.8479195833206177,0.0060648322105407715
3999,5,3999,spatial_specificity,39.20458984375,0.8824523687362671,0.016059309244155884
3999,5,3999,spatial_specificity,39.59798049926758,0.8527860641479492,0.012348204851150513
3999,5,3999,spatial_specificity,39.623226165771484,0.8498222827911377,0.011091381311416626
3999,5,3999,spatial_specificity,39.69886779785156,0.8474568128585815,0.01062723994255066
3999,5,3999,spatial_specificity,39.824615478515625,0.8816519975662231,0.01280677318572998
3999,5,3999,spatial_specificity,40.31128692626953,0.8493417501449585,0.014985114336013794
3999,5,3999,spatial_specificity,40.360870361328125,0.8475936651229858,0.017855435609817505
3999,5,3999,spatial_specificity,40.45985794067383,0.8540357947349548,0.0
3999,5,3999,spatial_specificity,41.01219177246094,0.8498873710632324,0.020370006561279297
3999,5,3999,spatial_specificity,41.03656768798828,0.8486579060554504,0.0212441086769104
3999,5,3999,spatial_specificity,41.1096076965332,0.8453426361083984,0.0
3999,5,3999,spatial_specificity,41.72529220581055,0.852777898311615,0.025658607482910156
3999,5,3999,spatial_specificity,41.773197174072266,0.8423786163330078,0.0
3999,5,3999,spatial_specificity,42.42640686035156,0.8639199733734131,0.03330183029174805
3999,5,3999,spatial_specificity,42.44997024536133,0.8412798047065735,0.0
3999,5,3999,spatial_specificity,43.13930892944336,0.8664324283599854,0.0
4499,6,4499,cls_effective_rank,,13.81843090057373,0.9316596984863281
4499,6,4499,patch_effective_rank,,67.28831481933594,6.700437068939209
4499,6,4499,mean_off_diagonal_similarity,,0.8453091382980347,0.009157909080386162
4499,6,4499,spatial_specificity_correlation,,-0.37124642729759216,0.0534067377448082
4499,6,4499,spatial_specificity,1.0,0.9751453399658203,0.0030181664042174816
4499,6,4499,spatial_specificity,1.4142135381698608,0.9639406204223633,0.0041739982552826405
4499,6,4499,spatial_specificity,2.0,0.9518772959709167,0.00543547235429287
4499,6,4499,spatial_specificity,2.2360680103302,0.946147084236145,0.005666748154908419
4499,6,4499,spatial_specificity,2.8284270763397217,0.9344064593315125,0.006513321306556463
4499,6,4499,spatial_specificity,3.0,0.9338952898979187,0.006112749222666025
4499,6,4499,spatial_specificity,3.1622776985168457,0.9302486181259155,0.0060132634826004505
4499,6,4499,spatial_specificity,3.605551242828369,0.9220291376113892,0.006623337510973215
4499,6,4499,spatial_specificity,4.0,0.9184849858283997,0.0063994647935032845
4499,6,4499,spatial_specificity,4.123105525970459,0.9156999588012695,0.006222282536327839
4499,6,4499,spatial_specificity,4.242640495300293,0.9115142822265625,0.007151744794100523
4499,6,4499,spatial_specificity,4.4721360206604,0.909105122089386,0.006817372050136328
4499,6,4499,spatial_specificity,5.0,0.9013426899909973,0.007204059511423111
4499,6,4499,spatial_specificity,5.099019527435303,0.9018265604972839,0.00662089791148901
4499,6,4499,spatial_specificity,5.385164737701416,0.8961929082870483,0.00698210159316659
4499,6,4499,spatial_specificity,5.656854152679443,0.8895654678344727,0.00815665815025568
4499,6,4499,spatial_specificity,5.830952167510986,0.8881149291992188,0.007883425801992416
4499,6,4499,spatial_specificity,6.0,0.8914390802383423,0.007228743750602007
4499,6,4499,spatial_specificity,6.082762241363525,0.889323890209198,0.0070880199782550335
4499,6,4499,spatial_specificity,6.324555397033691,0.8843633532524109,0.007278434466570616
4499,6,4499,spatial_specificity,6.4031243324279785,0.8788326978683472,0.00852881744503975
4499,6,4499,spatial_specificity,6.7082037925720215,0.8771427869796753,0.008081126026809216
4499,6,4499,spatial_specificity,7.0,0.8801780939102173,0.007701777387410402
4499,6,4499,spatial_specificity,7.071067810058594,0.8753675222396851,0.007929027080535889
4499,6,4499,spatial_specificity,7.211102485656738,0.8687188029289246,0.008835438638925552
4499,6,4499,spatial_specificity,7.280109882354736,0.8740040063858032,0.007792114280164242
4499,6,4499,spatial_specificity,7.6157732009887695,0.8674945831298828,0.008399341255426407
4499,6,4499,spatial_specificity,7.8102498054504395,0.8598816990852356,0.009207050316035748
4499,6,4499,spatial_specificity,8.0,0.870390772819519,0.008137719705700874
4499,6,4499,spatial_specificity,8.062257766723633,0.8642036318778992,0.008580771274864674
4499,6,4499,spatial_specificity,8.246211051940918,0.86468106508255,0.00829540379345417
4499,6,4499,spatial_specificity,8.485280990600586,0.8512840270996094,0.009500348940491676
4499,6,4499,spatial_specificity,8.5440034866333,0.858712375164032,0.008727428503334522
4499,6,4499,spatial_specificity,8.602325439453125,0.8514734506607056,0.009557073935866356
4499,6,4499,spatial_specificity,8.9442720413208,0.8515198826789856,0.009318829514086246
4499,6,4499,spatial_specificity,9.0,0.8620359301567078,0.008528715930879116
4499,6,4499,spatial_specificity,9.05538558959961,0.8603428602218628,0.008566908538341522
4499,6,4499,spatial_specificity,9.219544410705566,0.849997878074646,0.00931694358587265
4499,6,4499,spatial_specificity,9.433980941772461,0.8438724279403687,0.009867305867373943
4499,6,4499,spatial_specificity,9.486832618713379,0.8511114120483398,0.009004009887576103
4499,6,4499,spatial_specificity,9.848857879638672,0.8445140719413757,0.009416736662387848
4499,6,4499,spatial_specificity,9.899495124816895,0.8358904123306274,0.01046496070921421
4499,6,4499,spatial_specificity,10.0,0.8427568674087524,0.009699037298560143
4499,6,4499,spatial_specificity,10.049875259399414,0.8534968495368958,0.008865849114954472
4499,6,4499,spatial_specificity,10.198039054870605,0.8498543500900269,0.00914175808429718
4499,6,4499,spatial_specificity,10.29563045501709,0.8374584317207336,0.009919416159391403
4499,6,4499,spatial_specificity,10.440306663513184,0.8448492884635925,0.009414504282176495
4499,6,4499,spatial_specificity,10.630146026611328,0.8294102549552917,0.010861153714358807
4499,6,4499,spatial_specificity,10.770329475402832,0.8387578129768372,0.009821946732699871
4499,6,4499,spatial_specificity,10.816654205322266,0.8305195569992065,0.010537941008806229
4499,6,4499,spatial_specificity,11.0,0.8500167727470398,0.00907464325428009
4499,6,4499,spatial_specificity,11.045360565185547,0.8483999371528625,0.009108239784836769
4499,6,4499,spatial_specificity,11.180339813232422,0.8385881185531616,0.009928724728524685
4499,6,4499,spatial_specificity,11.313708305358887,0.8231890797615051,0.011356309056282043
4499,6,4499,spatial_specificity,11.401754379272461,0.8321447372436523,0.010474931448698044
4499,6,4499,spatial_specificity,11.661904335021973,0.8255540728569031,0.011056116782128811
4499,6,4499,spatial_specificity,11.704700469970703,0.834281325340271,0.010320772416889668
4499,6,4499,spatial_specificity,12.0,0.8464924693107605,0.009172585792839527
4499,6,4499,spatial_specificity,12.041594505310059,0.8316551446914673,0.01035735011100769
4499,6,4499,spatial_specificity,12.083045959472656,0.8278395533561707,0.01087135635316372
4499,6,4499,spatial_specificity,12.16552448272705,0.8413553237915039,0.00959778856486082
4499,6,4499,spatial_specificity,12.206555366516113,0.8194147348403931,0.01175852119922638
4499,6,4499,spatial_specificity,12.369317054748535,0.8366603851318359,0.009915554895997047
4499,6,4499,spatial_specificity,12.529964447021484,0.8214583396911621,0.01155465841293335
4499,6,4499,spatial_specificity,12.649110794067383,0.8309520483016968,0.010287608951330185
4499,6,4499,spatial_specificity,12.727921485900879,0.8131049275398254,0.012453367002308369
4499,6,4499,spatial_specificity,12.806248664855957,0.8138293027877808,0.01233694702386856
4499,6,4499,spatial_specificity,13.0,0.8314210772514343,0.010117987170815468
4499,6,4499,spatial_specificity,13.038405418395996,0.8295113444328308,0.01045821700245142
4499,6,4499,spatial_specificity,13.152946472167969,0.8394405245780945,0.009386886842548847
4499,6,4499,spatial_specificity,13.34166431427002,0.834630012512207,0.009863493032753468
4499,6,4499,spatial_specificity,13.416407585144043,0.8185270428657532,0.011556562967598438
4499,6,4499,spatial_specificity,13.45362377166748,0.809024453163147,0.012743914499878883
4499,6,4499,spatial_specificity,13.601469993591309,0.8197450637817383,0.011404670774936676
4499,6,4499,spatial_specificity,13.892444610595703,0.8129280805587769,0.012146172113716602
4499,6,4499,spatial_specificity,13.928387641906738,0.8229081034660339,0.01093398779630661
4499,6,4499,spatial_specificity,14.0,0.8439319729804993,0.009497006423771381
4499,6,4499,spatial_specificity,14.03566837310791,0.8424193263053894,0.009552568197250366
4499,6,4499,spatial_specificity,14.142135620117188,0.8277961611747742,0.010580693371593952
4499,6,4499,spatial_specificity,14.21267032623291,0.8057882189750671,0.012895084917545319
4499,6,4499,spatial_specificity,14.317821502685547,0.8255573511123657,0.010776068083941936
4499,6,4499,spatial_specificity,14.422204971313477,0.8078605532646179,0.012690234929323196
4499,6,4499,spatial_specificity,14.560219764709473,0.8284605145454407,0.01067102886736393
4499,6,4499,spatial_specificity,14.764822959899902,0.8115094304084778,0.012165705673396587
4499,6,4499,spatial_specificity,14.866068840026855,0.8124348521232605,0.012149940244853497
4499,6,4499,spatial_specificity,15.0,0.8173076510429382,0.011523311957716942
4499,6,4499,spatial_specificity,15.033296585083008,0.8424887657165527,0.010148239322006702
4499,6,4499,spatial_specificity,15.132745742797852,0.8390728235244751,0.010329647921025753
4499,6,4499,spatial_specificity,15.231546401977539,0.8168462514877319,0.011744404211640358
4499,6,4499,spatial_specificity,15.264337539672852,0.8065632581710815,0.012734346091747284
4499,6,4499,spatial_specificity,15.297059059143066,0.8344103097915649,0.010567968711256981
4499,6,4499,spatial_specificity,15.524174690246582,0.8290354609489441,0.01092999055981636
4499,6,4499,spatial_specificity,15.55634880065918,0.7991744875907898,0.013504915870726109
4499,6,4499,spatial_specificity,15.620499610900879,0.7999385595321655,0.013223711401224136
4499,6,4499,spatial_specificity,15.65247631072998,0.8114675283432007,0.012336913496255875
4499,6,4499,spatial_specificity,15.81138801574707,0.8128793835639954,0.012201792560517788
4499,6,4499,spatial_specificity,16.0,0.8443155288696289,0.010701303370296955
4499,6,4499,spatial_specificity,16.031219482421875,0.8428876996040344,0.010706589557230473
4499,6,4499,spatial_specificity,16.124515533447266,0.8233264684677124,0.01145684253424406
4499,6,4499,spatial_specificity,16.155494689941406,0.8176136016845703,0.012061952613294125
4499,6,4499,spatial_specificity,16.278820037841797,0.8165183067321777,0.012004797346889973
4499,6,4499,spatial_specificity,16.401220321655273,0.798996090888977,0.013429469428956509
4499,6,4499,spatial_specificity,16.492422103881836,0.8298375010490417,0.011238381266593933
4499,6,4499,spatial_specificity,16.552946090698242,0.8123875856399536,0.012479780241847038
4499,6,4499,spatial_specificity,16.6433162689209,0.802481472492218,0.013325304724276066
4499,6,4499,spatial_specificity,16.76305389404297,0.824292004108429,0.011607500724494457
4499,6,4499,spatial_specificity,16.970561981201172,0.7957587838172913,0.01420280896127224
4499,6,4499,spatial_specificity,17.0,0.8203375935554504,0.011587160639464855
4499,6,4499,spatial_specificity,17.029386520385742,0.8204511404037476,0.01164302323013544
4499,6,4499,spatial_specificity,17.0880069732666,0.8188143968582153,0.012014300562441349
4499,6,4499,spatial_specificity,17.11724281311035,0.8403905630111694,0.010743374936282635
4499,6,4499,spatial_specificity,17.20465087890625,0.7992250323295593,0.013818132691085339
4499,6,4499,spatial_specificity,17.262676239013672,0.8361007571220398,0.010968365706503391
4499,6,4499,spatial_specificity,17.464248657226562,0.822412371635437,0.011662223376333714
4499,6,4499,spatial_specificity,17.492855072021484,0.8035820126533508,0.013334407471120358
4499,6,4499,spatial_specificity,17.69180679321289,0.7952243685722351,0.0143888546153903
4499,6,4499,spatial_specificity,17.72004508972168,0.825623631477356,0.011387539096176624
4499,6,4499,spatial_specificity,17.804494857788086,0.7969931960105896,0.014320848509669304
4499,6,4499,spatial_specificity,17.8885440826416,0.8090673685073853,0.01292786281555891
4499,6,4499,spatial_specificity,18.0,0.8453712463378906,0.010725736618041992
4499,6,4499,spatial_specificity,18.027755737304688,0.8219033479690552,0.011365598998963833
4499,6,4499,spatial_specificity,18.11077117919922,0.8410122990608215,0.010606608353555202
4499,6,4499,spatial_specificity,18.248287200927734,0.8368909955024719,0.010709634982049465
4499,6,4499,spatial_specificity,18.357559204101562,0.8052590489387512,0.013284891843795776
4499,6,4499,spatial_specificity,18.384777069091797,0.8087235689163208,0.012798408046364784
4499,6,4499,spatial_specificity,18.439088821411133,0.814322292804718,0.012233279645442963
4499,6,4499,spatial_specificity,18.601076126098633,0.7985142469406128,0.01430435385555029
4499,6,4499,spatial_specificity,18.681541442871094,0.8270906209945679,0.011019223369657993
4499,6,4499,spatial_specificity,18.788293838500977,0.810991108417511,0.012604846619069576
4499,6,4499,spatial_specificity,18.867961883544922,0.802409291267395,0.013701111078262329
4499,6,4499,spatial_specificity,18.973665237426758,0.8219901919364929,0.011354682967066765
4499,6,4499,spatial_specificity,19.0,0.845777690410614,0.010961114428937435
4499,6,4499,spatial_specificity,19.02629852294922,0.8445500135421753,0.010795360431075096
4499,6,4499,spatial_specificity,19.10497283935547,0.8193951845169067,0.011602088809013367
4499,6,4499,spatial_specificity,19.209373474121094,0.7978724241256714,0.014724960550665855
4499,6,4499,spatial_specificity,19.235383987426758,0.8228484988212585,0.011300435289740562
4499,6,4499,spatial_specificity,19.313207626342773,0.8172067403793335,0.011778322048485279
4499,6,4499,spatial_specificity,19.416488647460938,0.8171856999397278,0.011777211911976337
4499,6,4499,spatial_specificity,19.646883010864258,0.82841557264328,0.010767286643385887
4499,6,4499,spatial_specificity,19.697715759277344,0.8131482005119324,0.01238016877323389
4499,6,4499,spatial_specificity,19.72308349609375,0.8048548698425293,0.013499150052666664
4499,6,4499,spatial_specificity,19.79899024963379,0.7976518869400024,0.015653438866138458
4499,6,4499,spatial_specificity,19.84943389892578,0.7983528971672058,0.015292877331376076
4499,6,4499,spatial_specificity,19.92485809326172,0.8236275911331177,0.011257690377533436
4499,6,4499,spatial_specificity,20.0,0.8162249326705933,0.011811343021690845
4499,6,4499,spatial_specificity,20.02498435974121,0.8456954956054688,0.011217938736081123
4499,6,4499,spatial_specificity,20.099750518798828,0.8429610133171082,0.011008087545633316
4499,6,4499,spatial_specificity,20.124610900878906,0.8098713159561157,0.012913131155073643
4499,6,4499,spatial_specificity,20.2237491607666,0.8392488360404968,0.010818203911185265
4499,6,4499,spatial_specificity,20.248456954956055,0.8113786578178406,0.012731446884572506
4499,6,4499,spatial_specificity,20.39607810974121,0.8348134160041809,0.010835345834493637
4499,6,4499,spatial_specificity,20.51828384399414,0.7997522950172424,0.015982134267687798
4499,6,4499,spatial_specificity,20.59126091003418,0.8076594471931458,0.013361239805817604
4499,6,4499,spatial_specificity,20.615528106689453,0.8155805468559265,0.012506796978414059
4499,6,4499,spatial_specificity,20.808650970458984,0.8034607768058777,0.015035653486847878
4499,6,4499,spatial_specificity,20.880613327026367,0.8254894018173218,0.011787218041718006
4499,6,4499,spatial_specificity,21.0,0.8487364053726196,0.012072252109646797
4499,6,4499,spatial_specificity,21.02379608154297,0.8303083181381226,0.01128898374736309
4499,6,4499,spatial_specificity,21.095022201538086,0.8261116743087769,0.011441859416663647
4499,6,4499,spatial_specificity,21.189619064331055,0.8214896321296692,0.012480883859097958
4499,6,4499,spatial_specificity,21.21320343017578,0.8282777667045593,0.011569359339773655
4499,6,4499,spatial_specificity,21.260292053222656,0.8026226162910461,0.01637931354343891
4499,6,4499,spatial_specificity,21.3775577545166,0.8367827534675598,0.01154671423137188
4499,6,4499,spatial_specificity,21.40093421936035,0.8043212890625,0.016020912677049637
4499,6,4499,spatial_specificity,21.470911026000977,0.8104264140129089,0.013756243512034416
4499,6,4499,spatial_specificity,21.540658950805664,0.818095862865448,0.013166221790015697
4499,6,4499,spatial_specificity,21.587032318115234,0.8322331309318542,0.011945326812565327
4499,6,4499,spatial_specificity,21.63330841064453,0.8067552447319031,0.015425147488713264
4499,6,4499,spatial_specificity,21.840330123901367,0.8282702565193176,0.01243926864117384
4499,6,4499,spatial_specificity,21.931711196899414,0.8102490305900574,0.015144896693527699
4499,6,4499,spatial_specificity,21.954498291015625,0.8098634481430054,0.014971760101616383
4499,6,4499,spatial_specificity,22.0,0.8514074087142944,0.012546109966933727
4499,6,4499,spatial_specificity,22.022714614868164,0.8284090161323547,0.012164543382823467
4499,6,4499,spatial_specificity,22.090721130371094,0.847480297088623,0.012013533152639866
4499,6,4499,spatial_specificity,22.135944366455078,0.8248413801193237,0.013325284235179424
4499,6,4499,spatial_specificity,22.203603744506836,0.826114296913147,0.012740697711706161
4499,6,4499,spatial_specificity,22.360679626464844,0.8274175524711609,0.012937563471496105
4499,6,4499,spatial_specificity,22.472204208374023,0.8164399266242981,0.015260896645486355
4499,6,4499,spatial_specificity,22.56102752685547,0.8367209434509277,0.013067541643977165
4499,6,4499,spatial_specificity,22.627416610717773,0.808380126953125,0.01793558895587921
4499,6,4499,spatial_specificity,22.671567916870117,0.8088984489440918,0.01790870539844036
4499,6,4499,spatial_specificity,22.803508758544922,0.8217743039131165,0.01548828836530447
4499,6,4499,spatial_specificity,22.825424194335938,0.814686119556427,0.016796523705124855
4499,6,4499,spatial_specificity,22.847320556640625,0.820475697517395,0.015739422291517258
4499,6,4499,spatial_specificity,23.0,0.8555304408073425,0.015321622602641582
4499,6,4499,spatial_specificity,23.021728515625,0.8337504267692566,0.01422264613211155
4499,6,4499,spatial_specificity,23.086793899536133,0.8415031433105469,0.01489236019551754
4499,6,4499,spatial_specificity,23.194828033447266,0.8498021364212036,0.015797443687915802
4499,6,4499,spatial_specificity,23.25940704345703,0.8203295469284058,0.018066510558128357
4499,6,4499,spatial_specificity,23.323808670043945,0.816248893737793,0.019440852105617523
4499,6,4499,spatial_specificity,23.345233917236328,0.8301330804824829,0.016616612672805786
4499,6,4499,spatial_specificity,23.409400939941406,0.8284255862236023,0.01821437105536461
4499,6,4499,spatial_specificity,23.430747985839844,0.8145049810409546,0.02046760357916355
4499,6,4499,spatial_specificity,23.53720474243164,0.8433725237846375,0.017623193562030792
4499,6,4499,spatial_specificity,23.600847244262695,0.8161651492118835,0.02118895947933197
4499,6,4499,spatial_specificity,23.706539154052734,0.8214975595474243,0.02128644846379757
4499,6,4499,spatial_specificity,23.769729614257812,0.834074854850769,0.019742438569664955
4499,6,4499,spatial_specificity,23.853721618652344,0.81922847032547,0.022701317444443703
4499,6,4499,spatial_specificity,24.0,0.8625634908676147,0.019828133285045624
4499,6,4499,spatial_specificity,24.020824432373047,0.8614032864570618,0.019614091143012047
4499,6,4499,spatial_specificity,24.0416316986084,0.8322476148605347,0.02152894251048565
4499,6,4499,spatial_specificity,24.083189010620117,0.8402120471000671,0.019469881430268288
4499,6,4499,spatial_specificity,24.166091918945312,0.828425407409668,0.023698026314377785
4499,6,4499,spatial_specificity,24.1867733001709,0.8403911590576172,0.02052876725792885
4499,6,4499,spatial_specificity,24.207435607910156,0.8225032091140747,0.025546401739120483
4499,6,4499,spatial_specificity,24.3310489654541,0.8541392087936401,0.020265620201826096
4499,6,4499,spatial_specificity,24.351591110229492,0.8369051218032837,0.02309642732143402
4499,6,4499,spatial_specificity,24.413110733032227,0.8245573043823242,0.026826418936252594
4499,6,4499,spatial_specificity,24.515300750732422,0.8512167930603027,0.021275987848639488
4499,6,4499,spatial_specificity,24.59674835205078,0.8301718831062317,0.02664661779999733
4499,6,4499,spatial_specificity,24.698179244995117,0.8325005769729614,0.026722377166152
4499,6,4499,spatial_specificity,24.73863410949707,0.8484751582145691,0.022611519321799278
4499,6,4499,spatial_specificity,24.75883674621582,0.8300962448120117,0.03070959262549877
4499,6,4499,spatial_specificity,24.83948516845703,0.830849826335907,0.031079668551683426
4499,6,4499,spatial_specificity,25.0,0.8453189730644226,0.024973543360829353
4499,6,4499,spatial_specificity,25.01999282836914,0.8687877655029297,0.02258291468024254
4499,6,4499,spatial_specificity,25.05992889404297,0.8334460258483887,0.02966746687889099
4499,6,4499,spatial_specificity,25.079872131347656,0.8523901700973511,0.023234140127897263
4499,6,4499,spatial_specificity,25.179357528686523,0.865308940410614,0.02310716174542904
4499,6,4499,spatial_specificity,25.238859176635742,0.8350922465324402,0.032977376133203506
4499,6,4499,spatial_specificity,25.298221588134766,0.8462303280830383,0.026526853442192078
4499,6,4499,spatial_specificity,25.317977905273438,0.8627486228942871,0.024175312370061874
4499,6,4499,spatial_specificity,25.455842971801758,0.8393538594245911,0.036345627158880234
4499,6,4499,spatial_specificity,25.495098114013672,0.8463374376296997,0.02923218160867691
4499,6,4499,spatial_specificity,25.553865432739258,0.8390747904777527,0.033714644610881805
4499,6,4499,spatial_specificity,25.612497329711914,0.8412898778915405,0.03725392743945122
4499,6,4499,spatial_specificity,25.63201141357422,0.8467966914176941,0.02876460552215576
4499,6,4499,spatial_specificity,25.709918975830078,0.8584414720535278,0.02624577097594738
4499,6,4499,spatial_specificity,25.806976318359375,0.8436237573623657,0.037929121404886246
4499,6,4499,spatial_specificity,25.942243576049805,0.8449608087539673,0.03452383354306221
4499,6,4499,spatial_specificity,25.961509704589844,0.8576955795288086,0.027347007766366005
4499,6,4499,spatial_specificity,26.0,0.8591889142990112,0.02798427827656269
4499,6,4499,spatial_specificity,26.019224166870117,0.8792382478713989,0.02550174668431282
4499,6,4499,spatial_specificity,26.076810836791992,0.8618499040603638,0.02983330748975277
4499,6,4499,spatial_specificity,26.172504425048828,0.861822247505188,0.03131575509905815
4499,6,4499,spatial_specificity,26.248809814453125,0.8536860346794128,0.03405328094959259
4499,6,4499,spatial_specificity,26.305892944335938,0.8749054670333862,0.027551742270588875
4499,6,4499,spatial_specificity,26.400758743286133,0.8523185849189758,0.0380699597299099
4499,6,4499,spatial_specificity,26.419689178466797,0.8518854975700378,0.03866778314113617
4499,6,4499,spatial_specificity,26.476404190063477,0.873458981513977,0.027799800038337708
4499,6,4499,spatial_specificity,26.570661544799805,0.8598621487617493,0.03155474737286568
4499,6,4499,spatial_specificity,26.62705421447754,0.8549792170524597,0.04138638451695442
4499,6,4499,spatial_specificity,26.68332862854004,0.8725311160087585,0.028026770800352097
4499,6,4499,spatial_specificity,26.832815170288086,0.8583647012710571,0.0377068892121315
4499,6,4499,spatial_specificity,26.870058059692383,0.860460102558136,0.04486510530114174
4499,6,4499,spatial_specificity,26.90724754333496,0.8605678677558899,0.04461253434419632
4499,6,4499,spatial_specificity,26.925825119018555,0.8646982908248901,0.033793821930885315
4499,6,4499,spatial_specificity,27.0,0.8925703763961792,0.026071615517139435
4499,6,4499,spatial_specificity,27.018512725830078,0.8758031725883484,0.03205457329750061
4499,6,4499,spatial_specificity,27.073972702026367,0.8904985189437866,0.02614918164908886
4499,6,4499,spatial_specificity,27.166154861450195,0.8892032504081726,0.02636055275797844
4499,6,4499,spatial_specificity,27.202939987182617,0.8683487772941589,0.03592576086521149
4499,6,4499,spatial_specificity,27.294689178466797,0.8771060705184937,0.03168496489524841
4499,6,4499,spatial_specificity,27.312999725341797,0.8672167658805847,0.03536898270249367
4499,6,4499,spatial_specificity,27.459060668945312,0.8750826120376587,0.031957268714904785
4499,6,4499,spatial_specificity,27.51363182067871,0.8738778829574585,0.030329832807183266
4499,6,4499,spatial_specificity,27.58622932434082,0.8635138869285583,0.040778208523988724
4499,6,4499,spatial_specificity,27.658634185791016,0.8767120242118835,0.033781055361032486
4499,6,4499,spatial_specificity,27.730850219726562,0.871070146560669,0.036595165729522705
4499,6,4499,spatial_specificity,27.784889221191406,0.8702371716499329,0.03866991028189659
4499,6,4499,spatial_specificity,27.80287742614746,0.8701037168502808,0.041220635175704956
4499,6,4499,spatial_specificity,27.856775283813477,0.877315104007721,0.03209294006228447
4499,6,4499,spatial_specificity,27.89265251159668,0.888233482837677,0.02774224616587162
4499,6,4499,spatial_specificity,28.0,0.9114571809768677,0.02277575619518757
4499,6,4499,spatial_specificity,28.017852783203125,0.8906509280204773,0.029763052240014076
4499,6,4499,spatial_specificity,28.07133674621582,0.9090054035186768,0.0230205487459898
4499,6,4499,spatial_specificity,28.160255432128906,0.8984542489051819,0.02513722889125347
4499,6,4499,spatial_specificity,28.17800521850586,0.8772892355918884,0.037137266248464584
4499,6,4499,spatial_specificity,28.231189727783203,0.8817014098167419,0.03357606381177902
4499,6,4499,spatial_specificity,28.284271240234375,0.894533634185791,0.026695607230067253
4499,6,4499,spatial_specificity,28.301944732666016,0.8773916959762573,0.03874766081571579
4499,6,4499,spatial_specificity,28.319604873657227,0.8730140924453735,0.039138391613960266
4499,6,4499,spatial_specificity,28.42534065246582,0.8754772543907166,0.03926892206072807
4499,6,4499,spatial_specificity,28.44292640686035,0.9046647548675537,0.02249855361878872
4499,6,4499,spatial_specificity,28.460498809814453,0.8891583681106567,0.02819722704589367
4499,6,4499,spatial_specificity,28.60070037841797,0.8786053657531738,0.038087401539087296
4499,6,4499,spatial_specificity,28.635643005371094,0.8933846354484558,0.02733708918094635
4499,6,4499,spatial_specificity,28.65309715270996,0.8809755444526672,0.03654579073190689
4499,6,4499,spatial_specificity,28.792360305786133,0.891493558883667,0.028515003621578217
4499,6,4499,spatial_specificity,28.844409942626953,0.8809597492218018,0.03688525781035423
4499,6,4499,spatial_specificity,28.861740112304688,0.9025208950042725,0.02279849909245968
4499,6,4499,spatial_specificity,29.0,0.8967124819755554,0.03220561519265175
4499,6,4499,spatial_specificity,29.017236709594727,0.9232813119888306,0.016335539519786835
4499,6,4499,spatial_specificity,29.068883895874023,0.8965281844139099,0.028336741030216217
4499,6,4499,spatial_specificity,29.120439529418945,0.9022859930992126,0.023531455546617508
4499,6,4499,spatial_specificity,29.15475845336914,0.9006032943725586,0.026427237316966057
4499,6,4499,spatial_specificity,29.20616340637207,0.8876030445098877,0.037830084562301636
4499,6,4499,spatial_specificity,29.27456283569336,0.9186144471168518,0.01569848693907261
4499,6,4499,spatial_specificity,29.4108829498291,0.898507833480835,0.030495256185531616
4499,6,4499,spatial_specificity,29.42787742614746,0.9172430038452148,0.015709947794675827
4499,6,4499,spatial_specificity,29.529645919799805,0.8905889987945557,0.03182705119252205
4499,6,4499,spatial_specificity,29.546573638916016,0.8940673470497131,0.027905387803912163
4499,6,4499,spatial_specificity,29.614185333251953,0.9152914881706238,0.0158148854970932
4499,6,4499,spatial_specificity,29.681644439697266,0.8936933279037476,0.03354530781507492
4499,6,4499,spatial_specificity,29.698484420776367,0.8900479078292847,0.03669126704335213
4499,6,4499,spatial_specificity,29.73213768005371,0.8971335887908936,0.02957122027873993
4499,6,4499,spatial_specificity,29.832868576049805,0.901948869228363,0.02636203169822693
4499,6,4499,spatial_specificity,29.96664810180664,0.8957967758178711,0.028479499742388725
4499,6,4499,spatial_specificity,30.0,0.9043080806732178,0.029533859342336655
4499,6,4499,spatial_specificity,30.01666259765625,0.9094115495681763,0.023785162717103958
4499,6,4499,spatial_specificity,30.066593170166016,0.9288969039916992,0.010879885405302048
4499,6,4499,spatial_specificity,30.08321762084961,0.9046501517295837,0.02009759657084942
4499,6,4499,spatial_specificity,30.149627685546875,0.926550030708313,0.010466625913977623
4499,6,4499,spatial_specificity,30.232433319091797,0.8950477242469788,0.03203725442290306
4499,6,4499,spatial_specificity,30.265491485595703,0.9236010909080505,0.010345234535634518
4499,6,4499,spatial_specificity,30.36445426940918,0.9072867035865784,0.01819644868373871
4499,6,4499,spatial_specificity,30.4138126373291,0.9026855826377869,0.026332208886742592
4499,6,4499,spatial_specificity,30.463092803955078,0.9023762345314026,0.025042660534381866
4499,6,4499,spatial_specificity,30.479501724243164,0.8985735774040222,0.03381171077489853
4499,6,4499,spatial_specificity,30.528675079345703,0.8966041207313538,0.03080974519252777
4499,6,4499,spatial_specificity,30.594118118286133,0.9201269745826721,0.010730684734880924
4499,6,4499,spatial_specificity,30.610454559326172,0.9003331065177917,0.03224973753094673
4499,6,4499,spatial_specificity,30.675724029541016,0.9065280556678772,0.01935042440891266
4499,6,4499,spatial_specificity,30.805843353271484,0.9067270159721375,0.02436975948512554
4499,6,4499,spatial_specificity,30.870698928833008,0.9025430679321289,0.02454800345003605
4499,6,4499,spatial_specificity,30.886890411376953,0.9017260074615479,0.0273238904774189
4499,6,4499,spatial_specificity,31.0,0.9379097819328308,0.007682526484131813
4499,6,4499,spatial_specificity,31.016124725341797,0.9177854061126709,0.014438419602811337
4499,6,4499,spatial_specificity,31.048349380493164,0.9176952242851257,0.013131830841302872
4499,6,4499,spatial_specificity,31.064449310302734,0.9124040007591248,0.024933623149991035
4499,6,4499,spatial_specificity,31.11269760131836,0.90079665184021,0.03295835480093956
4499,6,4499,spatial_specificity,31.14482307434082,0.9099836349487305,0.027780843898653984
4499,6,4499,spatial_specificity,31.240999221801758,0.902632474899292,0.031056219711899757
4499,6,4499,spatial_specificity,31.256999969482422,0.9335149526596069,0.010586493648588657
4499,6,4499,spatial_specificity,31.30495262145996,0.9047811627388,0.02458564192056656
4499,6,4499,spatial_specificity,31.320920944213867,0.9170840978622437,0.01576639711856842
4499,6,4499,spatial_specificity,31.384708404541016,0.9073930978775024,0.023598089814186096
4499,6,4499,spatial_specificity,31.400636672973633,0.9107645153999329,0.026111554354429245
4499,6,4499,spatial_specificity,31.575305938720703,0.9242453575134277,0.01046597957611084
4499,6,4499,spatial_specificity,31.62277603149414,0.908979058265686,0.02444520592689514
4499,6,4499,spatial_specificity,31.764760971069336,0.9071388244628906,0.023599693551659584
4499,6,4499,spatial_specificity,31.780498504638672,0.9134550094604492,0.020009571686387062
4499,6,4499,spatial_specificity,31.827659606933594,0.9003296494483948,0.031922630965709686
4499,6,4499,spatial_specificity,31.890438079833984,0.9012078642845154,0.031464263796806335
4499,6,4499,spatial_specificity,31.906112670898438,0.9060184955596924,0.026943320408463478
4499,6,4499,spatial_specificity,31.95309066772461,0.9162423014640808,0.02063649520277977
4499,6,4499,spatial_specificity,32.015621185302734,0.9058375358581543,0.026552459225058556
4499,6,4499,spatial_specificity,32.202484130859375,0.9091711044311523,0.024998638778924942
4499,6,4499,spatial_specificity,32.24903106689453,0.9106025695800781,0.024222245439887047
4499,6,4499,spatial_specificity,32.280025482177734,0.9184556007385254,0.015281883999705315
4499,6,4499,spatial_specificity,32.31098937988281,0.9168477654457092,0.022479575127363205
4499,6,4499,spatial_specificity,32.4499626159668,0.9040697813034058,0.026620015501976013
4499,6,4499,spatial_specificity,32.526912689208984,0.8979580998420715,0.03263299912214279
4499,6,4499,spatial_specificity,32.557640075683594,0.8980436325073242,0.032155606895685196
4499,6,4499,spatial_specificity,32.572994232177734,0.9175674319267273,0.01605178974568844
4499,6,4499,spatial_specificity,32.649654388427734,0.9081489443778992,0.026767168194055557
4499,6,4499,spatial_specificity,32.69556427001953,0.9100607633590698,0.024896588176488876
4499,6,4499,spatial_specificity,32.75667953491211,0.9058985710144043,0.029034510254859924
4499,6,4499,spatial_specificity,32.80244064331055,0.9045147895812988,0.027518514543771744
4499,6,4499,spatial_specificity,32.893768310546875,0.9126888513565063,0.016995547339320183
4499,6,4499,spatial_specificity,33.0151481628418,0.9040923118591309,0.026705607771873474
4499,6,4499,spatial_specificity,33.105892181396484,0.9021302461624146,0.021975573152303696
4499,6,4499,spatial_specificity,33.12099075317383,0.9006366729736328,0.023633940145373344
4499,6,4499,spatial_specificity,33.241539001464844,0.9040128588676453,0.02778756618499756
4499,6,4499,spatial_specificity,33.2866325378418,0.9005181193351746,0.0284966342151165
4499,6,4499,spatial_specificity,33.30165100097656,0.901378870010376,0.028749005869030952
4499,6,4499,spatial_specificity,33.42155075073242,0.9032033681869507,0.027772588655352592
4499,6,4499,spatial_specificity,33.541019439697266,0.9044930338859558,0.02403206378221512
4499,6,4499,spatial_specificity,33.60059356689453,0.9019482731819153,0.028614118695259094
4499,6,4499,spatial_specificity,33.615474700927734,0.9066596031188965,0.023533204570412636
4499,6,4499,spatial_specificity,33.83784866333008,0.9053704738616943,0.02516200579702854
4499,6,4499,spatial_specificity,33.941123962402344,0.9080234169960022,0.024273892864584923
4499,6,4499,spatial_specificity,33.97057342529297,0.9091119766235352,0.024999652057886124
4499,6,4499,spatial_specificity,34.0,0.9060336947441101,0.022157276049256325
4499,6,4499,spatial_specificity,34.01470184326172,0.9160534739494324,0.018133535981178284
4499,6,4499,spatial_specificity,34.058773040771484,0.90511155128479,0.02609596587717533
4499,6,4499,spatial_specificity,34.13209533691406,0.9078073501586914,0.022239958867430687
4499,6,4499,spatial_specificity,34.20526123046875,0.9067554473876953,0.02401253953576088
4499,6,4499,spatial_specificity,34.4093017578125,0.9010854959487915,0.021602541208267212
4499,6,4499,spatial_specificity,34.438350677490234,0.9174128174781799,0.017684994265437126
4499,6,4499,spatial_specificity,34.48188018798828,0.9003651142120361,0.01987314224243164
4499,6,4499,spatial_specificity,34.65544891357422,0.9009179472923279,0.021723926067352295
4499,6,4499,spatial_specificity,34.66987228393555,0.903732180595398,0.01884239912033081
4499,6,4499,spatial_specificity,34.71310806274414,0.9020476937294006,0.020724773406982422
4499,6,4499,spatial_specificity,34.828147888183594,0.9039250612258911,0.019537538290023804
4499,6,4499,spatial_specificity,34.885528564453125,0.9157571792602539,0.020511388778686523
4499,6,4499,spatial_specificity,34.98571014404297,0.9037585258483887,0.01743185520172119
4499,6,4499,spatial_specificity,35.0,0.9061212539672852,0.017967313528060913
4499,6,4499,spatial_specificity,35.22782897949219,0.9078022837638855,0.01569497585296631
4499,6,4499,spatial_specificity,35.35533905029297,0.9099692106246948,0.016066700220108032
4499,6,4499,spatial_specificity,35.38361358642578,0.9086901545524597,0.01572561264038086
4499,6,4499,spatial_specificity,35.46829605102539,0.9096208810806274,0.015209078788757324
4499,6,4499,spatial_specificity,35.510562896728516,0.9073287844657898,0.014417648315429688
4499,6,4499,spatial_specificity,35.60898971557617,0.9102991819381714,0.01446649432182312
4499,6,4499,spatial_specificity,35.80502700805664,0.9107756018638611,0.013034403324127197
4499,6,4499,spatial_specificity,35.84689712524414,0.9215749502182007,0.01729753613471985
4499,6,4499,spatial_specificity,36.055511474609375,0.9102003574371338,0.01216176152229309
4499,6,4499,spatial_specificity,36.06937789916992,0.913068950176239,0.010844826698303223
4499,6,4499,spatial_specificity,36.12478256225586,0.9140396118164062,0.010933846235275269
4499,6,4499,spatial_specificity,36.2353401184082,0.9140415787696838,0.010577738285064697
4499,6,4499,spatial_specificity,36.359317779541016,0.9258084893226624,0.014856040477752686
4499,6,4499,spatial_specificity,36.400550842285156,0.9131253957748413,0.01013287901878357
4499,6,4499,spatial_specificity,36.619667053222656,0.9119225144386292,0.010551214218139648
4499,6,4499,spatial_specificity,36.769554138183594,0.9170527458190918,0.007464408874511719
4499,6,4499,spatial_specificity,36.79673767089844,0.9167730212211609,0.0074738264083862305
4499,6,4499,spatial_specificity,36.878177642822266,0.9166451692581177,0.00782167911529541
4499,6,4499,spatial_specificity,36.8917350769043,0.927711009979248,0.01475110650062561
4499,6,4499,spatial_specificity,37.013511657714844,0.9151215553283691,0.007727593183517456
4499,6,4499,spatial_specificity,37.202152252197266,0.9139422178268433,0.00890854001045227
4499,6,4499,spatial_specificity,37.44329071044922,0.928997278213501,0.014168649911880493
4499,6,4499,spatial_specificity,37.48332977294922,0.9184731245040894,0.0059538185596466064
4499,6,4499,spatial_specificity,37.53664779663086,0.9174208641052246,0.00600886344909668
4499,6,4499,spatial_specificity,37.643062591552734,0.9162324666976929,0.0061103105545043945
4499,6,4499,spatial_specificity,37.80211639404297,0.9153060913085938,0.007645010948181152
4499,6,4499,spatial_specificity,38.01315689086914,0.9301674365997314,0.013014823198318481
4499,6,4499,spatial_specificity,38.18376541137695,0.9190794229507446,0.005462080240249634
4499,6,4499,spatial_specificity,38.20994567871094,0.9179133176803589,0.005444556474685669
4499,6,4499,spatial_specificity,38.28837966918945,0.9161075949668884,0.004978001117706299
4499,6,4499,spatial_specificity,38.41874694824219,0.9159093499183655,0.007912278175354004
4499,6,4499,spatial_specificity,38.60051727294922,0.9320429563522339,0.012990415096282959
4499,6,4499,spatial_specificity,38.897300720214844,0.9185634851455688,0.005870550870895386
4499,6,4499,spatial_specificity,38.94868469238281,0.9166263341903687,0.004900723695755005
4499,6,4499,spatial_specificity,39.051246643066406,0.9167826175689697,0.008318156003952026
4499,6,4499,spatial_specificity,39.20458984375,0.9330323934555054,0.011618465185165405
4499,6,4499,spatial_specificity,39.59798049926758,0.918297290802002,0.006551295518875122
4499,6,4499,spatial_specificity,39.623226165771484,0.9177855849266052,0.005566716194152832
4499,6,4499,spatial_specificity,39.69886779785156,0.9188958406448364,0.00882655382156372
4499,6,4499,spatial_specificity,39.824615478515625,0.9356590509414673,0.00946316123008728
4499,6,4499,spatial_specificity,40.31128692626953,0.9181950092315674,0.007238119840621948
4499,6,4499,spatial_specificity,40.360870361328125,0.9217609167098999,0.01092270016670227
4499,6,4499,spatial_specificity,40.45985794067383,0.927038848400116,0.0
4499,6,4499,spatial_specificity,41.01219177246094,0.9206138253211975,0.008468985557556152
4499,6,4499,spatial_specificity,41.03656768798828,0.9228477478027344,0.012508183717727661
4499,6,4499,spatial_specificity,41.1096076965332,0.9274657964706421,0.0
4499,6,4499,spatial_specificity,41.72529220581055,0.9262995719909668,0.013526767492294312
4499,6,4499,spatial_specificity,41.773197174072266,0.9314602613449097,0.0
4499,6,4499,spatial_specificity,42.42640686035156,0.9351955652236938,0.015825539827346802
4499,6,4499,spatial_specificity,42.44997024536133,0.9343256950378418,0.0
4499,6,4499,spatial_specificity,43.13930892944336,0.9294449090957642,0.0
4999,7,4999,cls_effective_rank,,14.518170356750488,0.9844943284988403
4999,7,4999,patch_effective_rank,,73.20335388183594,7.827357769012451
4999,7,4999,mean_off_diagonal_similarity,,0.8345762491226196,0.014756329357624054
4999,7,4999,spatial_specificity_correlation,,-0.3392032980918884,0.05013127997517586
4999,7,4999,spatial_specificity,1.0,0.9725604057312012,0.003226851113140583
4999,7,4999,spatial_specificity,1.4142135381698608,0.9602688550949097,0.004253407008945942
4999,7,4999,spatial_specificity,2.0,0.9470751881599426,0.005773295648396015
4999,7,4999,spatial_specificity,2.2360680103302,0.9406765103340149,0.005884348880499601
4999,7,4999,spatial_specificity,2.8284270763397217,0.9276041984558105,0.00670153833925724
4999,7,4999,spatial_specificity,3.0,0.92669278383255,0.007285513915121555
4999,7,4999,spatial_specificity,3.1622776985168457,0.9226143956184387,0.00712556904181838
4999,7,4999,spatial_specificity,3.605551242828369,0.913585364818573,0.007438022643327713
4999,7,4999,spatial_specificity,4.0,0.909395694732666,0.008461754769086838
4999,7,4999,spatial_specificity,4.123105525970459,0.9063733220100403,0.008323082700371742
4999,7,4999,spatial_specificity,4.242640495300293,0.9020827412605286,0.008076171390712261
4999,7,4999,spatial_specificity,4.4721360206604,0.8993668556213379,0.00863879919052124
4999,7,4999,spatial_specificity,5.0,0.89117830991745,0.009373713284730911
4999,7,4999,spatial_specificity,5.099019527435303,0.8916476368904114,0.009689118713140488
4999,7,4999,spatial_specificity,5.385164737701416,0.8857988119125366,0.010032044723629951
4999,7,4999,spatial_specificity,5.656854152679443,0.8788948059082031,0.010465722531080246
4999,7,4999,spatial_specificity,5.830952167510986,0.8774590492248535,0.010897254571318626
4999,7,4999,spatial_specificity,6.0,0.8810526728630066,0.011199497617781162
4999,7,4999,spatial_specificity,6.082762241363525,0.8788448572158813,0.011133182793855667
4999,7,4999,spatial_specificity,6.324555397033691,0.8737241625785828,0.011491816490888596
4999,7,4999,spatial_specificity,6.4031243324279785,0.8679171800613403,0.011987032368779182
4999,7,4999,spatial_specificity,6.7082037925720215,0.8663570284843445,0.012355112470686436
4999,7,4999,spatial_specificity,7.0,0.8697885274887085,0.012548048980534077
4999,7,4999,spatial_specificity,7.071067810058594,0.8647047281265259,0.012666832655668259
4999,7,4999,spatial_specificity,7.211102485656738,0.8577502369880676,0.013365257531404495
4999,7,4999,spatial_specificity,7.280109882354736,0.8634204864501953,0.012929627671837807
4999,7,4999,spatial_specificity,7.6157732009887695,0.856774628162384,0.01365644857287407
4999,7,4999,spatial_specificity,7.8102498054504395,0.8488391041755676,0.014355824328958988
4999,7,4999,spatial_specificity,8.0,0.8601838946342468,0.013641737401485443
4999,7,4999,spatial_specificity,8.062257766723633,0.8536601066589355,0.014088379219174385
4999,7,4999,spatial_specificity,8.246211051940918,0.8543164134025574,0.014004477299749851
4999,7,4999,spatial_specificity,8.485280990600586,0.8403067588806152,0.015478820540010929
4999,7,4999,spatial_specificity,8.5440034866333,0.8481842279434204,0.014695465564727783
4999,7,4999,spatial_specificity,8.602325439453125,0.8406074643135071,0.01547193806618452
4999,7,4999,spatial_specificity,8.9442720413208,0.8408997654914856,0.015534290112555027
4999,7,4999,spatial_specificity,9.0,0.8520773649215698,0.01428198628127575
4999,7,4999,spatial_specificity,9.05538558959961,0.8503316640853882,0.014395392499864101
4999,7,4999,spatial_specificity,9.219544410705566,0.8395344018936157,0.01566723920404911
4999,7,4999,spatial_specificity,9.433980941772461,0.8332391977310181,0.016405990347266197
4999,7,4999,spatial_specificity,9.486832618713379,0.8408170938491821,0.015271940268576145
4999,7,4999,spatial_specificity,9.848857879638672,0.8341280817985535,0.01602606475353241
4999,7,4999,spatial_specificity,9.899495124816895,0.8252310752868652,0.017826220020651817
4999,7,4999,spatial_specificity,10.0,0.8324206471443176,0.016487007960677147
4999,7,4999,spatial_specificity,10.049875259399414,0.8435770869255066,0.01485973596572876
4999,7,4999,spatial_specificity,10.198039054870605,0.8398229479789734,0.015244655311107635
4999,7,4999,spatial_specificity,10.29563045501709,0.827039897441864,0.016986949369311333
4999,7,4999,spatial_specificity,10.440306663513184,0.834710955619812,0.015845905989408493
4999,7,4999,spatial_specificity,10.630146026611328,0.8189116716384888,0.0187103021889925
4999,7,4999,spatial_specificity,10.770329475402832,0.8285437822341919,0.016611769795417786
4999,7,4999,spatial_specificity,10.816654205322266,0.8201122283935547,0.01814667135477066
4999,7,4999,spatial_specificity,11.0,0.8401284217834473,0.0149152260273695
4999,7,4999,spatial_specificity,11.045360565185547,0.8384402990341187,0.015100968070328236
4999,7,4999,spatial_specificity,11.180339813232422,0.8284648656845093,0.01659054309129715
4999,7,4999,spatial_specificity,11.313708305358887,0.8127995729446411,0.01968737691640854
4999,7,4999,spatial_specificity,11.401754379272461,0.8219069242477417,0.017803626134991646
4999,7,4999,spatial_specificity,11.661904335021973,0.815304160118103,0.018787018954753876
4999,7,4999,spatial_specificity,11.704700469970703,0.8241276741027832,0.0171494260430336
4999,7,4999,spatial_specificity,12.0,0.8365062475204468,0.015251524746418
4999,7,4999,spatial_specificity,12.041594505310059,0.8215036392211914,0.01775137148797512
4999,7,4999,spatial_specificity,12.083045959472656,0.8176635503768921,0.018184538930654526
4999,7,4999,spatial_specificity,12.16552448272705,0.8312652707099915,0.0159629937261343
4999,7,4999,spatial_specificity,12.206555366516113,0.8091617822647095,0.020032284781336784
4999,7,4999,spatial_specificity,12.369317054748535,0.8265045285224915,0.01656189374625683
4999,7,4999,spatial_specificity,12.529964447021484,0.8112636804580688,0.019360126927495003
4999,7,4999,spatial_specificity,12.649110794067383,0.8207502365112305,0.017397107556462288
4999,7,4999,spatial_specificity,12.727921485900879,0.8028990030288696,0.021120958030223846
4999,7,4999,spatial_specificity,12.806248664855957,0.8035837411880493,0.021026020869612694
4999,7,4999,spatial_specificity,13.0,0.8212002515792847,0.017440900206565857
4999,7,4999,spatial_specificity,13.038405418395996,0.8192866444587708,0.018089717254042625
4999,7,4999,spatial_specificity,13.152946472167969,0.8291562795639038,0.016361264511942863
4999,7,4999,spatial_specificity,13.34166431427002,0.8243009448051453,0.016994534060359
4999,7,4999,spatial_specificity,13.416407585144043,0.8082482218742371,0.019667500630021095
4999,7,4999,spatial_specificity,13.45362377166748,0.7987765669822693,0.021678702905774117
4999,7,4999,spatial_specificity,13.601469993591309,0.8094099164009094,0.01957457698881626
4999,7,4999,spatial_specificity,13.892444610595703,0.8025988340377808,0.020746668800711632
4999,7,4999,spatial_specificity,13.928387641906738,0.812447190284729,0.018956465646624565
4999,7,4999,spatial_specificity,14.0,0.833476722240448,0.01654992252588272
4999,7,4999,spatial_specificity,14.03566837310791,0.8319056630134583,0.01677953265607357
4999,7,4999,spatial_specificity,14.142135620117188,0.8172696232795715,0.018662404268980026
4999,7,4999,spatial_specificity,14.21267032623291,0.7954395413398743,0.022008078172802925
4999,7,4999,spatial_specificity,14.317821502685547,0.8149555325508118,0.018906543031334877
4999,7,4999,spatial_specificity,14.422204971313477,0.7974122762680054,0.021731024608016014
4999,7,4999,spatial_specificity,14.560219764709473,0.8176864385604858,0.018673282116651535
4999,7,4999,spatial_specificity,14.764822959899902,0.8008972406387329,0.021086765453219414
4999,7,4999,spatial_specificity,14.866068840026855,0.8017423748970032,0.02107395976781845
4999,7,4999,spatial_specificity,15.0,0.8065633773803711,0.020389046519994736
4999,7,4999,spatial_specificity,15.033296585083008,0.8314546346664429,0.017504675313830376
4999,7,4999,spatial_specificity,15.132745742797852,0.8279647827148438,0.017946932464838028
4999,7,4999,spatial_specificity,15.231546401977539,0.8059322237968445,0.0205485038459301
4999,7,4999,spatial_specificity,15.264337539672852,0.7957684397697449,0.022021779790520668
4999,7,4999,spatial_specificity,15.297059059143066,0.8232372999191284,0.01859612949192524
4999,7,4999,spatial_specificity,15.524174690246582,0.8178021311759949,0.019349098205566406
4999,7,4999,spatial_specificity,15.55634880065918,0.7883368730545044,0.02293265610933304
4999,7,4999,spatial_specificity,15.620499610900879,0.7890487313270569,0.02276507019996643
4999,7,4999,spatial_specificity,15.65247631072998,0.8004019856452942,0.021599700674414635
4999,7,4999,spatial_specificity,15.81138801574707,0.8016901016235352,0.02135775238275528
4999,7,4999,spatial_specificity,16.0,0.8326490521430969,0.018186602741479874
4999,7,4999,spatial_specificity,16.031219482421875,0.8311856985092163,0.01830570586025715
4999,7,4999,spatial_specificity,16.124515533447266,0.8118430376052856,0.020326528698205948
4999,7,4999,spatial_specificity,16.155494689941406,0.8062281608581543,0.021040409803390503
4999,7,4999,spatial_specificity,16.278820037841797,0.8050163388252258,0.02098945528268814
4999,7,4999,spatial_specificity,16.401220321655273,0.7876478433609009,0.023061851039528847
4999,7,4999,spatial_specificity,16.492422103881836,0.8180917501449585,0.019871070981025696
4999,7,4999,spatial_specificity,16.552946090698242,0.800830066204071,0.021906103938817978
4999,7,4999,spatial_specificity,16.6433162689209,0.7909196019172668,0.023020004853606224
4999,7,4999,spatial_specificity,16.76305389404297,0.8125078082084656,0.02043810673058033
4999,7,4999,spatial_specificity,16.970561981201172,0.7839618921279907,0.02349323220551014
4999,7,4999,spatial_specificity,17.0,0.8084041476249695,0.02085280604660511
4999,7,4999,spatial_specificity,17.029386520385742,0.80839604139328,0.020628469064831734
4999,7,4999,spatial_specificity,17.0880069732666,0.8069461584091187,0.021287914365530014
4999,7,4999,spatial_specificity,17.11724281311035,0.8281251788139343,0.018859609961509705
4999,7,4999,spatial_specificity,17.20465087890625,0.7873380780220032,0.02345660701394081
4999,7,4999,spatial_specificity,17.262676239013672,0.8238703608512878,0.01933211274445057
4999,7,4999,spatial_specificity,17.464248657226562,0.8102871775627136,0.02081424556672573
4999,7,4999,spatial_specificity,17.492855072021484,0.7915323972702026,0.022958697751164436
4999,7,4999,spatial_specificity,17.69180679321289,0.7828382253646851,0.0237321387976408
4999,7,4999,spatial_specificity,17.72004508972168,0.813362717628479,0.020339131355285645
4999,7,4999,spatial_specificity,17.804494857788086,0.7846227884292603,0.02367614023387432
4999,7,4999,spatial_specificity,17.8885440826416,0.7968780398368835,0.022397948428988457
4999,7,4999,spatial_specificity,18.0,0.8326669931411743,0.0182232316583395
4999,7,4999,spatial_specificity,18.027755737304688,0.8094083666801453,0.020323676988482475
4999,7,4999,spatial_specificity,18.11077117919922,0.828262448310852,0.01848754473030567
4999,7,4999,spatial_specificity,18.248287200927734,0.8241456151008606,0.018852010369300842
4999,7,4999,spatial_specificity,18.357559204101562,0.7927963137626648,0.02251225709915161
4999,7,4999,spatial_specificity,18.384777069091797,0.7960821390151978,0.022010140120983124
4999,7,4999,spatial_specificity,18.439088821411133,0.8014692068099976,0.021130478009581566
4999,7,4999,spatial_specificity,18.601076126098633,0.7856077551841736,0.023222243413329124
4999,7,4999,spatial_specificity,18.681541442871094,0.8144087791442871,0.019421907141804695
4999,7,4999,spatial_specificity,18.788293838500977,0.7983614206314087,0.021588360890746117
4999,7,4999,spatial_specificity,18.867961883544922,0.7895352840423584,0.022465962916612625
4999,7,4999,spatial_specificity,18.973665237426758,0.8092409372329712,0.01993006095290184
4999,7,4999,spatial_specificity,19.0,0.8329378962516785,0.016874387860298157
4999,7,4999,spatial_specificity,19.02629852294922,0.8315925598144531,0.01691599003970623
4999,7,4999,spatial_specificity,19.10497283935547,0.8061150312423706,0.019582198932766914
4999,7,4999,spatial_specificity,19.209373474121094,0.7843522429466248,0.023176537826657295
4999,7,4999,spatial_specificity,19.235383987426758,0.8098976016044617,0.019165311008691788
4999,7,4999,spatial_specificity,19.313207626342773,0.804308295249939,0.020358450710773468
4999,7,4999,spatial_specificity,19.416488647460938,0.8040412068367004,0.019678352400660515
4999,7,4999,spatial_specificity,19.646883010864258,0.8154458999633789,0.01802297681570053
4999,7,4999,spatial_specificity,19.697715759277344,0.8000572323799133,0.020440932363271713
4999,7,4999,spatial_specificity,19.72308349609375,0.7915570139884949,0.021363817155361176
4999,7,4999,spatial_specificity,19.79899024963379,0.7834959626197815,0.0233107078820467
4999,7,4999,spatial_specificity,19.84943389892578,0.7842803597450256,0.02302858978509903
4999,7,4999,spatial_specificity,19.92485809326172,0.8105942606925964,0.01839355193078518
4999,7,4999,spatial_specificity,20.0,0.8026787042617798,0.018823420628905296
4999,7,4999,spatial_specificity,20.02498435974121,0.8329150080680847,0.014914988540112972
4999,7,4999,spatial_specificity,20.099750518798828,0.8301388621330261,0.014968105591833591
4999,7,4999,spatial_specificity,20.124610900878906,0.7965313196182251,0.02027689479291439
4999,7,4999,spatial_specificity,20.2237491607666,0.8264191746711731,0.015109585598111153
4999,7,4999,spatial_specificity,20.248456954956055,0.797926127910614,0.019956637173891068
4999,7,4999,spatial_specificity,20.39607810974121,0.8218862414360046,0.01556425541639328
4999,7,4999,spatial_specificity,20.51828384399414,0.7852072715759277,0.02275579236447811
4999,7,4999,spatial_specificity,20.59126091003418,0.794000506401062,0.02014882303774357
4999,7,4999,spatial_specificity,20.615528106689453,0.801995575428009,0.018813107162714005
4999,7,4999,spatial_specificity,20.808650970458984,0.789241373538971,0.021395867690443993
4999,7,4999,spatial_specificity,20.880613327026367,0.8123944997787476,0.01683424599468708
4999,7,4999,spatial_specificity,21.0,0.8364450335502625,0.012891278602182865
4999,7,4999,spatial_specificity,21.02379608154297,0.8173809051513672,0.014937947504222393
4999,7,4999,spatial_specificity,21.095022201538086,0.8129159808158875,0.01542760245501995
4999,7,4999,spatial_specificity,21.189619064331055,0.8083124160766602,0.017273997887969017
4999,7,4999,spatial_specificity,21.21320343017578,0.8150494694709778,0.015197822824120522
4999,7,4999,spatial_specificity,21.260292053222656,0.7878445386886597,0.02193211391568184
4999,7,4999,spatial_specificity,21.3775577545166,0.8243429064750671,0.013781326822936535
4999,7,4999,spatial_specificity,21.40093421936035,0.7897443175315857,0.021344365552067757
4999,7,4999,spatial_specificity,21.470911026000977,0.7967080473899841,0.018978210166096687
4999,7,4999,spatial_specificity,21.540658950805664,0.8048934936523438,0.01748759113252163
4999,7,4999,spatial_specificity,21.587032318115234,0.8197520971298218,0.014494500122964382
4999,7,4999,spatial_specificity,21.63330841064453,0.7923953533172607,0.020413726568222046
4999,7,4999,spatial_specificity,21.840330123901367,0.8157062530517578,0.015160450711846352
4999,7,4999,spatial_specificity,21.931711196899414,0.7961745858192444,0.019492287188768387
4999,7,4999,spatial_specificity,21.954498291015625,0.7959180474281311,0.019285716116428375
4999,7,4999,spatial_specificity,22.0,0.8400055170059204,0.011522562243044376
4999,7,4999,spatial_specificity,22.022714614868164,0.8152979016304016,0.014323784969747066
4999,7,4999,spatial_specificity,22.090721130371094,0.8360518217086792,0.011609596200287342
4999,7,4999,spatial_specificity,22.135944366455078,0.8122995495796204,0.01591944508254528
4999,7,4999,spatial_specificity,22.203603744506836,0.8131409883499146,0.01501128077507019
4999,7,4999,spatial_specificity,22.360679626464844,0.8150256276130676,0.014783601276576519
4999,7,4999,spatial_specificity,22.472204208374023,0.8031226992607117,0.0180590208619833
4999,7,4999,spatial_specificity,22.56102752685547,0.8252414464950562,0.01382578443735838
4999,7,4999,spatial_specificity,22.627416610717773,0.7937051653862,0.02159169502556324
4999,7,4999,spatial_specificity,22.671567916870117,0.7943082451820374,0.021275214850902557
4999,7,4999,spatial_specificity,22.803508758544922,0.8088315725326538,0.017333166673779488
4999,7,4999,spatial_specificity,22.825424194335938,0.8013788461685181,0.019204407930374146
4999,7,4999,spatial_specificity,22.847320556640625,0.8078926801681519,0.01778908632695675
4999,7,4999,spatial_specificity,23.0,0.8454435467720032,0.014029201120138168
4999,7,4999,spatial_specificity,23.021728515625,0.821663498878479,0.014501890167593956
4999,7,4999,spatial_specificity,23.086793899536133,0.8306411504745483,0.014637983404099941
4999,7,4999,spatial_specificity,23.194828033447266,0.8396965265274048,0.015047131106257439
4999,7,4999,spatial_specificity,23.25940704345703,0.8078311085700989,0.01961420476436615
4999,7,4999,spatial_specificity,23.323808670043945,0.8030910491943359,0.02120627835392952
4999,7,4999,spatial_specificity,23.345233917236328,0.8180071115493774,0.017630502581596375
4999,7,4999,spatial_specificity,23.409400939941406,0.816875159740448,0.01906931772828102
4999,7,4999,spatial_specificity,23.430747985839844,0.8006811141967773,0.02261260338127613
4999,7,4999,spatial_specificity,23.53720474243164,0.833249568939209,0.017718499526381493
4999,7,4999,spatial_specificity,23.600847244262695,0.802789032459259,0.02313471958041191
4999,7,4999,spatial_specificity,23.706539154052734,0.8091858625411987,0.022596346214413643
4999,7,4999,spatial_specificity,23.769729614257812,0.8232582211494446,0.020426707342267036
4999,7,4999,spatial_specificity,23.853721618652344,0.8065940737724304,0.024508647620677948
4999,7,4999,spatial_specificity,24.0,0.8540034294128418,0.018809370696544647
4999,7,4999,spatial_specificity,24.020824432373047,0.8527272939682007,0.01890229433774948
4999,7,4999,spatial_specificity,24.0416316986084,0.8210543394088745,0.022712964564561844
4999,7,4999,spatial_specificity,24.083189010620117,0.8293097615242004,0.020276663824915886
4999,7,4999,spatial_specificity,24.166091918945312,0.8172294497489929,0.025068603456020355
4999,7,4999,spatial_specificity,24.1867733001709,0.830058217048645,0.021426891908049583
4999,7,4999,spatial_specificity,24.207435607910156,0.8099692463874817,0.02774762362241745
4999,7,4999,spatial_specificity,24.3310489654541,0.8453424572944641,0.02011069841682911
4999,7,4999,spatial_specificity,24.351591110229492,0.8267582058906555,0.024077901616692543
4999,7,4999,spatial_specificity,24.413110733032227,0.8127025365829468,0.029172755777835846
4999,7,4999,spatial_specificity,24.515300750732422,0.8422886729240417,0.021058464422822
4999,7,4999,spatial_specificity,24.59674835205078,0.819426417350769,0.02882317826151848
4999,7,4999,spatial_specificity,24.698179244995117,0.8220019340515137,0.028774049133062363
4999,7,4999,spatial_specificity,24.73863410949707,0.8394379615783691,0.0223916694521904
4999,7,4999,spatial_specificity,24.75883674621582,0.8184054493904114,0.03338189423084259
4999,7,4999,spatial_specificity,24.83948516845703,0.819419264793396,0.0338834673166275
4999,7,4999,spatial_specificity,25.0,0.8358933329582214,0.025989443063735962
4999,7,4999,spatial_specificity,25.01999282836914,0.8612502217292786,0.02079317718744278
4999,7,4999,spatial_specificity,25.05992889404297,0.8234001994132996,0.03222709894180298
4999,7,4999,spatial_specificity,25.079872131347656,0.8438247442245483,0.023185716941952705
4999,7,4999,spatial_specificity,25.179357528686523,0.857589066028595,0.020942771807312965
4999,7,4999,spatial_specificity,25.238859176635742,0.8250347375869751,0.03578149154782295
4999,7,4999,spatial_specificity,25.298221588134766,0.837455153465271,0.026871327310800552
4999,7,4999,spatial_specificity,25.317977905273438,0.8548199534416199,0.021820969879627228
4999,7,4999,spatial_specificity,25.455842971801758,0.8291481137275696,0.039054665714502335
4999,7,4999,spatial_specificity,25.495098114013672,0.8374439477920532,0.030414443463087082
4999,7,4999,spatial_specificity,25.553865432739258,0.8299230337142944,0.03607068955898285
4999,7,4999,spatial_specificity,25.612497329711914,0.8317874670028687,0.03989853337407112
4999,7,4999,spatial_specificity,25.63201141357422,0.8384847640991211,0.029613615944981575
4999,7,4999,spatial_specificity,25.709918975830078,0.8507121801376343,0.02505408227443695
4999,7,4999,spatial_specificity,25.806976318359375,0.834752082824707,0.04017079249024391
4999,7,4999,spatial_specificity,25.942243576049805,0.8369563221931458,0.03658711165189743
4999,7,4999,spatial_specificity,25.961509704589844,0.8502799272537231,0.026952356100082397
4999,7,4999,spatial_specificity,26.0,0.8516550064086914,0.026998598128557205
4999,7,4999,spatial_specificity,26.019224166870117,0.8714764714241028,0.02142113447189331
4999,7,4999,spatial_specificity,26.076810836791992,0.8542496562004089,0.02870311588048935
4999,7,4999,spatial_specificity,26.172504425048828,0.8542464375495911,0.030932564288377762
4999,7,4999,spatial_specificity,26.248809814453125,0.8462350964546204,0.03549330681562424
4999,7,4999,spatial_specificity,26.305892944335938,0.8673493266105652,0.024078430607914925
4999,7,4999,spatial_specificity,26.400758743286133,0.8451858758926392,0.0399252250790596
4999,7,4999,spatial_specificity,26.419689178466797,0.844969630241394,0.04076981171965599
4999,7,4999,spatial_specificity,26.476404190063477,0.8658899068832397,0.024834411218762398
4999,7,4999,spatial_specificity,26.570661544799805,0.853143036365509,0.03212665021419525
4999,7,4999,spatial_specificity,26.62705421447754,0.8487914204597473,0.04431268572807312
4999,7,4999,spatial_specificity,26.68332862854004,0.8651784062385559,0.02589881233870983
4999,7,4999,spatial_specificity,26.832815170288086,0.8524296879768372,0.03959263861179352
4999,7,4999,spatial_specificity,26.870058059692383,0.8541935086250305,0.04784926772117615
4999,7,4999,spatial_specificity,26.90724754333496,0.8543946146965027,0.047453489154577255
4999,7,4999,spatial_specificity,26.925825119018555,0.8585876226425171,0.03454497084021568
4999,7,4999,spatial_specificity,27.0,0.8872109651565552,0.022737741470336914
4999,7,4999,spatial_specificity,27.018512725830078,0.870858371257782,0.033114947378635406
4999,7,4999,spatial_specificity,27.073972702026367,0.885067880153656,0.023639919236302376
4999,7,4999,spatial_specificity,27.166154861450195,0.8834943175315857,0.024372385814785957
4999,7,4999,spatial_specificity,27.202939987182617,0.8632621765136719,0.03839406743645668
4999,7,4999,spatial_specificity,27.294689178466797,0.8719480633735657,0.03272236883640289
4999,7,4999,spatial_specificity,27.312999725341797,0.8611350059509277,0.03628285974264145
4999,7,4999,spatial_specificity,27.459060668945312,0.8699804544448853,0.033458929508924484
4999,7,4999,spatial_specificity,27.51363182067871,0.8677793741226196,0.030455581843852997
4999,7,4999,spatial_specificity,27.58622932434082,0.8590486645698547,0.044735610485076904
4999,7,4999,spatial_specificity,27.658634185791016,0.8713101744651794,0.03498062863945961
4999,7,4999,spatial_specificity,27.730850219726562,0.8659706115722656,0.03903430700302124
4999,7,4999,spatial_specificity,27.784889221191406,0.8664672374725342,0.04261824116110802
4999,7,4999,spatial_specificity,27.80287742614746,0.8663243651390076,0.04521412402391434
4999,7,4999,spatial_specificity,27.856775283813477,0.872305691242218,0.03403697907924652
4999,7,4999,spatial_specificity,27.89265251159668,0.8814666271209717,0.02686970867216587
4999,7,4999,spatial_specificity,28.0,0.9060195088386536,0.02182842791080475
4999,7,4999,spatial_specificity,28.017852783203125,0.8863652944564819,0.03151565417647362
4999,7,4999,spatial_specificity,28.07133674621582,0.9033229947090149,0.02255064994096756
4999,7,4999,spatial_specificity,28.160255432128906,0.8926253318786621,0.02522037923336029
4999,7,4999,spatial_specificity,28.17800521850586,0.8739396929740906,0.0417945496737957
4999,7,4999,spatial_specificity,28.231189727783203,0.8781218528747559,0.03788080811500549
4999,7,4999,spatial_specificity,28.284271240234375,0.8905582427978516,0.029509959742426872
4999,7,4999,spatial_specificity,28.301944732666016,0.8746224641799927,0.04424814134836197
4999,7,4999,spatial_specificity,28.319604873657227,0.8709326386451721,0.04548432677984238
4999,7,4999,spatial_specificity,28.42534065246582,0.8741054534912109,0.04623696580529213
4999,7,4999,spatial_specificity,28.44292640686035,0.8991549015045166,0.02417478710412979
4999,7,4999,spatial_specificity,28.460498809814453,0.8845704197883606,0.030968710780143738
4999,7,4999,spatial_specificity,28.60070037841797,0.877647876739502,0.04507416486740112
4999,7,4999,spatial_specificity,28.635643005371094,0.8889753818511963,0.030908886343240738
4999,7,4999,spatial_specificity,28.65309715270996,0.8780552744865417,0.041669733822345734
4999,7,4999,spatial_specificity,28.792360305786133,0.887039303779602,0.032161299139261246
4999,7,4999,spatial_specificity,28.844409942626953,0.8804699182510376,0.044375330209732056
4999,7,4999,spatial_specificity,28.861740112304688,0.8971654176712036,0.026009337976574898
4999,7,4999,spatial_specificity,29.0,0.8939295411109924,0.037023600190877914
4999,7,4999,spatial_specificity,29.017236709594727,0.9193956255912781,0.019930241629481316
4999,7,4999,spatial_specificity,29.068883895874023,0.8935794234275818,0.0339435376226902
4999,7,4999,spatial_specificity,29.120439529418945,0.8970280885696411,0.027509408071637154
4999,7,4999,spatial_specificity,29.15475845336914,0.8972647190093994,0.03135250508785248
4999,7,4999,spatial_specificity,29.20616340637207,0.886956512928009,0.045076142996549606
4999,7,4999,spatial_specificity,29.27456283569336,0.9140064120292664,0.01878422684967518
4999,7,4999,spatial_specificity,29.4108829498291,0.8964383006095886,0.03558424115180969
4999,7,4999,spatial_specificity,29.42787742614746,0.9128122329711914,0.018636716529726982
4999,7,4999,spatial_specificity,29.529645919799805,0.8926126956939697,0.040089067071676254
4999,7,4999,spatial_specificity,29.546573638916016,0.8937302827835083,0.03454478085041046
4999,7,4999,spatial_specificity,29.614185333251953,0.9109553098678589,0.01903301663696766
4999,7,4999,spatial_specificity,29.681644439697266,0.8951127529144287,0.041228167712688446
4999,7,4999,spatial_specificity,29.698484420776367,0.8925570845603943,0.0464097298681736
4999,7,4999,spatial_specificity,29.73213768005371,0.8970057964324951,0.036727022379636765
4999,7,4999,spatial_specificity,29.832868576049805,0.9012303948402405,0.032769083976745605
4999,7,4999,spatial_specificity,29.96664810180664,0.8962517976760864,0.03615867719054222
4999,7,4999,spatial_specificity,30.0,0.9070568680763245,0.0375022292137146
4999,7,4999,spatial_specificity,30.01666259765625,0.9076208472251892,0.029426394030451775
4999,7,4999,spatial_specificity,30.066593170166016,0.9231154918670654,0.014271466992795467
4999,7,4999,spatial_specificity,30.08321762084961,0.9009217023849487,0.02588352933526039
4999,7,4999,spatial_specificity,30.149627685546875,0.9205343723297119,0.013644355349242687
4999,7,4999,spatial_specificity,30.232433319091797,0.8985021114349365,0.0412917286157608
4999,7,4999,spatial_specificity,30.265491485595703,0.9182614684104919,0.013754731975495815
4999,7,4999,spatial_specificity,30.36445426940918,0.9027354121208191,0.024791739881038666
4999,7,4999,spatial_specificity,30.4138126373291,0.9036954641342163,0.0347081795334816
4999,7,4999,spatial_specificity,30.463092803955078,0.9013043642044067,0.03292720392346382
4999,7,4999,spatial_specificity,30.479501724243164,0.9019002914428711,0.04292912781238556
4999,7,4999,spatial_specificity,30.528675079345703,0.8984599113464355,0.03927867114543915
4999,7,4999,spatial_specificity,30.594118118286133,0.9146934151649475,0.01434607245028019
4999,7,4999,spatial_specificity,30.610454559326172,0.9044336080551147,0.04136897251009941
4999,7,4999,spatial_specificity,30.675724029541016,0.902345597743988,0.02654644288122654
4999,7,4999,spatial_specificity,30.805843353271484,0.9060965180397034,0.031128862872719765
4999,7,4999,spatial_specificity,30.870698928833008,0.9003661274909973,0.031572312116622925
4999,7,4999,spatial_specificity,30.886890411376953,0.9016222953796387,0.03497471660375595
4999,7,4999,spatial_specificity,31.0,0.9342859983444214,0.008493553847074509
4999,7,4999,spatial_specificity,31.016124725341797,0.9139442443847656,0.019166171550750732
4999,7,4999,spatial_specificity,31.048349380493164,0.9110295176506042,0.018587345257401466
4999,7,4999,spatial_specificity,31.064449310302734,0.9133430123329163,0.03168449178338051
4999,7,4999,spatial_specificity,31.11269760131836,0.9032041430473328,0.040686361491680145
4999,7,4999,spatial_specificity,31.14482307434082,0.9111698269844055,0.034318920224905014
4999,7,4999,spatial_specificity,31.240999221801758,0.9066041707992554,0.0395309254527092
4999,7,4999,spatial_specificity,31.256999969482422,0.9248725771903992,0.012705725617706776
4999,7,4999,spatial_specificity,31.30495262145996,0.9045177698135376,0.032714128494262695
4999,7,4999,spatial_specificity,31.320920944213867,0.907059907913208,0.020658962428569794
4999,7,4999,spatial_specificity,31.384708404541016,0.9044487476348877,0.03116922825574875
4999,7,4999,spatial_specificity,31.400636672973633,0.910901665687561,0.03236841782927513
4999,7,4999,spatial_specificity,31.575305938720703,0.9165212512016296,0.014331582002341747
4999,7,4999,spatial_specificity,31.62277603149414,0.906915545463562,0.031381137669086456
4999,7,4999,spatial_specificity,31.764760971069336,0.9075039625167847,0.03251500427722931
4999,7,4999,spatial_specificity,31.780498504638672,0.9085251688957214,0.025844750925898552
4999,7,4999,spatial_specificity,31.827659606933594,0.9050003886222839,0.04191639646887779
4999,7,4999,spatial_specificity,31.890438079833984,0.9064936637878418,0.04109714925289154
4999,7,4999,spatial_specificity,31.906112670898438,0.909996747970581,0.03630508482456207
4999,7,4999,spatial_specificity,31.95309066772461,0.9065387845039368,0.02573363669216633
4999,7,4999,spatial_specificity,32.015621185302734,0.908474326133728,0.03450317308306694
4999,7,4999,spatial_specificity,32.202484130859375,0.9126074314117432,0.03316563740372658
4999,7,4999,spatial_specificity,32.24903106689453,0.9148027896881104,0.034201063215732574
4999,7,4999,spatial_specificity,32.280025482177734,0.9080314636230469,0.020756298676133156
4999,7,4999,spatial_specificity,32.31098937988281,0.9114740490913391,0.028621161356568336
4999,7,4999,spatial_specificity,32.4499626159668,0.9088538289070129,0.036284517496824265
4999,7,4999,spatial_specificity,32.526912689208984,0.8974593281745911,0.04168380796909332
4999,7,4999,spatial_specificity,32.557640075683594,0.89732825756073,0.040646910667419434
4999,7,4999,spatial_specificity,32.572994232177734,0.9081342816352844,0.021989118307828903
4999,7,4999,spatial_specificity,32.649654388427734,0.9104292988777161,0.03524038940668106
4999,7,4999,spatial_specificity,32.69556427001953,0.9049534797668457,0.03384740278124809
4999,7,4999,spatial_specificity,32.75667953491211,0.9039220809936523,0.03596436232328415
4999,7,4999,spatial_specificity,32.80244064331055,0.9053587317466736,0.03623700514435768
4999,7,4999,spatial_specificity,32.893768310546875,0.9029200077056885,0.02249745838344097
4999,7,4999,spatial_specificity,33.0151481628418,0.9025477170944214,0.03451710566878319
4999,7,4999,spatial_specificity,33.105892181396484,0.9002820253372192,0.03370235115289688
4999,7,4999,spatial_specificity,33.12099075317383,0.9010814428329468,0.034223344177007675
4999,7,4999,spatial_specificity,33.241539001464844,0.8981406688690186,0.03382732719182968
4999,7,4999,spatial_specificity,33.2866325378418,0.8951117396354675,0.03773952275514603
4999,7,4999,spatial_specificity,33.30165100097656,0.8973414301872253,0.03640415146946907
4999,7,4999,spatial_specificity,33.42155075073242,0.897763192653656,0.03516469523310661
4999,7,4999,spatial_specificity,33.541019439697266,0.8937857151031494,0.03394366055727005
4999,7,4999,spatial_specificity,33.60059356689453,0.8984803557395935,0.037973999977111816
4999,7,4999,spatial_specificity,33.615474700927734,0.8974159359931946,0.03136410191655159
4999,7,4999,spatial_specificity,33.83784866333008,0.9017765522003174,0.03655165061354637
4999,7,4999,spatial_specificity,33.941123962402344,0.9055583477020264,0.03367714211344719
4999,7,4999,spatial_specificity,33.97057342529297,0.9062115550041199,0.03408970683813095
4999,7,4999,spatial_specificity,34.0,0.8967382907867432,0.03367099538445473
4999,7,4999,spatial_specificity,34.01470184326172,0.9053196907043457,0.023808233439922333
4999,7,4999,spatial_specificity,34.058773040771484,0.9037315845489502,0.03822975605726242
4999,7,4999,spatial_specificity,34.13209533691406,0.9025235176086426,0.03381756320595741
4999,7,4999,spatial_specificity,34.20526123046875,0.9051458835601807,0.03615255281329155
4999,7,4999,spatial_specificity,34.4093017578125,0.8836317658424377,0.01309579610824585
4999,7,4999,spatial_specificity,34.438350677490234,0.9085217118263245,0.02362627163529396
4999,7,4999,spatial_specificity,34.48188018798828,0.8783795833587646,0.012851744890213013
4999,7,4999,spatial_specificity,34.65544891357422,0.8852762579917908,0.011406540870666504
4999,7,4999,spatial_specificity,34.66987228393555,0.8848971128463745,0.010602742433547974
4999,7,4999,spatial_specificity,34.71310806274414,0.8859400749206543,0.01073351502418518
4999,7,4999,spatial_specificity,34.828147888183594,0.8873782157897949,0.009968429803848267
4999,7,4999,spatial_specificity,34.885528564453125,0.8977398872375488,0.015849411487579346
4999,7,4999,spatial_specificity,34.98571014404297,0.8819098472595215,0.009367555379867554
4999,7,4999,spatial_specificity,35.0,0.8883631825447083,0.008672952651977539
4999,7,4999,spatial_specificity,35.22782897949219,0.8883790373802185,0.006475090980529785
4999,7,4999,spatial_specificity,35.35533905029297,0.8928781747817993,0.006548643112182617
4999,7,4999,spatial_specificity,35.38361358642578,0.8919007778167725,0.00522381067276001
4999,7,4999,spatial_specificity,35.46829605102539,0.8925704956054688,0.005241185426712036
4999,7,4999,spatial_specificity,35.510562896728516,0.8856759071350098,0.0050764381885528564
4999,7,4999,spatial_specificity,35.60898971557617,0.8921257853507996,0.0044037699699401855
4999,7,4999,spatial_specificity,35.80502700805664,0.8911997079849243,0.002814382314682007
4999,7,4999,spatial_specificity,35.84689712524414,0.9044359922409058,0.009869575500488281
4999,7,4999,spatial_specificity,36.055511474609375,0.8882297277450562,0.001965075731277466
4999,7,4999,spatial_specificity,36.06937789916992,0.8950803279876709,0.0003650784492492676
4999,7,4999,spatial_specificity,36.12478256225586,0.8959887623786926,0.00043088197708129883
4999,7,4999,spatial_specificity,36.2353401184082,0.8952051997184753,0.0003224015235900879
4999,7,4999,spatial_specificity,36.359317779541016,0.9091086387634277,0.006195336580276489
4999,7,4999,spatial_specificity,36.400550842285156,0.8928653001785278,0.0008477270603179932
4999,7,4999,spatial_specificity,36.619667053222656,0.8900570869445801,6.988645327510312e-05
4999,7,4999,spatial_specificity,36.769554138183594,0.8977276086807251,0.0023488104343414307
4999,7,4999,spatial_specificity,36.79673767089844,0.8975796699523926,0.0026261508464813232
4999,7,4999,spatial_specificity,36.878177642822266,0.8966401815414429,0.0027095377445220947
4999,7,4999,spatial_specificity,36.8917350769043,0.9122560024261475,0.006281226873397827
4999,7,4999,spatial_specificity,37.013511657714844,0.8941690325737,0.0033472776412963867
4999,7,4999,spatial_specificity,37.202152252197266,0.8917727470397949,0.0022999942302703857
4999,7,4999,spatial_specificity,37.44329071044922,0.914047122001648,0.005380839109420776
4999,7,4999,spatial_specificity,37.48332977294922,0.8981198072433472,0.0035053789615631104
4999,7,4999,spatial_specificity,37.53664779663086,0.8963336944580078,0.004068136215209961
4999,7,4999,spatial_specificity,37.643062591552734,0.8940416574478149,0.004811018705368042
4999,7,4999,spatial_specificity,37.80211639404297,0.8928866386413574,0.0031220614910125732
4999,7,4999,spatial_specificity,38.01315689086914,0.9125369787216187,0.002117663621902466
4999,7,4999,spatial_specificity,38.18376541137695,0.8972644209861755,0.0035074949264526367
4999,7,4999,spatial_specificity,38.20994567871094,0.8960987329483032,0.003924846649169922
4999,7,4999,spatial_specificity,38.28837966918945,0.89301598072052,0.005832254886627197
4999,7,4999,spatial_specificity,38.41874694824219,0.8920660018920898,0.0027247071266174316
4999,7,4999,spatial_specificity,38.60051727294922,0.9158597588539124,0.0028249025344848633
4999,7,4999,spatial_specificity,38.897300720214844,0.8955537676811218,0.0025678277015686035
4999,7,4999,spatial_specificity,38.94868469238281,0.8929423093795776,0.005235165357589722
4999,7,4999,spatial_specificity,39.051246643066406,0.893206000328064,0.0012615025043487549
4999,7,4999,spatial_specificity,39.20458984375,0.9185929298400879,0.00239640474319458
4999,7,4999,spatial_specificity,39.59798049926758,0.8944400548934937,0.0013986527919769287
4999,7,4999,spatial_specificity,39.623226165771484,0.8933068513870239,0.0036784112453460693
4999,7,4999,spatial_specificity,39.69886779785156,0.8950924277305603,0.0005461573600769043
4999,7,4999,spatial_specificity,39.824615478515625,0.9187299013137817,0.004981189966201782
4999,7,4999,spatial_specificity,40.31128692626953,0.8931940197944641,9.644031524658203e-05
4999,7,4999,spatial_specificity,40.360870361328125,0.897427499294281,0.005389750003814697
4999,7,4999,spatial_specificity,40.45985794067383,0.9246924519538879,0.0
4999,7,4999,spatial_specificity,41.01219177246094,0.896007776260376,0.0044693052768707275
4999,7,4999,spatial_specificity,41.03656768798828,0.8992621898651123,0.008760720491409302
4999,7,4999,spatial_specificity,41.1096076965332,0.9208605885505676,0.0
4999,7,4999,spatial_specificity,41.72529220581055,0.902604341506958,0.01209336519241333
4999,7,4999,spatial_specificity,41.773197174072266,0.9232162237167358,0.0
4999,7,4999,spatial_specificity,42.42640686035156,0.910028338432312,0.01175987720489502
4999,7,4999,spatial_specificity,42.44997024536133,0.9206448197364807,0.0
4999,7,4999,spatial_specificity,43.13930892944336,0.9316928386688232,0.0
5499,8,5499,cls_effective_rank,,14.889416694641113,1.0122312307357788
5499,8,5499,patch_effective_rank,,76.41798400878906,9.667007446289062
5499,8,5499,mean_off_diagonal_similarity,,0.7918039560317993,0.020696131512522697
5499,8,5499,spatial_specificity_correlation,,-0.3110528290271759,0.04663568362593651
5499,8,5499,spatial_specificity,1.0,0.9682807922363281,0.0038618985563516617
5499,8,5499,spatial_specificity,1.4142135381698608,0.9535621404647827,0.005042674485594034
5499,8,5499,spatial_specificity,2.0,0.936265766620636,0.007116008549928665
5499,8,5499,spatial_specificity,2.2360680103302,0.9282885789871216,0.007172402460128069
5499,8,5499,spatial_specificity,2.8284270763397217,0.9114086031913757,0.008169934153556824
5499,8,5499,spatial_specificity,3.0,0.9089720845222473,0.008875113911926746
5499,8,5499,spatial_specificity,3.1622776985168457,0.9040001630783081,0.00868785846978426
5499,8,5499,spatial_specificity,3.605551242828369,0.8928592801094055,0.009082424454391003
5499,8,5499,spatial_specificity,4.0,0.8859844207763672,0.01005631871521473
5499,8,5499,spatial_specificity,4.123105525970459,0.8825422525405884,0.009913783520460129
5499,8,5499,spatial_specificity,4.242640495300293,0.878548264503479,0.00998080987483263
5499,8,5499,spatial_specificity,4.4721360206604,0.8745667338371277,0.01027616485953331
5499,8,5499,spatial_specificity,5.0,0.8643386960029602,0.011144982650876045
5499,8,5499,spatial_specificity,5.099019527435303,0.8637831807136536,0.011415258049964905
5499,8,5499,spatial_specificity,5.385164737701416,0.8575472831726074,0.01188220176845789
5499,8,5499,spatial_specificity,5.656854152679443,0.8505231738090515,0.012537420727312565
5499,8,5499,spatial_specificity,5.830952167510986,0.8483110666275024,0.012958294712007046
5499,8,5499,spatial_specificity,6.0,0.8501283526420593,0.012704476714134216
5499,8,5499,spatial_specificity,6.082762241363525,0.8478268384933472,0.01295520644634962
5499,8,5499,spatial_specificity,6.324555397033691,0.842603862285614,0.013610195368528366
5499,8,5499,spatial_specificity,6.4031243324279785,0.8374831080436707,0.014174809679389
5499,8,5499,spatial_specificity,6.7082037925720215,0.8347511291503906,0.01483447290956974
5499,8,5499,spatial_specificity,7.0,0.8362451791763306,0.014369415119290352
5499,8,5499,spatial_specificity,7.071067810058594,0.8316591382026672,0.014852779917418957
5499,8,5499,spatial_specificity,7.211102485656738,0.8252714276313782,0.015928752720355988
5499,8,5499,spatial_specificity,7.280109882354736,0.8298430442810059,0.015450875274837017
5499,8,5499,spatial_specificity,7.6157732009887695,0.8229199647903442,0.01657138019800186
5499,8,5499,spatial_specificity,7.8102498054504395,0.8153213262557983,0.017051391303539276
5499,8,5499,spatial_specificity,8.0,0.8244519233703613,0.015991181135177612
5499,8,5499,spatial_specificity,8.062257766723633,0.8185744285583496,0.01690763421356678
5499,8,5499,spatial_specificity,8.246211051940918,0.8185245394706726,0.017127053812146187
5499,8,5499,spatial_specificity,8.485280990600586,0.8056238889694214,0.018465034663677216
5499,8,5499,spatial_specificity,8.5440034866333,0.8122639656066895,0.018157213926315308
5499,8,5499,spatial_specificity,8.602325439453125,0.8055145144462585,0.018670711666345596
5499,8,5499,spatial_specificity,8.9442720413208,0.8046944737434387,0.01908315345644951
5499,8,5499,spatial_specificity,9.0,0.8143989443778992,0.017047125846147537
5499,8,5499,spatial_specificity,9.05538558959961,0.812600314617157,0.017556678503751755
5499,8,5499,spatial_specificity,9.219544410705566,0.8026938438415527,0.01908877119421959
5499,8,5499,spatial_specificity,9.433980941772461,0.7965720891952515,0.020122328773140907
5499,8,5499,spatial_specificity,9.486832618713379,0.8029708862304688,0.019178561866283417
5499,8,5499,spatial_specificity,9.848857879638672,0.7961217761039734,0.020088838413357735
5499,8,5499,spatial_specificity,9.899495124816895,0.7883764505386353,0.02149924635887146
5499,8,5499,spatial_specificity,10.0,0.7944594621658325,0.019895482808351517
5499,8,5499,spatial_specificity,10.049875259399414,0.8040705919265747,0.018324974924325943
5499,8,5499,spatial_specificity,10.198039054870605,0.8002520799636841,0.019195465371012688
5499,8,5499,spatial_specificity,10.29563045501709,0.7887471318244934,0.021218473091721535
5499,8,5499,spatial_specificity,10.440306663513184,0.7950537800788879,0.019988764077425003
5499,8,5499,spatial_specificity,10.630146026611328,0.7809297442436218,0.022810589522123337
5499,8,5499,spatial_specificity,10.770329475402832,0.7887470126152039,0.020929954946041107
5499,8,5499,spatial_specificity,10.816654205322266,0.7814480066299438,0.02251909300684929
5499,8,5499,spatial_specificity,11.0,0.799079954624176,0.01819668896496296
5499,8,5499,spatial_specificity,11.045360565185547,0.7972909212112427,0.0188372191041708
5499,8,5499,spatial_specificity,11.180339813232422,0.7878586053848267,0.020809417590498924
5499,8,5499,spatial_specificity,11.313708305358887,0.7738854885101318,0.024119125679135323
5499,8,5499,spatial_specificity,11.401754379272461,0.7815979719161987,0.022138316184282303
5499,8,5499,spatial_specificity,11.661904335021973,0.7750979065895081,0.02351660095155239
5499,8,5499,spatial_specificity,11.704700469970703,0.7826434373855591,0.021577831357717514
5499,8,5499,spatial_specificity,12.0,0.7939068078994751,0.018625805154442787
5499,8,5499,spatial_specificity,12.041594505310059,0.7801289558410645,0.021868303418159485
5499,8,5499,spatial_specificity,12.083045959472656,0.7760441899299622,0.022910868749022484
5499,8,5499,spatial_specificity,12.16552448272705,0.7883943915367126,0.020153988152742386
5499,8,5499,spatial_specificity,12.206555366516113,0.7685188055038452,0.024896536022424698
5499,8,5499,spatial_specificity,12.369317054748535,0.7835339307785034,0.021071869879961014
5499,8,5499,spatial_specificity,12.529964447021484,0.7694528698921204,0.02435421571135521
5499,8,5499,spatial_specificity,12.649110794067383,0.7776669263839722,0.02209663949906826
5499,8,5499,spatial_specificity,12.727921485900879,0.7619219422340393,0.026346802711486816
5499,8,5499,spatial_specificity,12.806248664855957,0.7622831463813782,0.026232045143842697
5499,8,5499,spatial_specificity,13.0,0.7776958346366882,0.02164412848651409
5499,8,5499,spatial_specificity,13.038405418395996,0.7761088609695435,0.02234535850584507
5499,8,5499,spatial_specificity,13.152946472167969,0.7847651243209839,0.020557580515742302
5499,8,5499,spatial_specificity,13.34166431427002,0.7798142433166504,0.02159048430621624
5499,8,5499,spatial_specificity,13.416407585144043,0.7647804021835327,0.025003308430314064
5499,8,5499,spatial_specificity,13.45362377166748,0.7566250562667847,0.027258381247520447
5499,8,5499,spatial_specificity,13.601469993591309,0.7657259106636047,0.024788346141576767
5499,8,5499,spatial_specificity,13.892444610595703,0.7587985396385193,0.026404330506920815
5499,8,5499,spatial_specificity,13.928387641906738,0.7676147222518921,0.02422023005783558
5499,8,5499,spatial_specificity,14.0,0.7880951762199402,0.01953524351119995
5499,8,5499,spatial_specificity,14.03566837310791,0.7863146066665649,0.020288066938519478
5499,8,5499,spatial_specificity,14.142135620117188,0.7723354697227478,0.02325422130525112
5499,8,5499,spatial_specificity,14.21267032623291,0.751944899559021,0.0279835294932127
5499,8,5499,spatial_specificity,14.317821502685547,0.7694034576416016,0.023920757696032524
5499,8,5499,spatial_specificity,14.422204971313477,0.7530818581581116,0.02768704667687416
5499,8,5499,spatial_specificity,14.560219764709473,0.7714603543281555,0.023594699800014496
5499,8,5499,spatial_specificity,14.764822959899902,0.7553917765617371,0.0269356407225132
5499,8,5499,spatial_specificity,14.866068840026855,0.7562301158905029,0.0269150473177433
5499,8,5499,spatial_specificity,15.0,0.7610004544258118,0.025250261649489403
5499,8,5499,spatial_specificity,15.033296585083008,0.7845767140388489,0.021076083183288574
5499,8,5499,spatial_specificity,15.132745742797852,0.7808586359024048,0.022153139114379883
5499,8,5499,spatial_specificity,15.231546401977539,0.7591150403022766,0.026267949491739273
5499,8,5499,spatial_specificity,15.264337539672852,0.7497318387031555,0.028105352073907852
5499,8,5499,spatial_specificity,15.297059059143066,0.7757962942123413,0.023251179605722427
5499,8,5499,spatial_specificity,15.524174690246582,0.7700096964836121,0.02438928931951523
5499,8,5499,spatial_specificity,15.55634880065918,0.7425218820571899,0.029524344950914383
5499,8,5499,spatial_specificity,15.620499610900879,0.7430068850517273,0.029385894536972046
5499,8,5499,spatial_specificity,15.65247631072998,0.753158688545227,0.027567772194743156
5499,8,5499,spatial_specificity,15.81138801574707,0.7542221546173096,0.02725302428007126
5499,8,5499,spatial_specificity,16.0,0.7847700119018555,0.021216902881860733
5499,8,5499,spatial_specificity,16.031219482421875,0.7830824255943298,0.022037548944354057
5499,8,5499,spatial_specificity,16.124515533447266,0.7637244462966919,0.025383396074175835
5499,8,5499,spatial_specificity,16.155494689941406,0.7577050924301147,0.026983197778463364
5499,8,5499,spatial_specificity,16.278820037841797,0.7569324970245361,0.026730036363005638
5499,8,5499,spatial_specificity,16.401220321655273,0.7398287653923035,0.0297527052462101
5499,8,5499,spatial_specificity,16.492422103881836,0.7687885165214539,0.02509979158639908
5499,8,5499,spatial_specificity,16.552946090698242,0.7518355250358582,0.02819548174738884
5499,8,5499,spatial_specificity,16.6433162689209,0.7422605752944946,0.02942398190498352
5499,8,5499,spatial_specificity,16.76305389404297,0.7627671957015991,0.026285210624337196
5499,8,5499,spatial_specificity,16.970561981201172,0.7351236939430237,0.03087204322218895
5499,8,5499,spatial_specificity,17.0,0.7589677572250366,0.02587670460343361
5499,8,5499,spatial_specificity,17.029386520385742,0.7592062950134277,0.02571997605264187
5499,8,5499,spatial_specificity,17.0880069732666,0.7567402124404907,0.027583766728639603
5499,8,5499,spatial_specificity,17.11724281311035,0.7783738374710083,0.023125123232603073
5499,8,5499,spatial_specificity,17.20465087890625,0.7376223206520081,0.03025851771235466
5499,8,5499,spatial_specificity,17.262676239013672,0.7736586332321167,0.024174753576517105
5499,8,5499,spatial_specificity,17.464248657226562,0.7595531344413757,0.026874832808971405
5499,8,5499,spatial_specificity,17.492855072021484,0.7409638166427612,0.02982848323881626
5499,8,5499,spatial_specificity,17.69180679321289,0.7322531938552856,0.0314774364233017
5499,8,5499,spatial_specificity,17.72004508972168,0.7620817422866821,0.02658526413142681
5499,8,5499,spatial_specificity,17.804494857788086,0.7335718870162964,0.031117817386984825
5499,8,5499,spatial_specificity,17.8885440826416,0.7452774047851562,0.029459988698363304
5499,8,5499,spatial_specificity,18.0,0.7823193669319153,0.021413419395685196
5499,8,5499,spatial_specificity,18.027755737304688,0.7580364346504211,0.02598905935883522
5499,8,5499,spatial_specificity,18.11077117919922,0.7772815823554993,0.022830314934253693
5499,8,5499,spatial_specificity,18.248287200927734,0.7726653814315796,0.02390349470078945
5499,8,5499,spatial_specificity,18.357559204101562,0.7401720285415649,0.030034752562642097
5499,8,5499,spatial_specificity,18.384777069091797,0.7435627579689026,0.02961350791156292
5499,8,5499,spatial_specificity,18.439088821411133,0.7491425275802612,0.02805398590862751
5499,8,5499,spatial_specificity,18.601076126098633,0.7324820160865784,0.031273987144231796
5499,8,5499,spatial_specificity,18.681541442871094,0.7617563605308533,0.026153601706027985
5499,8,5499,spatial_specificity,18.788293838500977,0.7448717355728149,0.029143618419766426
5499,8,5499,spatial_specificity,18.867961883544922,0.7357187867164612,0.030718231573700905
5499,8,5499,spatial_specificity,18.973665237426758,0.7558900117874146,0.02727537974715233
5499,8,5499,spatial_specificity,19.0,0.7815724611282349,0.0202279444783926
5499,8,5499,spatial_specificity,19.02629852294922,0.7799561023712158,0.02083515375852585
5499,8,5499,spatial_specificity,19.10497283935547,0.7528034448623657,0.025934932753443718
5499,8,5499,spatial_specificity,19.209373474121094,0.7294720411300659,0.03207030147314072
5499,8,5499,spatial_specificity,19.235383987426758,0.7563712000846863,0.02572815492749214
5499,8,5499,spatial_specificity,19.313207626342773,0.7501147985458374,0.028133930638432503
5499,8,5499,spatial_specificity,19.416488647460938,0.7498210668563843,0.02725343406200409
5499,8,5499,spatial_specificity,19.646883010864258,0.761630654335022,0.02520572580397129
5499,8,5499,spatial_specificity,19.697715759277344,0.744888961315155,0.028750617057085037
5499,8,5499,spatial_specificity,19.72308349609375,0.7357627749443054,0.030436573550105095
5499,8,5499,spatial_specificity,19.79899024963379,0.7264202237129211,0.032751571387052536
5499,8,5499,spatial_specificity,19.84943389892578,0.7272607684135437,0.032552946358919144
5499,8,5499,spatial_specificity,19.92485809326172,0.756088376045227,0.026262786239385605
5499,8,5499,spatial_specificity,20.0,0.747337281703949,0.025888577103614807
5499,8,5499,spatial_specificity,20.02498435974121,0.7805940508842468,0.01937481202185154
5499,8,5499,spatial_specificity,20.099750518798828,0.7774103283882141,0.02007962018251419
5499,8,5499,spatial_specificity,20.124610900878906,0.7402804493904114,0.029355807229876518
5499,8,5499,spatial_specificity,20.2237491607666,0.7731422185897827,0.02131437510251999
5499,8,5499,spatial_specificity,20.248456954956055,0.7415696382522583,0.02913312241435051
5499,8,5499,spatial_specificity,20.39607810974121,0.7680295705795288,0.02268960326910019
5499,8,5499,spatial_specificity,20.51828384399414,0.7258601188659668,0.032934293150901794
5499,8,5499,spatial_specificity,20.59126091003418,0.7364891767501831,0.030153419822454453
5499,8,5499,spatial_specificity,20.615528106689453,0.7453099489212036,0.02788630500435829
5499,8,5499,spatial_specificity,20.808650970458984,0.7301038503646851,0.03210049122571945
5499,8,5499,spatial_specificity,20.880613327026367,0.7572069764137268,0.02534111589193344
5499,8,5499,spatial_specificity,21.0,0.7844241857528687,0.017844023182988167
5499,8,5499,spatial_specificity,21.02379608154297,0.762650728225708,0.021871455013751984
5499,8,5499,spatial_specificity,21.095022201538086,0.7571570873260498,0.0235550869256258
5499,8,5499,spatial_specificity,21.189619064331055,0.7523193359375,0.026668718084692955
5499,8,5499,spatial_specificity,21.21320343017578,0.7591899633407593,0.02323816530406475
5499,8,5499,spatial_specificity,21.260292053222656,0.7264386415481567,0.03315993770956993
5499,8,5499,spatial_specificity,21.3775577545166,0.7707298994064331,0.021745862439274788
5499,8,5499,spatial_specificity,21.40093421936035,0.728632926940918,0.0329158641397953
5499,8,5499,spatial_specificity,21.470911026000977,0.7379807829856873,0.0301806777715683
5499,8,5499,spatial_specificity,21.540658950805664,0.7480597496032715,0.02793733961880207
5499,8,5499,spatial_specificity,21.587032318115234,0.7655582427978516,0.02347531169652939
5499,8,5499,spatial_specificity,21.63330841064453,0.7316749691963196,0.03241759538650513
5499,8,5499,spatial_specificity,21.840330123901367,0.7608908414840698,0.025410709902644157
5499,8,5499,spatial_specificity,21.931711196899414,0.7356234788894653,0.03180355951189995
5499,8,5499,spatial_specificity,21.954498291015625,0.7358251810073853,0.0320255383849144
5499,8,5499,spatial_specificity,22.0,0.7893555760383606,0.01919497549533844
5499,8,5499,spatial_specificity,22.022714614868164,0.7584601640701294,0.023783978074789047
5499,8,5499,spatial_specificity,22.090721130371094,0.7848643660545349,0.020502040162682533
5499,8,5499,spatial_specificity,22.135944366455078,0.7567335367202759,0.02776661515235901
5499,8,5499,spatial_specificity,22.203603744506836,0.7561795711517334,0.026244983077049255
5499,8,5499,spatial_specificity,22.360679626464844,0.7595263719558716,0.027155021205544472
5499,8,5499,spatial_specificity,22.472204208374023,0.7442536950111389,0.03254057466983795
5499,8,5499,spatial_specificity,22.56102752685547,0.7726285457611084,0.02629697136580944
5499,8,5499,spatial_specificity,22.627416610717773,0.7292076349258423,0.03641019016504288
5499,8,5499,spatial_specificity,22.671567916870117,0.7301110625267029,0.03665398433804512
5499,8,5499,spatial_specificity,22.803508758544922,0.7503480911254883,0.032872218638658524
5499,8,5499,spatial_specificity,22.825424194335938,0.7413027882575989,0.03612405061721802
5499,8,5499,spatial_specificity,22.847320556640625,0.7508224248886108,0.03418229892849922
5499,8,5499,spatial_specificity,23.0,0.7978571057319641,0.026870140805840492
5499,8,5499,spatial_specificity,23.021728515625,0.7664548754692078,0.029490137472748756
5499,8,5499,spatial_specificity,23.086793899536133,0.7796941995620728,0.029891714453697205
5499,8,5499,spatial_specificity,23.194828033447266,0.7911927700042725,0.030256766825914383
5499,8,5499,spatial_specificity,23.25940704345703,0.749985933303833,0.03916316479444504
5499,8,5499,spatial_specificity,23.323808670043945,0.7421552538871765,0.04153643921017647
5499,8,5499,spatial_specificity,23.345233917236328,0.7611868381500244,0.03551582619547844
5499,8,5499,spatial_specificity,23.409400939941406,0.7625318765640259,0.038896385580301285
5499,8,5499,spatial_specificity,23.430747985839844,0.7364645004272461,0.043238282203674316
5499,8,5499,spatial_specificity,23.53720474243164,0.7839788198471069,0.03618272766470909
5499,8,5499,spatial_specificity,23.600847244262695,0.7395899891853333,0.04518173262476921
5499,8,5499,spatial_specificity,23.706539154052734,0.7507723569869995,0.04573146998882294
5499,8,5499,spatial_specificity,23.769729614257812,0.7710054516792297,0.04221964254975319
5499,8,5499,spatial_specificity,23.853721618652344,0.7451441884040833,0.048603206872940063
5499,8,5499,spatial_specificity,24.0,0.8107461929321289,0.0369085855782032
5499,8,5499,spatial_specificity,24.020824432373047,0.8093145489692688,0.0369955338537693
5499,8,5499,spatial_specificity,24.0416316986084,0.766188383102417,0.046822354197502136
5499,8,5499,spatial_specificity,24.083189010620117,0.77556312084198,0.04220662638545036
5499,8,5499,spatial_specificity,24.166091918945312,0.762005627155304,0.05107710137963295
5499,8,5499,spatial_specificity,24.1867733001709,0.7786991000175476,0.04418640583753586
5499,8,5499,spatial_specificity,24.207435607910156,0.7471858263015747,0.05459490790963173
5499,8,5499,spatial_specificity,24.3310489654541,0.8013488054275513,0.041460201144218445
5499,8,5499,spatial_specificity,24.351591110229492,0.7763022184371948,0.05003197491168976
5499,8,5499,spatial_specificity,24.413110733032227,0.7514906525611877,0.05720965936779976
5499,8,5499,spatial_specificity,24.515300750732422,0.7979552149772644,0.0444352850317955
5499,8,5499,spatial_specificity,24.59674835205078,0.7639169692993164,0.05708939582109451
5499,8,5499,spatial_specificity,24.698179244995117,0.7671308517456055,0.05740182846784592
5499,8,5499,spatial_specificity,24.73863410949707,0.7948166728019714,0.04779073968529701
5499,8,5499,spatial_specificity,24.75883674621582,0.7563484907150269,0.06451905518770218
5499,8,5499,spatial_specificity,24.83948516845703,0.7578619718551636,0.06528384983539581
5499,8,5499,spatial_specificity,25.0,0.7862955331802368,0.05338534340262413
5499,8,5499,spatial_specificity,25.01999282836914,0.8240966796875,0.04180586710572243
5499,8,5499,spatial_specificity,25.05992889404297,0.7680894136428833,0.06296145170927048
5499,8,5499,spatial_specificity,25.079872131347656,0.7996616363525391,0.04882485419511795
5499,8,5499,spatial_specificity,25.179357528686523,0.8202916979789734,0.043934416025877
5499,8,5499,spatial_specificity,25.238859176635742,0.7672622799873352,0.0679699033498764
5499,8,5499,spatial_specificity,25.298221588134766,0.7924948930740356,0.05591175705194473
5499,8,5499,spatial_specificity,25.317977905273438,0.8173462152481079,0.04628512263298035
5499,8,5499,spatial_specificity,25.455842971801758,0.7694915533065796,0.07381413877010345
5499,8,5499,spatial_specificity,25.495098114013672,0.7878961563110352,0.06095563620328903
5499,8,5499,spatial_specificity,25.553865432739258,0.7755731344223022,0.06898825615644455
5499,8,5499,spatial_specificity,25.612497329711914,0.7740064859390259,0.07499770075082779
5499,8,5499,spatial_specificity,25.63201141357422,0.7937310934066772,0.060344476252794266
5499,8,5499,spatial_specificity,25.709918975830078,0.8126646280288696,0.052048202604055405
5499,8,5499,spatial_specificity,25.806976318359375,0.7792601585388184,0.07527220249176025
5499,8,5499,spatial_specificity,25.942243576049805,0.7875379323959351,0.06979929655790329
5499,8,5499,spatial_specificity,25.961509704589844,0.8121546506881714,0.05526953563094139
5499,8,5499,spatial_specificity,26.0,0.8120821714401245,0.05518181249499321
5499,8,5499,spatial_specificity,26.019224166870117,0.8412777781486511,0.041014447808265686
5499,8,5499,spatial_specificity,26.076810836791992,0.8126446604728699,0.05673571303486824
5499,8,5499,spatial_specificity,26.172504425048828,0.810828685760498,0.060340024530887604
5499,8,5499,spatial_specificity,26.248809814453125,0.7999294996261597,0.06843780726194382
5499,8,5499,spatial_specificity,26.305892944335938,0.837348461151123,0.04699349403381348
5499,8,5499,spatial_specificity,26.400758743286133,0.797476589679718,0.07453591376543045
5499,8,5499,spatial_specificity,26.419689178466797,0.7976471781730652,0.07509253174066544
5499,8,5499,spatial_specificity,26.476404190063477,0.8361425399780273,0.049322016537189484
5499,8,5499,spatial_specificity,26.570661544799805,0.8161342740058899,0.06321252137422562
5499,8,5499,spatial_specificity,26.62705421447754,0.7998911142349243,0.07963614910840988
5499,8,5499,spatial_specificity,26.68332862854004,0.835477352142334,0.051885269582271576
5499,8,5499,spatial_specificity,26.832815170288086,0.8109179735183716,0.07299318164587021
5499,8,5499,spatial_specificity,26.870058059692383,0.8049129247665405,0.08476618677377701
5499,8,5499,spatial_specificity,26.90724754333496,0.8054428100585938,0.08403792977333069
5499,8,5499,spatial_specificity,26.925825119018555,0.8215039968490601,0.06573773920536041
5499,8,5499,spatial_specificity,27.0,0.8615891337394714,0.03789058327674866
5499,8,5499,spatial_specificity,27.018512725830078,0.8342610597610474,0.05914253741502762
5499,8,5499,spatial_specificity,27.073972702026367,0.8591691255569458,0.03949713334441185
5499,8,5499,spatial_specificity,27.166154861450195,0.857400119304657,0.04053483158349991
5499,8,5499,spatial_specificity,27.202939987182617,0.8248262405395508,0.06871450692415237
5499,8,5499,spatial_specificity,27.294689178466797,0.8398000001907349,0.0588245764374733
5499,8,5499,spatial_specificity,27.312999725341797,0.8267366290092468,0.06869640201330185
5499,8,5499,spatial_specificity,27.459060668945312,0.8341470956802368,0.05896573141217232
5499,8,5499,spatial_specificity,27.51363182067871,0.8359251618385315,0.058150894939899445
5499,8,5499,spatial_specificity,27.58622932434082,0.8120952248573303,0.07877475768327713
5499,8,5499,spatial_specificity,27.658634185791016,0.8349332809448242,0.06204938888549805
5499,8,5499,spatial_specificity,27.730850219726562,0.8306495547294617,0.07031846046447754
5499,8,5499,spatial_specificity,27.784889221191406,0.8279344439506531,0.07474979013204575
5499,8,5499,spatial_specificity,27.80287742614746,0.8247298002243042,0.07894144207239151
5499,8,5499,spatial_specificity,27.856775283813477,0.8414661884307861,0.0628344863653183
5499,8,5499,spatial_specificity,27.89265251159668,0.8561169505119324,0.05003517121076584
5499,8,5499,spatial_specificity,28.0,0.8882880210876465,0.03405660018324852
5499,8,5499,spatial_specificity,28.017852783203125,0.8570716381072998,0.05494847521185875
5499,8,5499,spatial_specificity,28.07133674621582,0.8847396373748779,0.03527287766337395
5499,8,5499,spatial_specificity,28.160255432128906,0.870347261428833,0.04440551996231079
5499,8,5499,spatial_specificity,28.17800521850586,0.8407369256019592,0.07323624193668365
5499,8,5499,spatial_specificity,28.231189727783203,0.848230242729187,0.06720773130655289
5499,8,5499,spatial_specificity,28.284271240234375,0.8628811240196228,0.051322221755981445
5499,8,5499,spatial_specificity,28.301944732666016,0.8390450477600098,0.0765465572476387
5499,8,5499,spatial_specificity,28.319604873657227,0.8313400745391846,0.08076910674571991
5499,8,5499,spatial_specificity,28.42534065246582,0.8357594609260559,0.08130602538585663
5499,8,5499,spatial_specificity,28.44292640686035,0.8758454918861389,0.03712240979075432
5499,8,5499,spatial_specificity,28.460498809814453,0.8570153713226318,0.055170826613903046
5499,8,5499,spatial_specificity,28.60070037841797,0.8423319458961487,0.08104351907968521
5499,8,5499,spatial_specificity,28.635643005371094,0.8614943027496338,0.05401983857154846
5499,8,5499,spatial_specificity,28.65309715270996,0.8434216976165771,0.07189900428056717
5499,8,5499,spatial_specificity,28.792360305786133,0.86008220911026,0.05793849751353264
5499,8,5499,spatial_specificity,28.844409942626953,0.8441685438156128,0.07845289260149002
5499,8,5499,spatial_specificity,28.861740112304688,0.8735387921333313,0.0445217527449131
5499,8,5499,spatial_specificity,29.0,0.8640594482421875,0.0648072212934494
5499,8,5499,spatial_specificity,29.017236709594727,0.9027916789054871,0.02805875800549984
5499,8,5499,spatial_specificity,29.068883895874023,0.865042507648468,0.06036686897277832
5499,8,5499,spatial_specificity,29.120439529418945,0.8732948303222656,0.04803454875946045
5499,8,5499,spatial_specificity,29.15475845336914,0.8714004158973694,0.055661071091890335
5499,8,5499,spatial_specificity,29.20616340637207,0.8537431955337524,0.08043497055768967
5499,8,5499,spatial_specificity,29.27456283569336,0.8962110877037048,0.029532669112086296
5499,8,5499,spatial_specificity,29.4108829498291,0.8701493144035339,0.06428317725658417
5499,8,5499,spatial_specificity,29.42787742614746,0.8948585391044617,0.031238587573170662
5499,8,5499,spatial_specificity,29.529645919799805,0.8623179793357849,0.07328812777996063
5499,8,5499,spatial_specificity,29.546573638916016,0.8665636777877808,0.06469656527042389
5499,8,5499,spatial_specificity,29.614185333251953,0.8926998972892761,0.03383111208677292
5499,8,5499,spatial_specificity,29.681644439697266,0.8648406267166138,0.07462272047996521
5499,8,5499,spatial_specificity,29.698484420776367,0.8616980314254761,0.08378244936466217
5499,8,5499,spatial_specificity,29.73213768005371,0.8695710301399231,0.06730113923549652
5499,8,5499,spatial_specificity,29.832868576049805,0.8762326240539551,0.06082407385110855
5499,8,5499,spatial_specificity,29.96664810180664,0.8655707240104675,0.06658174842596054
5499,8,5499,spatial_specificity,30.0,0.8805198073387146,0.06640134006738663
5499,8,5499,spatial_specificity,30.01666259765625,0.8812237977981567,0.05265003442764282
5499,8,5499,spatial_specificity,30.066593170166016,0.9055783152580261,0.022111307829618454
5499,8,5499,spatial_specificity,30.08321762084961,0.87448650598526,0.04827525466680527
5499,8,5499,spatial_specificity,30.149627685546875,0.9020359516143799,0.022635748609900475
5499,8,5499,spatial_specificity,30.232433319091797,0.8671689629554749,0.07583114504814148
5499,8,5499,spatial_specificity,30.265491485595703,0.8987128734588623,0.024300117045640945
5499,8,5499,spatial_specificity,30.36445426940918,0.8771749138832092,0.04557432979345322
5499,8,5499,spatial_specificity,30.4138126373291,0.8761381506919861,0.06371032446622849
5499,8,5499,spatial_specificity,30.463092803955078,0.8743239045143127,0.06093350797891617
5499,8,5499,spatial_specificity,30.479501724243164,0.8724648356437683,0.07767598330974579
5499,8,5499,spatial_specificity,30.528675079345703,0.8677434921264648,0.07378034293651581
5499,8,5499,spatial_specificity,30.594118118286133,0.8925376534461975,0.027633585035800934
5499,8,5499,spatial_specificity,30.610454559326172,0.8751288056373596,0.0751684159040451
5499,8,5499,spatial_specificity,30.675724029541016,0.8760085105895996,0.04853615537285805
5499,8,5499,spatial_specificity,30.805843353271484,0.8787329792976379,0.05904410034418106
5499,8,5499,spatial_specificity,30.870698928833008,0.8708341717720032,0.060540661215782166
5499,8,5499,spatial_specificity,30.886890411376953,0.8723912239074707,0.06734562665224075
5499,8,5499,spatial_specificity,31.0,0.9166654944419861,0.011084413155913353
5499,8,5499,spatial_specificity,31.016124725341797,0.8906173706054688,0.038530874997377396
5499,8,5499,spatial_specificity,31.048349380493164,0.886515200138092,0.034182701259851456
5499,8,5499,spatial_specificity,31.064449310302734,0.8878613114356995,0.05908503383398056
5499,8,5499,spatial_specificity,31.11269760131836,0.877581775188446,0.07787734270095825
5499,8,5499,spatial_specificity,31.14482307434082,0.8864129185676575,0.06383275240659714
5499,8,5499,spatial_specificity,31.240999221801758,0.8804792165756226,0.07516025751829147
5499,8,5499,spatial_specificity,31.256999969482422,0.9059489965438843,0.020806632936000824
5499,8,5499,spatial_specificity,31.30495262145996,0.8718541860580444,0.06398498266935349
5499,8,5499,spatial_specificity,31.320920944213867,0.8820485472679138,0.03895929083228111
5499,8,5499,spatial_specificity,31.384708404541016,0.8745467662811279,0.0593668632209301
5499,8,5499,spatial_specificity,31.400636672973633,0.8861033916473389,0.06238828971982002
5499,8,5499,spatial_specificity,31.575305938720703,0.8906703591346741,0.030497780069708824
5499,8,5499,spatial_specificity,31.62277603149414,0.8773859143257141,0.060928452759981155
5499,8,5499,spatial_specificity,31.764760971069336,0.8730731010437012,0.06306526809930801
5499,8,5499,spatial_specificity,31.780498504638672,0.8743818998336792,0.05156707391142845
5499,8,5499,spatial_specificity,31.827659606933594,0.8763382434844971,0.07808090001344681
5499,8,5499,spatial_specificity,31.890438079833984,0.8785310983657837,0.07680279016494751
5499,8,5499,spatial_specificity,31.906112670898438,0.8839057683944702,0.06927994638681412
5499,8,5499,spatial_specificity,31.95309066772461,0.8753786087036133,0.052248623222112656
5499,8,5499,spatial_specificity,32.015621185302734,0.8803694844245911,0.06596437096595764
5499,8,5499,spatial_specificity,32.202484130859375,0.8815924525260925,0.060594744980335236
5499,8,5499,spatial_specificity,32.24903106689453,0.8898465633392334,0.0648360550403595
5499,8,5499,spatial_specificity,32.280025482177734,0.8681384325027466,0.040280263870954514
5499,8,5499,spatial_specificity,32.31098937988281,0.8739315271377563,0.05057866498827934
5499,8,5499,spatial_specificity,32.4499626159668,0.8815614581108093,0.06910199671983719
5499,8,5499,spatial_specificity,32.526912689208984,0.8593419790267944,0.074883371591568
5499,8,5499,spatial_specificity,32.557640075683594,0.8594524264335632,0.07347891479730606
5499,8,5499,spatial_specificity,32.572994232177734,0.8655000925064087,0.042375728487968445
5499,8,5499,spatial_specificity,32.649654388427734,0.880661129951477,0.0647752434015274
5499,8,5499,spatial_specificity,32.69556427001953,0.8607662916183472,0.059072691947221756
5499,8,5499,spatial_specificity,32.75667953491211,0.8657160997390747,0.06504237651824951
5499,8,5499,spatial_specificity,32.80244064331055,0.8783789277076721,0.0698188990354538
5499,8,5499,spatial_specificity,32.893768310546875,0.8564260005950928,0.047066062688827515
5499,8,5499,spatial_specificity,33.0151481628418,0.8703792691230774,0.06399387866258621
5499,8,5499,spatial_specificity,33.105892181396484,0.861021876335144,0.06917887926101685
5499,8,5499,spatial_specificity,33.12099075317383,0.8641735315322876,0.06708155572414398
5499,8,5499,spatial_specificity,33.241539001464844,0.8536005616188049,0.055034197866916656
5499,8,5499,spatial_specificity,33.2866325378418,0.8459280133247375,0.06091470271348953
5499,8,5499,spatial_specificity,33.30165100097656,0.8581253290176392,0.06103503704071045
5499,8,5499,spatial_specificity,33.42155075073242,0.8584058880805969,0.058684058487415314
5499,8,5499,spatial_specificity,33.541019439697266,0.8388840556144714,0.0528157539665699
5499,8,5499,spatial_specificity,33.60059356689453,0.8530598282814026,0.05827987939119339
5499,8,5499,spatial_specificity,33.615474700927734,0.8462076187133789,0.04908449947834015
5499,8,5499,spatial_specificity,33.83784866333008,0.8574450612068176,0.05371103808283806
5499,8,5499,spatial_specificity,33.941123962402344,0.8670622110366821,0.047281984239816666
5499,8,5499,spatial_specificity,33.97057342529297,0.8686833381652832,0.049432069063186646
5499,8,5499,spatial_specificity,34.0,0.8430784344673157,0.047220129519701004
5499,8,5499,spatial_specificity,34.01470184326172,0.8506130576133728,0.03542620688676834
5499,8,5499,spatial_specificity,34.058773040771484,0.8676006197929382,0.060166969895362854
5499,8,5499,spatial_specificity,34.13209533691406,0.856494128704071,0.04683060571551323
5499,8,5499,spatial_specificity,34.20526123046875,0.8714261054992676,0.05867793411016464
5499,8,5499,spatial_specificity,34.4093017578125,0.8374664187431335,0.02183598279953003
5499,8,5499,spatial_specificity,34.438350677490234,0.8511694073677063,0.027205394580960274
5499,8,5499,spatial_specificity,34.48188018798828,0.823390007019043,0.024474412202835083
5499,8,5499,spatial_specificity,34.65544891357422,0.8441294431686401,0.01918894052505493
5499,8,5499,spatial_specificity,34.66987228393555,0.8386483192443848,0.017945080995559692
5499,8,5499,spatial_specificity,34.71310806274414,0.8459376096725464,0.017720401287078857
5499,8,5499,spatial_specificity,34.828147888183594,0.8476874828338623,0.015415161848068237
5499,8,5499,spatial_specificity,34.885528564453125,0.8499733209609985,0.023185938596725464
5499,8,5499,spatial_specificity,34.98571014404297,0.8329089283943176,0.016671597957611084
5499,8,5499,spatial_specificity,35.0,0.8494125008583069,0.011891782283782959
5499,8,5499,spatial_specificity,35.22782897949219,0.8489207029342651,0.008398085832595825
5499,8,5499,spatial_specificity,35.35533905029297,0.8575985431671143,0.008793443441390991
5499,8,5499,spatial_specificity,35.38361358642578,0.8599516153335571,0.00571015477180481
5499,8,5499,spatial_specificity,35.46829605102539,0.860933780670166,0.005148380994796753
5499,8,5499,spatial_specificity,35.510562896728516,0.8431183099746704,0.008189767599105835
5499,8,5499,spatial_specificity,35.60898971557617,0.85999596118927,0.0029426515102386475
5499,8,5499,spatial_specificity,35.80502700805664,0.8571227788925171,0.0007377862930297852
5499,8,5499,spatial_specificity,35.84689712524414,0.867061972618103,0.011973649263381958
5499,8,5499,spatial_specificity,36.055511474609375,0.8513892889022827,0.0011688172817230225
5499,8,5499,spatial_specificity,36.06937789916992,0.8707021474838257,0.00532194972038269
5499,8,5499,spatial_specificity,36.12478256225586,0.8708416223526001,0.0047317445278167725
5499,8,5499,spatial_specificity,36.2353401184082,0.8693330883979797,0.005287051200866699
5499,8,5499,spatial_specificity,36.359317779541016,0.8760647773742676,0.005029469728469849
5499,8,5499,spatial_specificity,36.400550842285156,0.8638484477996826,0.0059919655323028564
5499,8,5499,spatial_specificity,36.619667053222656,0.8575130701065063,0.003558546304702759
5499,8,5499,spatial_specificity,36.769554138183594,0.8794728517532349,0.012321263551712036
5499,8,5499,spatial_specificity,36.79673767089844,0.877861499786377,0.011511087417602539
5499,8,5499,spatial_specificity,36.878177642822266,0.8751116394996643,0.011377274990081787
5499,8,5499,spatial_specificity,36.8917350769043,0.8848885297775269,0.002333015203475952
5499,8,5499,spatial_specificity,37.013511657714844,0.8694726228713989,0.010745197534561157
5499,8,5499,spatial_specificity,37.202152252197266,0.8631885647773743,0.007423222064971924
5499,8,5499,spatial_specificity,37.44329071044922,0.8895121812820435,0.0005287230014801025
5499,8,5499,spatial_specificity,37.48332977294922,0.8824433088302612,0.015069067478179932
5499,8,5499,spatial_specificity,37.53664779663086,0.8786470890045166,0.014674901962280273
5499,8,5499,spatial_specificity,37.643062591552734,0.8725534677505493,0.014237314462661743
5499,8,5499,spatial_specificity,37.80211639404297,0.8671635389328003,0.008893430233001709
5499,8,5499,spatial_specificity,38.01315689086914,0.8908319473266602,0.0039865076541900635
5499,8,5499,spatial_specificity,38.18376541137695,0.8831018209457397,0.015363693237304688
5499,8,5499,spatial_specificity,38.20994567871094,0.8806676864624023,0.015645533800125122
5499,8,5499,spatial_specificity,38.28837966918945,0.8746644854545593,0.015922725200653076
5499,8,5499,spatial_specificity,38.41874694824219,0.8687386512756348,0.00902286171913147
5499,8,5499,spatial_specificity,38.60051727294922,0.8969208598136902,0.0017708539962768555
5499,8,5499,spatial_specificity,38.897300720214844,0.8813670873641968,0.014365404844284058
5499,8,5499,spatial_specificity,38.94868469238281,0.8765091896057129,0.01626110076904297
5499,8,5499,spatial_specificity,39.051246643066406,0.8723742365837097,0.007243156433105469
5499,8,5499,spatial_specificity,39.20458984375,0.8984395861625671,0.005743682384490967
5499,8,5499,spatial_specificity,39.59798049926758,0.8798260688781738,0.013054430484771729
5499,8,5499,spatial_specificity,39.623226165771484,0.8780425786972046,0.01447036862373352
5499,8,5499,spatial_specificity,39.69886779785156,0.8763492107391357,0.006439417600631714
5499,8,5499,spatial_specificity,39.824615478515625,0.890475869178772,0.018446534872055054
5499,8,5499,spatial_specificity,40.31128692626953,0.8780621290206909,0.011230915784835815
5499,8,5499,spatial_specificity,40.360870361328125,0.880415678024292,0.0011289119720458984
5499,8,5499,spatial_specificity,40.45985794067383,0.9088762998580933,0.0
5499,8,5499,spatial_specificity,41.01219177246094,0.8806571960449219,0.005349934101104736
5499,8,5499,spatial_specificity,41.03656768798828,0.8824284076690674,0.002705007791519165
5499,8,5499,spatial_specificity,41.1096076965332,0.911906361579895,0.0
5499,8,5499,spatial_specificity,41.72529220581055,0.8865647315979004,0.006711035966873169
5499,8,5499,spatial_specificity,41.773197174072266,0.9114465713500977,0.0
5499,8,5499,spatial_specificity,42.42640686035156,0.8925209045410156,0.004052251577377319
5499,8,5499,spatial_specificity,42.44997024536133,0.9106600880622864,0.0
5499,8,5499,spatial_specificity,43.13930892944336,0.9133973121643066,0.0
5999,9,5999,cls_effective_rank,,15.168532371520996,1.0345183610916138
5999,9,5999,patch_effective_rank,,79.71488952636719,10.188311576843262
5999,9,5999,mean_off_diagonal_similarity,,0.7451139092445374,0.020703092217445374
5999,9,5999,spatial_specificity_correlation,,-0.28350090980529785,0.049415457993745804
5999,9,5999,spatial_specificity,1.0,0.9614639282226562,0.005439236760139465
5999,9,5999,spatial_specificity,1.4142135381698608,0.9431745409965515,0.007133173290640116
5999,9,5999,spatial_specificity,2.0,0.9208425283432007,0.00971031654626131
5999,9,5999,spatial_specificity,2.2360680103302,0.9109644889831543,0.010009562596678734
5999,9,5999,spatial_specificity,2.8284270763397217,0.8896633982658386,0.011500128544867039
5999,9,5999,spatial_specificity,3.0,0.8856008648872375,0.01217720564454794
5999,9,5999,spatial_specificity,3.1622776985168457,0.8797819018363953,0.01190386526286602
5999,9,5999,spatial_specificity,3.605551242828369,0.8664346933364868,0.01233498752117157
5999,9,5999,spatial_specificity,4.0,0.8564135432243347,0.013785643503069878
5999,9,5999,spatial_specificity,4.123105525970459,0.8527668714523315,0.01342886034399271
5999,9,5999,spatial_specificity,4.242640495300293,0.8492377996444702,0.013071673922240734
5999,9,5999,spatial_specificity,4.4721360206604,0.8439046740531921,0.013603957369923592
5999,9,5999,spatial_specificity,5.0,0.8315370678901672,0.014416134916245937
5999,9,5999,spatial_specificity,5.099019527435303,0.8298460841178894,0.014990289695560932
5999,9,5999,spatial_specificity,5.385164737701416,0.8233620524406433,0.015201536007225513
5999,9,5999,spatial_specificity,5.656854152679443,0.816275417804718,0.015519354492425919
5999,9,5999,spatial_specificity,5.830952167510986,0.8132932782173157,0.0161014124751091
5999,9,5999,spatial_specificity,6.0,0.813204288482666,0.01643841713666916
5999,9,5999,spatial_specificity,6.082762241363525,0.8108185529708862,0.016445953398942947
5999,9,5999,spatial_specificity,6.324555397033691,0.8055993914604187,0.01688447780907154
5999,9,5999,spatial_specificity,6.4031243324279785,0.801169753074646,0.017290638759732246
5999,9,5999,spatial_specificity,6.7082037925720215,0.7973013520240784,0.01802927814424038
5999,9,5999,spatial_specificity,7.0,0.7969611883163452,0.01792357861995697
5999,9,5999,spatial_specificity,7.071067810058594,0.7928096652030945,0.018083523958921432
5999,9,5999,spatial_specificity,7.211102485656738,0.7870221138000488,0.019167331978678703
5999,9,5999,spatial_specificity,7.280109882354736,0.7904933094978333,0.01862180046737194
5999,9,5999,spatial_specificity,7.6157732009887695,0.7833042144775391,0.019707776606082916
5999,9,5999,spatial_specificity,7.8102498054504395,0.7760075330734253,0.020442930981516838
5999,9,5999,spatial_specificity,8.0,0.7833316922187805,0.019267583265900612
5999,9,5999,spatial_specificity,8.062257766723633,0.7778725028038025,0.020044907927513123
5999,9,5999,spatial_specificity,8.246211051940918,0.7771511673927307,0.02014455944299698
5999,9,5999,spatial_specificity,8.485280990600586,0.7651488184928894,0.022081492468714714
5999,9,5999,spatial_specificity,8.5440034866333,0.7706550359725952,0.021241573616862297
5999,9,5999,spatial_specificity,8.602325439453125,0.7646862268447876,0.02213646098971367
5999,9,5999,spatial_specificity,8.9442720413208,0.7628248929977417,0.022363074123859406
5999,9,5999,spatial_specificity,9.0,0.7716906070709229,0.020177727565169334
5999,9,5999,spatial_specificity,9.05538558959961,0.7697172164916992,0.020586920902132988
5999,9,5999,spatial_specificity,9.219544410705566,0.760325014591217,0.02233685366809368
5999,9,5999,spatial_specificity,9.433980941772461,0.7542414665222168,0.023573607206344604
5999,9,5999,spatial_specificity,9.486832618713379,0.7597112655639648,0.022187313064932823
5999,9,5999,spatial_specificity,9.848857879638672,0.7526475787162781,0.023309625685214996
5999,9,5999,spatial_specificity,9.899495124816895,0.7458313703536987,0.025210971012711525
5999,9,5999,spatial_specificity,10.0,0.7512067556381226,0.023176832124590874
5999,9,5999,spatial_specificity,10.049875259399414,0.7598753571510315,0.021259665489196777
5999,9,5999,spatial_specificity,10.198039054870605,0.7557958960533142,0.022151559591293335
5999,9,5999,spatial_specificity,10.29563045501709,0.7450056076049805,0.024671051651239395
5999,9,5999,spatial_specificity,10.440306663513184,0.7503620386123657,0.02300986461341381
5999,9,5999,spatial_specificity,10.630146026611328,0.7374609708786011,0.026501137763261795
5999,9,5999,spatial_specificity,10.770329475402832,0.7438705563545227,0.02411823160946369
5999,9,5999,spatial_specificity,10.816654205322266,0.7373648881912231,0.02616209350526333
5999,9,5999,spatial_specificity,11.0,0.7538207769393921,0.021070316433906555
5999,9,5999,spatial_specificity,11.045360565185547,0.7518653869628906,0.02167207933962345
5999,9,5999,spatial_specificity,11.180339813232422,0.7424943447113037,0.02398141287267208
5999,9,5999,spatial_specificity,11.313708305358887,0.7296660542488098,0.027836058288812637
5999,9,5999,spatial_specificity,11.401754379272461,0.7364158630371094,0.025568706914782524
5999,9,5999,spatial_specificity,11.661904335021973,0.7298214435577393,0.027222314849495888
5999,9,5999,spatial_specificity,11.704700469970703,0.7365368604660034,0.024900712072849274
5999,9,5999,spatial_specificity,12.0,0.7475698590278625,0.02167033776640892
5999,9,5999,spatial_specificity,12.041594505310059,0.7343624830245972,0.02523818612098694
5999,9,5999,spatial_specificity,12.083045959472656,0.7297507524490356,0.026405779644846916
5999,9,5999,spatial_specificity,12.16552448272705,0.741665244102478,0.023314373567700386
5999,9,5999,spatial_specificity,12.206555366516113,0.7229475378990173,0.028885748237371445
5999,9,5999,spatial_specificity,12.369317054748535,0.7365731000900269,0.02435767464339733
5999,9,5999,spatial_specificity,12.529964447021484,0.7229888439178467,0.028166556730866432
5999,9,5999,spatial_specificity,12.649110794067383,0.7304726839065552,0.025562670081853867
5999,9,5999,spatial_specificity,12.727921485900879,0.7161758542060852,0.03054441697895527
5999,9,5999,spatial_specificity,12.806248664855957,0.7162395715713501,0.030493276193737984
5999,9,5999,spatial_specificity,13.0,0.7303034663200378,0.02512761391699314
5999,9,5999,spatial_specificity,13.038405418395996,0.7289928793907166,0.02598801627755165
5999,9,5999,spatial_specificity,13.152946472167969,0.7369553446769714,0.023927751928567886
5999,9,5999,spatial_specificity,13.34166431427002,0.7317667007446289,0.025133036077022552
5999,9,5999,spatial_specificity,13.416407585144043,0.7171159982681274,0.029027609154582024
5999,9,5999,spatial_specificity,13.45362377166748,0.7099190950393677,0.03193279355764389
5999,9,5999,spatial_specificity,13.601469993591309,0.7179700136184692,0.02898009680211544
5999,9,5999,spatial_specificity,13.892444610595703,0.7108162045478821,0.03078855574131012
5999,9,5999,spatial_specificity,13.928387641906738,0.7189673185348511,0.02819277159869671
5999,9,5999,spatial_specificity,14.0,0.7395185232162476,0.023338157683610916
5999,9,5999,spatial_specificity,14.03566837310791,0.737563967704773,0.023886729031801224
5999,9,5999,spatial_specificity,14.142135620117188,0.7237599492073059,0.027366070076823235
5999,9,5999,spatial_specificity,14.21267032623291,0.7040956616401672,0.033073972910642624
5999,9,5999,spatial_specificity,14.317821502685547,0.7202399969100952,0.027915669605135918
5999,9,5999,spatial_specificity,14.422204971313477,0.7045367956161499,0.03254026174545288
5999,9,5999,spatial_specificity,14.560219764709473,0.7217788696289062,0.027675461024045944
5999,9,5999,spatial_specificity,14.764822959899902,0.7059614658355713,0.03142593055963516
5999,9,5999,spatial_specificity,14.866068840026855,0.7067891955375671,0.03180859982967377
5999,9,5999,spatial_specificity,15.0,0.711450457572937,0.03006693348288536
5999,9,5999,spatial_specificity,15.033296585083008,0.7342693209648132,0.025065816938877106
5999,9,5999,spatial_specificity,15.132745742797852,0.7302829623222351,0.02609468251466751
5999,9,5999,spatial_specificity,15.231546401977539,0.7086858749389648,0.030613716691732407
5999,9,5999,spatial_specificity,15.264337539672852,0.6996890306472778,0.03300049901008606
5999,9,5999,spatial_specificity,15.297059059143066,0.7249137163162231,0.02728521078824997
5999,9,5999,spatial_specificity,15.524174690246582,0.7187623381614685,0.028580263257026672
5999,9,5999,spatial_specificity,15.55634880065918,0.6924179196357727,0.03545404225587845
5999,9,5999,spatial_specificity,15.620499610900879,0.6927105188369751,0.03508562594652176
5999,9,5999,spatial_specificity,15.65247631072998,0.7021332383155823,0.032189153134822845
5999,9,5999,spatial_specificity,15.81138801574707,0.7029441595077515,0.03201151266694069
5999,9,5999,spatial_specificity,16.0,0.7327486872673035,0.0260939858853817
5999,9,5999,spatial_specificity,16.031219482421875,0.7309366464614868,0.026654105633497238
5999,9,5999,spatial_specificity,16.124515533447266,0.7116373181343079,0.029877878725528717
5999,9,5999,spatial_specificity,16.155494689941406,0.705497145652771,0.031470656394958496
5999,9,5999,spatial_specificity,16.278820037841797,0.704749345779419,0.0317365936934948
5999,9,5999,spatial_specificity,16.401220321655273,0.687791645526886,0.035310521721839905
5999,9,5999,spatial_specificity,16.492422103881836,0.7156113982200623,0.029262661933898926
5999,9,5999,spatial_specificity,16.552946090698242,0.6990035772323608,0.032931137830019
5999,9,5999,spatial_specificity,16.6433162689209,0.6894940137863159,0.0345412939786911
5999,9,5999,spatial_specificity,16.76305389404297,0.7091578245162964,0.030398724600672722
5999,9,5999,spatial_specificity,16.970561981201172,0.681821346282959,0.03678235784173012
5999,9,5999,spatial_specificity,17.0,0.7051771879196167,0.030579818412661552
5999,9,5999,spatial_specificity,17.029386520385742,0.705379843711853,0.030782274901866913
5999,9,5999,spatial_specificity,17.0880069732666,0.7025663256645203,0.03194984421133995
5999,9,5999,spatial_specificity,17.11724281311035,0.72398442029953,0.02752598188817501
5999,9,5999,spatial_specificity,17.20465087890625,0.6835373640060425,0.035592611879110336
5999,9,5999,spatial_specificity,17.262676239013672,0.7189183235168457,0.028227321803569794
5999,9,5999,spatial_specificity,17.464248657226562,0.7045590281486511,0.03102419711649418
5999,9,5999,spatial_specificity,17.492855072021484,0.6861661672592163,0.03468303382396698
5999,9,5999,spatial_specificity,17.69180679321289,0.6769531965255737,0.03701436147093773
5999,9,5999,spatial_specificity,17.72004508972168,0.7064088582992554,0.030347121879458427
5999,9,5999,spatial_specificity,17.804494857788086,0.6778902411460876,0.036555562168359756
5999,9,5999,spatial_specificity,17.8885440826416,0.6894790530204773,0.033988602459430695
5999,9,5999,spatial_specificity,18.0,0.7262226343154907,0.02627023681998253
5999,9,5999,spatial_specificity,18.027755737304688,0.701878547668457,0.03009713999927044
5999,9,5999,spatial_specificity,18.11077117919922,0.720794677734375,0.026744859293103218
5999,9,5999,spatial_specificity,18.248287200927734,0.7158491015434265,0.027461625635623932
5999,9,5999,spatial_specificity,18.357559204101562,0.6831724643707275,0.03442999720573425
5999,9,5999,spatial_specificity,18.384777069091797,0.6864908933639526,0.03382258117198944
5999,9,5999,spatial_specificity,18.439088821411133,0.6918095946311951,0.032163169234991074
5999,9,5999,spatial_specificity,18.601076126098633,0.674612820148468,0.03610454872250557
5999,9,5999,spatial_specificity,18.681541442871094,0.7040919661521912,0.02919875830411911
5999,9,5999,spatial_specificity,18.788293838500977,0.6869571208953857,0.03292899206280708
5999,9,5999,spatial_specificity,18.867961883544922,0.6772794723510742,0.03500538319349289
5999,9,5999,spatial_specificity,18.973665237426758,0.6976601481437683,0.030279718339443207
5999,9,5999,spatial_specificity,19.0,0.7235398888587952,0.024287451058626175
5999,9,5999,spatial_specificity,19.02629852294922,0.7217336893081665,0.024452801793813705
5999,9,5999,spatial_specificity,19.10497283935547,0.6938577890396118,0.02931358851492405
5999,9,5999,spatial_specificity,19.209373474121094,0.6697735786437988,0.0364740714430809
5999,9,5999,spatial_specificity,19.235383987426758,0.697485089302063,0.028630150482058525
5999,9,5999,spatial_specificity,19.313207626342773,0.691161572933197,0.03108091838657856
5999,9,5999,spatial_specificity,19.416488647460938,0.690302848815918,0.030291177332401276
5999,9,5999,spatial_specificity,19.646883010864258,0.7021975517272949,0.027158470824360847
5999,9,5999,spatial_specificity,19.697715759277344,0.6850557327270508,0.03145895525813103
5999,9,5999,spatial_specificity,19.72308349609375,0.6752740144729614,0.033765241503715515
5999,9,5999,spatial_specificity,19.79899024963379,0.6645938158035278,0.036568719893693924
5999,9,5999,spatial_specificity,19.84943389892578,0.6654535531997681,0.03632105886936188
5999,9,5999,spatial_specificity,19.92485809326172,0.6961904168128967,0.028102172538638115
5999,9,5999,spatial_specificity,20.0,0.6863619089126587,0.028615521267056465
5999,9,5999,spatial_specificity,20.02498435974121,0.7209363579750061,0.022006215527653694
5999,9,5999,spatial_specificity,20.099750518798828,0.7175188660621643,0.021964192390441895
5999,9,5999,spatial_specificity,20.124610900878906,0.6792950630187988,0.031669121235609055
5999,9,5999,spatial_specificity,20.2237491607666,0.7130213975906372,0.022448036819696426
5999,9,5999,spatial_specificity,20.248456954956055,0.680306077003479,0.03148975968360901
5999,9,5999,spatial_specificity,20.39607810974121,0.7076209187507629,0.02333921752870083
5999,9,5999,spatial_specificity,20.51828384399414,0.6620818376541138,0.03602562099695206
5999,9,5999,spatial_specificity,20.59126091003418,0.6742413640022278,0.03223453834652901
5999,9,5999,spatial_specificity,20.615528106689453,0.6833565831184387,0.029307803139090538
5999,9,5999,spatial_specificity,20.808650970458984,0.6667073965072632,0.03468602895736694
5999,9,5999,spatial_specificity,20.880613327026367,0.6960474252700806,0.025682464241981506
5999,9,5999,spatial_specificity,21.0,0.7240903377532959,0.02078685723245144
5999,9,5999,spatial_specificity,21.02379608154297,0.7012571096420288,0.022206395864486694
5999,9,5999,spatial_specificity,21.095022201538086,0.695203959941864,0.024016113951802254
5999,9,5999,spatial_specificity,21.189619064331055,0.6905737519264221,0.026818789541721344
5999,9,5999,spatial_specificity,21.21320343017578,0.6968331933021545,0.023268133401870728
5999,9,5999,spatial_specificity,21.260292053222656,0.6611727476119995,0.03538987413048744
5999,9,5999,spatial_specificity,21.3775577545166,0.7096729278564453,0.021115129813551903
5999,9,5999,spatial_specificity,21.40093421936035,0.6636730432510376,0.03504927083849907
5999,9,5999,spatial_specificity,21.470911026000977,0.6743884086608887,0.031229153275489807
5999,9,5999,spatial_specificity,21.540658950805664,0.6856299638748169,0.028040874749422073
5999,9,5999,spatial_specificity,21.587032318115234,0.704224705696106,0.022815391421318054
5999,9,5999,spatial_specificity,21.63330841064453,0.6669902801513672,0.03428297117352486
5999,9,5999,spatial_specificity,21.840330123901367,0.6993146538734436,0.024959715083241463
5999,9,5999,spatial_specificity,21.931711196899414,0.6709240674972534,0.033201515674591064
5999,9,5999,spatial_specificity,21.954498291015625,0.6713598966598511,0.033520571887493134
5999,9,5999,spatial_specificity,22.0,0.7292968034744263,0.023540038615465164
5999,9,5999,spatial_specificity,22.022714614868164,0.6954532861709595,0.025069883093237877
5999,9,5999,spatial_specificity,22.090721130371094,0.7245553135871887,0.023216264322400093
5999,9,5999,spatial_specificity,22.135944366455078,0.6947950720787048,0.0278135035187006
5999,9,5999,spatial_specificity,22.203603744506836,0.6932758092880249,0.027378899976611137
5999,9,5999,spatial_specificity,22.360679626464844,0.6974971890449524,0.028162885457277298
5999,9,5999,spatial_specificity,22.472204208374023,0.6806608438491821,0.03463566303253174
5999,9,5999,spatial_specificity,22.56102752685547,0.712302029132843,0.027753854170441628
5999,9,5999,spatial_specificity,22.627416610717773,0.6631946563720703,0.04057983309030533
5999,9,5999,spatial_specificity,22.671567916870117,0.6642228364944458,0.04083322361111641
5999,9,5999,spatial_specificity,22.803508758544922,0.6873018145561218,0.03620763495564461
5999,9,5999,spatial_specificity,22.825424194335938,0.6773691177368164,0.04008375480771065
5999,9,5999,spatial_specificity,22.847320556640625,0.6884667277336121,0.03766245394945145
5999,9,5999,spatial_specificity,23.0,0.7398545145988464,0.03582150861620903
5999,9,5999,spatial_specificity,23.021728515625,0.7051408886909485,0.03525082394480705
5999,9,5999,spatial_specificity,23.086793899536133,0.7206246256828308,0.03528682515025139
5999,9,5999,spatial_specificity,23.194828033447266,0.7336430549621582,0.03758496791124344
5999,9,5999,spatial_specificity,23.25940704345703,0.6879304051399231,0.04542290419340134
5999,9,5999,spatial_specificity,23.323808670043945,0.6785867810249329,0.048769764602184296
5999,9,5999,spatial_specificity,23.345233917236328,0.7002713084220886,0.042782340198755264
5999,9,5999,spatial_specificity,23.409400939941406,0.7025285959243774,0.0452871136367321
5999,9,5999,spatial_specificity,23.430747985839844,0.6721988320350647,0.051881544291973114
5999,9,5999,spatial_specificity,23.53720474243164,0.7268123626708984,0.04400986433029175
5999,9,5999,spatial_specificity,23.600847244262695,0.676011860370636,0.05464484542608261
5999,9,5999,spatial_specificity,23.706539154052734,0.689527153968811,0.05527457222342491
5999,9,5999,spatial_specificity,23.769729614257812,0.7130025625228882,0.051219165325164795
5999,9,5999,spatial_specificity,23.853721618652344,0.6828599572181702,0.05942515656352043
5999,9,5999,spatial_specificity,24.0,0.7579110860824585,0.04984298720955849
5999,9,5999,spatial_specificity,24.020824432373047,0.7564042210578918,0.04974935203790665
5999,9,5999,spatial_specificity,24.0416316986084,0.7082072496414185,0.05831421539187431
5999,9,5999,spatial_specificity,24.083189010620117,0.7186059951782227,0.05473366007208824
5999,9,5999,spatial_specificity,24.166091918945312,0.7038273811340332,0.06293006986379623
5999,9,5999,spatial_specificity,24.1867733001709,0.7225833535194397,0.05617215484380722
5999,9,5999,spatial_specificity,24.207435607910156,0.6866825819015503,0.06846842914819717
5999,9,5999,spatial_specificity,24.3310489654541,0.7494438886642456,0.053816888481378555
5999,9,5999,spatial_specificity,24.351591110229492,0.7210081219673157,0.062237150967121124
5999,9,5999,spatial_specificity,24.413110733032227,0.6921631097793579,0.0716763585805893
5999,9,5999,spatial_specificity,24.515300750732422,0.7466102242469788,0.05705209821462631
5999,9,5999,spatial_specificity,24.59674835205078,0.7072251439094543,0.07075609266757965
5999,9,5999,spatial_specificity,24.698179244995117,0.71137535572052,0.07156502455472946
5999,9,5999,spatial_specificity,24.73863410949707,0.7439447045326233,0.06096186116337776
5999,9,5999,spatial_specificity,24.75883674621582,0.6992835998535156,0.0813986212015152
5999,9,5999,spatial_specificity,24.83948516845703,0.7013567686080933,0.0823613777756691
5999,9,5999,spatial_specificity,25.0,0.7349922060966492,0.06863182038068771
5999,9,5999,spatial_specificity,25.01999282836914,0.7782303094863892,0.05762341991066933
5999,9,5999,spatial_specificity,25.05992889404297,0.7138270139694214,0.07806644588708878
5999,9,5999,spatial_specificity,25.079872131347656,0.7505736351013184,0.06335919350385666
5999,9,5999,spatial_specificity,25.179357528686523,0.7751001119613647,0.059324122965335846
5999,9,5999,spatial_specificity,25.238859176635742,0.7139395475387573,0.08475085347890854
5999,9,5999,spatial_specificity,25.298221588134766,0.7436808347702026,0.07108008861541748
5999,9,5999,spatial_specificity,25.317977905273438,0.7725383639335632,0.061774931848049164
5999,9,5999,spatial_specificity,25.455842971801758,0.7179309129714966,0.09230407327413559
5999,9,5999,spatial_specificity,25.495098114013672,0.7392851114273071,0.07719824463129044
5999,9,5999,spatial_specificity,25.553865432739258,0.72540682554245,0.08627226948738098
5999,9,5999,spatial_specificity,25.612497329711914,0.7240039110183716,0.09347807615995407
5999,9,5999,spatial_specificity,25.63201141357422,0.7467823028564453,0.07650309801101685
5999,9,5999,spatial_specificity,25.709918975830078,0.7694324851036072,0.06786523014307022
5999,9,5999,spatial_specificity,25.806976318359375,0.7315168380737305,0.09418828785419464
5999,9,5999,spatial_specificity,25.942243576049805,0.7415657043457031,0.08779105544090271
5999,9,5999,spatial_specificity,25.961509704589844,0.7702882885932922,0.07132768630981445
5999,9,5999,spatial_specificity,26.0,0.7699294090270996,0.07155151665210724
5999,9,5999,spatial_specificity,26.019224166870117,0.8035401105880737,0.056956954300403595
5999,9,5999,spatial_specificity,26.076810836791992,0.7713862657546997,0.07355833798646927
5999,9,5999,spatial_specificity,26.172504425048828,0.7698584198951721,0.077391117811203
5999,9,5999,spatial_specificity,26.248809814453125,0.7580400109291077,0.08649158477783203
5999,9,5999,spatial_specificity,26.305892944335938,0.8015810251235962,0.06251511722803116
5999,9,5999,spatial_specificity,26.400758743286133,0.756155788898468,0.093661829829216
5999,9,5999,spatial_specificity,26.419689178466797,0.7565287947654724,0.09444437175989151
5999,9,5999,spatial_specificity,26.476404190063477,0.8015068173408508,0.06454195827245712
5999,9,5999,spatial_specificity,26.570661544799805,0.7783611416816711,0.07919624447822571
5999,9,5999,spatial_specificity,26.62705421447754,0.760965883731842,0.0994657501578331
5999,9,5999,spatial_specificity,26.68332862854004,0.8020515441894531,0.06664764136075974
5999,9,5999,spatial_specificity,26.832815170288086,0.7745901346206665,0.09178204834461212
5999,9,5999,spatial_specificity,26.870058059692383,0.7679845094680786,0.10436909645795822
5999,9,5999,spatial_specificity,26.90724754333496,0.7688668966293335,0.10356099903583527
5999,9,5999,spatial_specificity,26.925825119018555,0.7879632711410522,0.08292940258979797
5999,9,5999,spatial_specificity,27.0,0.8330410718917847,0.05181132256984711
5999,9,5999,spatial_specificity,27.018512725830078,0.8026167154312134,0.07514481246471405
5999,9,5999,spatial_specificity,27.073972702026367,0.8310225605964661,0.05342399701476097
5999,9,5999,spatial_specificity,27.166154861450195,0.8300250768661499,0.05449408292770386
5999,9,5999,spatial_specificity,27.202939987182617,0.794007420539856,0.08584022521972656
5999,9,5999,spatial_specificity,27.294689178466797,0.8116133809089661,0.07476107031106949
5999,9,5999,spatial_specificity,27.312999725341797,0.7968198657035828,0.08630383759737015
5999,9,5999,spatial_specificity,27.459060668945312,0.8062993884086609,0.07454410195350647
5999,9,5999,spatial_specificity,27.51363182067871,0.8082554936408997,0.07205352187156677
5999,9,5999,spatial_specificity,27.58622932434082,0.7814176082611084,0.09780699014663696
5999,9,5999,spatial_specificity,27.658634185791016,0.8086936473846436,0.07778122276067734
5999,9,5999,spatial_specificity,27.730850219726562,0.8039817810058594,0.08772745728492737
5999,9,5999,spatial_specificity,27.784889221191406,0.8021553158760071,0.09334421902894974
5999,9,5999,spatial_specificity,27.80287742614746,0.7988784909248352,0.09811176359653473
5999,9,5999,spatial_specificity,27.856775283813477,0.8172880411148071,0.07741300016641617
5999,9,5999,spatial_specificity,27.89265251159668,0.8348202109336853,0.0623311772942543
5999,9,5999,spatial_specificity,28.0,0.8723744750022888,0.04675398766994476
5999,9,5999,spatial_specificity,28.017852783203125,0.8368029594421387,0.06951246410608292
5999,9,5999,spatial_specificity,28.07133674621582,0.8693623542785645,0.048241641372442245
5999,9,5999,spatial_specificity,28.160255432128906,0.8529388904571533,0.055858466774225235
5999,9,5999,spatial_specificity,28.17800521850586,0.8200895190238953,0.09066732227802277
5999,9,5999,spatial_specificity,28.231189727783203,0.8281940221786499,0.08171822130680084
5999,9,5999,spatial_specificity,28.284271240234375,0.8457795977592468,0.06419450789690018
5999,9,5999,spatial_specificity,28.301944732666016,0.8212891221046448,0.09488456696271896
5999,9,5999,spatial_specificity,28.319604873657227,0.8101224303245544,0.09915534406900406
5999,9,5999,spatial_specificity,28.42534065246582,0.8163402676582336,0.09946625679731369
5999,9,5999,spatial_specificity,28.44292640686035,0.862815260887146,0.047947559505701065
5999,9,5999,spatial_specificity,28.460498809814453,0.8416635394096375,0.06764674931764603
5999,9,5999,spatial_specificity,28.60070037841797,0.8256794214248657,0.09858475625514984
5999,9,5999,spatial_specificity,28.635643005371094,0.8481649160385132,0.06605055183172226
5999,9,5999,spatial_specificity,28.65309715270996,0.829512894153595,0.08931747823953629
5999,9,5999,spatial_specificity,28.792360305786133,0.8484595417976379,0.06928154081106186
5999,9,5999,spatial_specificity,28.844409942626953,0.8305723667144775,0.09514212608337402
5999,9,5999,spatial_specificity,28.861740112304688,0.864061176776886,0.052403852343559265
5999,9,5999,spatial_specificity,29.0,0.8519101142883301,0.07744332402944565
5999,9,5999,spatial_specificity,29.017236709594727,0.8951318264007568,0.03759407624602318
5999,9,5999,spatial_specificity,29.068883895874023,0.8547728657722473,0.07192778587341309
5999,9,5999,spatial_specificity,29.120439529418945,0.8665261268615723,0.05433862283825874
5999,9,5999,spatial_specificity,29.15475845336914,0.8622210025787354,0.06439051777124405
5999,9,5999,spatial_specificity,29.20616340637207,0.8438047170639038,0.09533412009477615
5999,9,5999,spatial_specificity,29.27456283569336,0.8889160752296448,0.036060553044080734
5999,9,5999,spatial_specificity,29.4108829498291,0.8621891736984253,0.07293584197759628
5999,9,5999,spatial_specificity,29.42787742614746,0.8882240056991577,0.0358053483068943
5999,9,5999,spatial_specificity,29.529645919799805,0.85589200258255,0.08395250886678696
5999,9,5999,spatial_specificity,29.546573638916016,0.8614398241043091,0.07266084104776382
5999,9,5999,spatial_specificity,29.614185333251953,0.8877329230308533,0.037897247821092606
5999,9,5999,spatial_specificity,29.681644439697266,0.8605042695999146,0.08591452986001968
5999,9,5999,spatial_specificity,29.698484420776367,0.8539592027664185,0.0959726870059967
5999,9,5999,spatial_specificity,29.73213768005371,0.8630621433258057,0.07536313682794571
5999,9,5999,spatial_specificity,29.832868576049805,0.8695161938667297,0.06754016876220703
5999,9,5999,spatial_specificity,29.96664810180664,0.8627592921257019,0.0720980167388916
5999,9,5999,spatial_specificity,30.0,0.8748803734779358,0.07300165295600891
5999,9,5999,spatial_specificity,30.01666259765625,0.8775886297225952,0.05643235146999359
5999,9,5999,spatial_specificity,30.066593170166016,0.90315181016922,0.021953437477350235
5999,9,5999,spatial_specificity,30.08321762084961,0.874941885471344,0.04919498786330223
5999,9,5999,spatial_specificity,30.149627685546875,0.9000994563102722,0.0220289696007967
5999,9,5999,spatial_specificity,30.232433319091797,0.8642618656158447,0.08432810753583908
5999,9,5999,spatial_specificity,30.265491485595703,0.8989958763122559,0.022216802462935448
5999,9,5999,spatial_specificity,30.36445426940918,0.8779414296150208,0.04429585859179497
5999,9,5999,spatial_specificity,30.4138126373291,0.8762665390968323,0.07019218802452087
5999,9,5999,spatial_specificity,30.463092803955078,0.8735827803611755,0.06182507798075676
5999,9,5999,spatial_specificity,30.479501724243164,0.8708676695823669,0.08614782243967056
5999,9,5999,spatial_specificity,30.528675079345703,0.8659982085227966,0.07954450696706772
5999,9,5999,spatial_specificity,30.594118118286133,0.8948619961738586,0.02440057322382927
5999,9,5999,spatial_specificity,30.610454559326172,0.8742220997810364,0.08233007043600082
5999,9,5999,spatial_specificity,30.675724029541016,0.8792164921760559,0.04819440096616745
5999,9,5999,spatial_specificity,30.805843353271484,0.879532516002655,0.06199963763356209
5999,9,5999,spatial_specificity,30.870698928833008,0.8750960230827332,0.06278745830059052
5999,9,5999,spatial_specificity,30.886890411376953,0.8746563792228699,0.0712013989686966
5999,9,5999,spatial_specificity,31.0,0.920272707939148,0.010260499082505703
5999,9,5999,spatial_specificity,31.016124725341797,0.894432783126831,0.03500746190547943
5999,9,5999,spatial_specificity,31.048349380493164,0.8915969729423523,0.03054911084473133
5999,9,5999,spatial_specificity,31.064449310302734,0.8888003826141357,0.06008883938193321
5999,9,5999,spatial_specificity,31.11269760131836,0.877413809299469,0.08305002003908157
5999,9,5999,spatial_specificity,31.14482307434082,0.8873652815818787,0.06685684621334076
5999,9,5999,spatial_specificity,31.240999221801758,0.8800848126411438,0.07896118611097336
5999,9,5999,spatial_specificity,31.256999969482422,0.9075265526771545,0.012876763939857483
5999,9,5999,spatial_specificity,31.30495262145996,0.876773476600647,0.064250148832798
5999,9,5999,spatial_specificity,31.320920944213867,0.8893280625343323,0.034088440239429474
5999,9,5999,spatial_specificity,31.384708404541016,0.8800864815711975,0.05999345704913139
5999,9,5999,spatial_specificity,31.400636672973633,0.8879082202911377,0.06336202472448349
5999,9,5999,spatial_specificity,31.575305938720703,0.9000183939933777,0.020317602902650833
5999,9,5999,spatial_specificity,31.62277603149414,0.8841347694396973,0.06164516136050224
5999,9,5999,spatial_specificity,31.764760971069336,0.8788851499557495,0.06395581364631653
5999,9,5999,spatial_specificity,31.780498504638672,0.883266806602478,0.05024747550487518
5999,9,5999,spatial_specificity,31.827659606933594,0.8795033693313599,0.08155148476362228
5999,9,5999,spatial_specificity,31.890438079833984,0.8817065954208374,0.07985184341669083
5999,9,5999,spatial_specificity,31.906112670898438,0.8889248967170715,0.07002339512109756
5999,9,5999,spatial_specificity,31.95309066772461,0.8865288496017456,0.04848867282271385
5999,9,5999,spatial_specificity,32.015621185302734,0.8865724205970764,0.0668765977025032
5999,9,5999,spatial_specificity,32.202484130859375,0.8905801773071289,0.061166051775217056
5999,9,5999,spatial_specificity,32.24903106689453,0.8942879438400269,0.06234784424304962
5999,9,5999,spatial_specificity,32.280025482177734,0.8889676332473755,0.03324514627456665
5999,9,5999,spatial_specificity,32.31098937988281,0.8895594477653503,0.04790347069501877
5999,9,5999,spatial_specificity,32.4499626159668,0.8875013589859009,0.06813041120767593
5999,9,5999,spatial_specificity,32.526912689208984,0.8655328750610352,0.07797204703092575
5999,9,5999,spatial_specificity,32.557640075683594,0.866499125957489,0.07673428952693939
5999,9,5999,spatial_specificity,32.572994232177734,0.8892216682434082,0.03565770387649536
5999,9,5999,spatial_specificity,32.649654388427734,0.8850040435791016,0.06231554225087166
5999,9,5999,spatial_specificity,32.69556427001953,0.8743473887443542,0.05317617952823639
5999,9,5999,spatial_specificity,32.75667953491211,0.8745997548103333,0.06277399510145187
5999,9,5999,spatial_specificity,32.80244064331055,0.8833398222923279,0.06804697960615158
5999,9,5999,spatial_specificity,32.893768310546875,0.8818061947822571,0.039478179067373276
5999,9,5999,spatial_specificity,33.0151481628418,0.8797805905342102,0.06290368735790253
5999,9,5999,spatial_specificity,33.105892181396484,0.8766600489616394,0.06267254799604416
5999,9,5999,spatial_specificity,33.12099075317383,0.8773342370986938,0.06280417740345001
5999,9,5999,spatial_specificity,33.241539001464844,0.8613409399986267,0.05473124980926514
5999,9,5999,spatial_specificity,33.2866325378418,0.8582679629325867,0.05822400003671646
5999,9,5999,spatial_specificity,33.30165100097656,0.8602373003959656,0.05892762541770935
5999,9,5999,spatial_specificity,33.42155075073242,0.8666630387306213,0.05708145350217819
5999,9,5999,spatial_specificity,33.541019439697266,0.8596513271331787,0.05194795876741409
5999,9,5999,spatial_specificity,33.60059356689453,0.8658065795898438,0.05838194489479065
5999,9,5999,spatial_specificity,33.615474700927734,0.8665587902069092,0.04817032814025879
5999,9,5999,spatial_specificity,33.83784866333008,0.8717315793037415,0.051622096449136734
5999,9,5999,spatial_specificity,33.941123962402344,0.877723217010498,0.05097021162509918
5999,9,5999,spatial_specificity,33.97057342529297,0.8784486651420593,0.050718411803245544
5999,9,5999,spatial_specificity,34.0,0.8664259910583496,0.049329571425914764
5999,9,5999,spatial_specificity,34.01470184326172,0.8855185508728027,0.03676443547010422
5999,9,5999,spatial_specificity,34.058773040771484,0.87574702501297,0.0554729625582695
5999,9,5999,spatial_specificity,34.13209533691406,0.8741410374641418,0.0460534542798996
5999,9,5999,spatial_specificity,34.20526123046875,0.8789887428283691,0.05120328068733215
5999,9,5999,spatial_specificity,34.4093017578125,0.8532172441482544,0.021094471216201782
5999,9,5999,spatial_specificity,34.438350677490234,0.8916142582893372,0.0341549813747406
5999,9,5999,spatial_specificity,34.48188018798828,0.844233512878418,0.021130353212356567
5999,9,5999,spatial_specificity,34.65544891357422,0.8560669422149658,0.021411627531051636
5999,9,5999,spatial_specificity,34.66987228393555,0.8566579818725586,0.015010863542556763
5999,9,5999,spatial_specificity,34.71310806274414,0.858452558517456,0.019395381212234497
5999,9,5999,spatial_specificity,34.828147888183594,0.8613815307617188,0.016700953245162964
5999,9,5999,spatial_specificity,34.885528564453125,0.8779802322387695,0.020650237798690796
5999,9,5999,spatial_specificity,34.98571014404297,0.853764533996582,0.013772666454315186
5999,9,5999,spatial_specificity,35.0,0.8643748760223389,0.01171255111694336
5999,9,5999,spatial_specificity,35.22782897949219,0.8657890558242798,0.006973624229431152
5999,9,5999,spatial_specificity,35.35533905029297,0.8737646341323853,0.008766591548919678
5999,9,5999,spatial_specificity,35.38361358642578,0.8729870915412903,0.007675647735595703
5999,9,5999,spatial_specificity,35.46829605102539,0.874463677406311,0.006720632314682007
5999,9,5999,spatial_specificity,35.510562896728516,0.8634047508239746,0.006332814693450928
5999,9,5999,spatial_specificity,35.60898971557617,0.8740735650062561,0.0039411187171936035
5999,9,5999,spatial_specificity,35.80502700805664,0.8723796606063843,0.0008319318294525146
5999,9,5999,spatial_specificity,35.84689712524414,0.8933830261230469,0.010655432939529419
5999,9,5999,spatial_specificity,36.055511474609375,0.8704285621643066,0.001072317361831665
5999,9,5999,spatial_specificity,36.06937789916992,0.8837381601333618,0.002876967191696167
5999,9,5999,spatial_specificity,36.12478256225586,0.8839175701141357,0.001833498477935791
5999,9,5999,spatial_specificity,36.2353401184082,0.8826929330825806,0.00321921706199646
5999,9,5999,spatial_specificity,36.359317779541016,0.9016441106796265,0.003743380308151245
5999,9,5999,spatial_specificity,36.400550842285156,0.8784968852996826,0.004555076360702515
5999,9,5999,spatial_specificity,36.619667053222656,0.8743550777435303,0.001990020275115967
5999,9,5999,spatial_specificity,36.769554138183594,0.891929030418396,0.008406788110733032
5999,9,5999,spatial_specificity,36.79673767089844,0.8904026746749878,0.007735133171081543
5999,9,5999,spatial_specificity,36.878177642822266,0.8882429599761963,0.008051574230194092
5999,9,5999,spatial_specificity,36.8917350769043,0.906139612197876,0.0022363364696502686
5999,9,5999,spatial_specificity,37.013511657714844,0.8835686445236206,0.007782042026519775
5999,9,5999,spatial_specificity,37.202152252197266,0.8790574669837952,0.004526376724243164
5999,9,5999,spatial_specificity,37.44329071044922,0.9108881950378418,0.0013053715229034424
5999,9,5999,spatial_specificity,37.48332977294922,0.8943314552307129,0.00960347056388855
5999,9,5999,spatial_specificity,37.53664779663086,0.891434907913208,0.010341554880142212
5999,9,5999,spatial_specificity,37.643062591552734,0.8861942291259766,0.010346382856369019
5999,9,5999,spatial_specificity,37.80211639404297,0.8824763298034668,0.005520671606063843
5999,9,5999,spatial_specificity,38.01315689086914,0.912967324256897,0.001011878252029419
5999,9,5999,spatial_specificity,38.18376541137695,0.8949131369590759,0.009230554103851318
5999,9,5999,spatial_specificity,38.20994567871094,0.8931218385696411,0.010068029165267944
5999,9,5999,spatial_specificity,38.28837966918945,0.8881723880767822,0.011208772659301758
5999,9,5999,spatial_specificity,38.41874694824219,0.8846176862716675,0.005594998598098755
5999,9,5999,spatial_specificity,38.60051727294922,0.917378306388855,0.00035437941551208496
5999,9,5999,spatial_specificity,38.897300720214844,0.8941210508346558,0.008979260921478271
5999,9,5999,spatial_specificity,38.94868469238281,0.8903571367263794,0.010836899280548096
5999,9,5999,spatial_specificity,39.051246643066406,0.8878822922706604,0.00512242317199707
5999,9,5999,spatial_specificity,39.20458984375,0.9162582159042358,0.0036360323429107666
5999,9,5999,spatial_specificity,39.59798049926758,0.8934686779975891,0.009197235107421875
5999,9,5999,spatial_specificity,39.623226165771484,0.8921386003494263,0.009965389966964722
5999,9,5999,spatial_specificity,39.69886779785156,0.8923673033714294,0.0041277408599853516
5999,9,5999,spatial_specificity,39.824615478515625,0.9102634191513062,0.013589471578598022
5999,9,5999,spatial_specificity,40.31128692626953,0.8926171064376831,0.008303582668304443
5999,9,5999,spatial_specificity,40.360870361328125,0.896283745765686,0.000913083553314209
5999,9,5999,spatial_specificity,40.45985794067383,0.9244163632392883,0.0
5999,9,5999,spatial_specificity,41.01219177246094,0.8963899612426758,0.004701822996139526
5999,9,5999,spatial_specificity,41.03656768798828,0.8993196487426758,0.001508861780166626
5999,9,5999,spatial_specificity,41.1096076965332,0.9323890805244446,0.0
5999,9,5999,spatial_specificity,41.72529220581055,0.9039463996887207,0.00549885630607605
5999,9,5999,spatial_specificity,41.773197174072266,0.9316959381103516,0.0
5999,9,5999,spatial_specificity,42.42640686035156,0.916331946849823,0.010637462139129639
5999,9,5999,spatial_specificity,42.44997024536133,0.9304500222206116,0.0
5999,9,5999,spatial_specificity,43.13930892944336,0.9326112270355225,0.0
6499,10,6499,cls_effective_rank,,15.376458168029785,1.051820158958435
6499,10,6499,patch_effective_rank,,79.8773422241211,10.720035552978516
6499,10,6499,mean_off_diagonal_similarity,,0.7205426692962646,0.025323448702692986
6499,10,6499,spatial_specificity_correlation,,-0.2753506302833557,0.04919029399752617
6499,10,6499,spatial_specificity,1.0,0.9594694375991821,0.0054695927537977695
6499,10,6499,spatial_specificity,1.4142135381698608,0.9396669268608093,0.007216580677777529
6499,10,6499,spatial_specificity,2.0,0.9145238995552063,0.010065155103802681
6499,10,6499,spatial_specificity,2.2360680103302,0.9036345481872559,0.010428177192807198
6499,10,6499,spatial_specificity,2.8284270763397217,0.8799735903739929,0.012114688754081726
6499,10,6499,spatial_specificity,3.0,0.8748698234558105,0.01322334073483944
6499,10,6499,spatial_specificity,3.1622776985168457,0.8687211871147156,0.012946579605340958
6499,10,6499,spatial_specificity,3.605551242828369,0.8544421195983887,0.013466756790876389
6499,10,6499,spatial_specificity,4.0,0.8427128791809082,0.015406721271574497
6499,10,6499,spatial_specificity,4.123105525970459,0.8390800356864929,0.01514354720711708
6499,10,6499,spatial_specificity,4.242640495300293,0.8360480070114136,0.014495907351374626
6499,10,6499,spatial_specificity,4.4721360206604,0.8300729990005493,0.015335450880229473
6499,10,6499,spatial_specificity,5.0,0.8167102932929993,0.0163579098880291
6499,10,6499,spatial_specificity,5.099019527435303,0.8142765760421753,0.01716386340558529
6499,10,6499,spatial_specificity,5.385164737701416,0.8079520463943481,0.017528774216771126
6499,10,6499,spatial_specificity,5.656854152679443,0.8011016845703125,0.017908159643411636
6499,10,6499,spatial_specificity,5.830952167510986,0.7976841330528259,0.018668759614229202
6499,10,6499,spatial_specificity,6.0,0.7959488034248352,0.018928196281194687
6499,10,6499,spatial_specificity,6.082762241363525,0.793694257736206,0.019051598384976387
6499,10,6499,spatial_specificity,6.324555397033691,0.7887212038040161,0.019710272550582886
6499,10,6499,spatial_specificity,6.4031243324279785,0.7850760817527771,0.02016236074268818
6499,10,6499,spatial_specificity,6.7082037925720215,0.7804659605026245,0.021117541939020157
6499,10,6499,spatial_specificity,7.0,0.7783929705619812,0.020845972001552582
6499,10,6499,spatial_specificity,7.071067810058594,0.774861216545105,0.02121472731232643
6499,10,6499,spatial_specificity,7.211102485656738,0.7699375748634338,0.022543249651789665
6499,10,6499,spatial_specificity,7.280109882354736,0.7721928358078003,0.02186553180217743
6499,10,6499,spatial_specificity,7.6157732009887695,0.7651199102401733,0.023280778899788857
6499,10,6499,spatial_specificity,7.8102498054504395,0.758458137512207,0.024173570796847343
6499,10,6499,spatial_specificity,8.0,0.76353520154953,0.022680116817355156
6499,10,6499,spatial_specificity,8.062257766723633,0.7588649988174438,0.023739127442240715
6499,10,6499,spatial_specificity,8.246211051940918,0.757535457611084,0.023919949308037758
6499,10,6499,spatial_specificity,8.485280990600586,0.746979832649231,0.02608925849199295
6499,10,6499,spatial_specificity,8.5440034866333,0.7511880397796631,0.025308504700660706
6499,10,6499,spatial_specificity,8.602325439453125,0.7461684346199036,0.026249656453728676
6499,10,6499,spatial_specificity,8.9442720413208,0.7433820962905884,0.0266267079859972
6499,10,6499,spatial_specificity,9.0,0.7507644891738892,0.024045730009675026
6499,10,6499,spatial_specificity,9.05538558959961,0.7487935423851013,0.024634718894958496
6499,10,6499,spatial_specificity,9.219544410705566,0.7404056787490845,0.02669440023601055
6499,10,6499,spatial_specificity,9.433980941772461,0.7346380352973938,0.028095871210098267
6499,10,6499,spatial_specificity,9.486832618713379,0.7389711141586304,0.026758478954434395
6499,10,6499,spatial_specificity,9.848857879638672,0.7319384813308716,0.028027305379509926
6499,10,6499,spatial_specificity,9.899495124816895,0.7262590527534485,0.029792046174407005
6499,10,6499,spatial_specificity,10.0,0.7305962443351746,0.02781466580927372
6499,10,6499,spatial_specificity,10.049875259399414,0.7378987669944763,0.025721289217472076
6499,10,6499,spatial_specificity,10.198039054870605,0.733833909034729,0.02687123790383339
6499,10,6499,spatial_specificity,10.29563045501709,0.7241957187652588,0.029546543955802917
6499,10,6499,spatial_specificity,10.440306663513184,0.7283807992935181,0.027923911809921265
6499,10,6499,spatial_specificity,10.630146026611328,0.7170608043670654,0.03137768805027008
6499,10,6499,spatial_specificity,10.770329475402832,0.7218594551086426,0.02918178401887417
6499,10,6499,spatial_specificity,10.816654205322266,0.7163203954696655,0.031233660876750946
6499,10,6499,spatial_specificity,11.0,0.7309054136276245,0.025647537782788277
6499,10,6499,spatial_specificity,11.045360565185547,0.728868305683136,0.026399945840239525
6499,10,6499,spatial_specificity,11.180339813232422,0.71992427110672,0.029104627668857574
6499,10,6499,spatial_specificity,11.313708305358887,0.7086018323898315,0.03295392170548439
6499,10,6499,spatial_specificity,11.401754379272461,0.7141339182853699,0.03079429641366005
6499,10,6499,spatial_specificity,11.661904335021973,0.7075709104537964,0.032567355781793594
6499,10,6499,spatial_specificity,11.704700469970703,0.7133589386940002,0.0301554836332798
6499,10,6499,spatial_specificity,12.0,0.7237590551376343,0.026230735704302788
6499,10,6499,spatial_specificity,12.041594505310059,0.711405336856842,0.030418813228607178
6499,10,6499,spatial_specificity,12.083045959472656,0.7064707279205322,0.03177175670862198
6499,10,6499,spatial_specificity,12.16552448272705,0.7176516056060791,0.02835954912006855
6499,10,6499,spatial_specificity,12.206555366516113,0.7003848552703857,0.03435458242893219
6499,10,6499,spatial_specificity,12.369317054748535,0.7124532461166382,0.029626134783029556
6499,10,6499,spatial_specificity,12.529964447021484,0.6995083093643188,0.033667001873254776
6499,10,6499,spatial_specificity,12.649110794067383,0.7062941789627075,0.030947759747505188
6499,10,6499,spatial_specificity,12.727921485900879,0.6933804750442505,0.03613733500242233
6499,10,6499,spatial_specificity,12.806248664855957,0.6931952238082886,0.036088522523641586
6499,10,6499,spatial_specificity,13.0,0.7058449983596802,0.030279934406280518
6499,10,6499,spatial_specificity,13.038405418395996,0.7047196626663208,0.031140409409999847
6499,10,6499,spatial_specificity,13.152946472167969,0.7120386958122253,0.02880154922604561
6499,10,6499,spatial_specificity,13.34166431427002,0.706710159778595,0.03024844266474247
6499,10,6499,spatial_specificity,13.416407585144043,0.6925047636032104,0.034556515514850616
6499,10,6499,spatial_specificity,13.45362377166748,0.6861581206321716,0.03764006495475769
6499,10,6499,spatial_specificity,13.601469993591309,0.6933040618896484,0.03444172814488411
6499,10,6499,spatial_specificity,13.892444610595703,0.6857901811599731,0.036376506090164185
6499,10,6499,spatial_specificity,13.928387641906738,0.6936277747154236,0.03350882977247238
6499,10,6499,spatial_specificity,14.0,0.7138674855232239,0.027548154816031456
6499,10,6499,spatial_specificity,14.03566837310791,0.7118549346923828,0.02823978289961815
6499,10,6499,spatial_specificity,14.142135620117188,0.6983147859573364,0.03237636759877205
6499,10,6499,spatial_specificity,14.21267032623291,0.6792067289352417,0.038793716579675674
6499,10,6499,spatial_specificity,14.317821502685547,0.6943906545639038,0.03305640444159508
6499,10,6499,spatial_specificity,14.422204971313477,0.6790734529495239,0.03814399987459183
6499,10,6499,spatial_specificity,14.560219764709473,0.6956802606582642,0.03254910185933113
6499,10,6499,spatial_specificity,14.764822959899902,0.6797290444374084,0.036963026970624924
6499,10,6499,spatial_specificity,14.866068840026855,0.6807055473327637,0.03720349818468094
6499,10,6499,spatial_specificity,15.0,0.6851732134819031,0.03516940027475357
6499,10,6499,spatial_specificity,15.033296585083008,0.7076166272163391,0.029014531522989273
6499,10,6499,spatial_specificity,15.132745742797852,0.7035089135169983,0.030241867527365685
6499,10,6499,spatial_specificity,15.231546401977539,0.6818636059761047,0.03585345298051834
6499,10,6499,spatial_specificity,15.264337539672852,0.6729139685630798,0.03861348330974579
6499,10,6499,spatial_specificity,15.297059059143066,0.6979507207870483,0.03164022043347359
6499,10,6499,spatial_specificity,15.524174690246582,0.6915404200553894,0.03317221626639366
6499,10,6499,spatial_specificity,15.55634880065918,0.6656864285469055,0.041235338896512985
6499,10,6499,spatial_specificity,15.620499610900879,0.6657752394676208,0.04079457372426987
6499,10,6499,spatial_specificity,15.65247631072998,0.6747398972511292,0.03753705322742462
6499,10,6499,spatial_specificity,15.81138801574707,0.6754363775253296,0.037241339683532715
6499,10,6499,spatial_specificity,16.0,0.7051598429679871,0.029215319082140923
6499,10,6499,spatial_specificity,16.031219482421875,0.7033218741416931,0.0299222394824028
6499,10,6499,spatial_specificity,16.124515533447266,0.683775007724762,0.034448422491550446
6499,10,6499,spatial_specificity,16.155494689941406,0.6774369478225708,0.03647119551897049
6499,10,6499,spatial_specificity,16.278820037841797,0.6768232583999634,0.03653338924050331
6499,10,6499,spatial_specificity,16.401220321655273,0.6595562696456909,0.0409945547580719
6499,10,6499,spatial_specificity,16.492422103881836,0.6873553395271301,0.033577267080545425
6499,10,6499,spatial_specificity,16.552946090698242,0.6703994274139404,0.0380331315100193
6499,10,6499,spatial_specificity,16.6433162689209,0.6608037352561951,0.04008619859814644
6499,10,6499,spatial_specificity,16.76305389404297,0.6804414987564087,0.034981802105903625
6499,10,6499,spatial_specificity,16.970561981201172,0.6526104807853699,0.042465873062610626
6499,10,6499,spatial_specificity,17.0,0.676216721534729,0.0350053645670414
6499,10,6499,spatial_specificity,17.029386520385742,0.6764954328536987,0.035014450550079346
6499,10,6499,spatial_specificity,17.0880069732666,0.6733464002609253,0.036775968968868256
6499,10,6499,spatial_specificity,17.11724281311035,0.695289134979248,0.030845636501908302
6499,10,6499,spatial_specificity,17.20465087890625,0.6539906859397888,0.0411546565592289
6499,10,6499,spatial_specificity,17.262676239013672,0.6900052428245544,0.031880706548690796
6499,10,6499,spatial_specificity,17.464248657226562,0.6750222444534302,0.03557485342025757
6499,10,6499,spatial_specificity,17.492855072021484,0.656205952167511,0.040015559643507004
6499,10,6499,spatial_specificity,17.69180679321289,0.6463767886161804,0.04257284477353096
6499,10,6499,spatial_specificity,17.72004508972168,0.6766554117202759,0.03484470024704933
6499,10,6499,spatial_specificity,17.804494857788086,0.6472218036651611,0.042078133672475815
6499,10,6499,spatial_specificity,17.8885440826416,0.6590599417686462,0.039149489253759384
6499,10,6499,spatial_specificity,18.0,0.6968637704849243,0.02908782660961151
6499,10,6499,spatial_specificity,18.027755737304688,0.6717127561569214,0.034381601959466934
6499,10,6499,spatial_specificity,18.11077117919922,0.6912835240364075,0.029992248862981796
6499,10,6499,spatial_specificity,18.248287200927734,0.6860872507095337,0.03121665120124817
6499,10,6499,spatial_specificity,18.357559204101562,0.6519411206245422,0.039649415761232376
6499,10,6499,spatial_specificity,18.384777069091797,0.6552447080612183,0.03901145979762077
6499,10,6499,spatial_specificity,18.439088821411133,0.6606637239456177,0.03684890270233154
6499,10,6499,spatial_specificity,18.601076126098633,0.6424626111984253,0.041461460292339325
6499,10,6499,spatial_specificity,18.681541442871094,0.6733818650245667,0.033786430954933167
6499,10,6499,spatial_specificity,18.788293838500977,0.6554074287414551,0.03821161389350891
6499,10,6499,spatial_specificity,18.867961883544922,0.6449991464614868,0.04024090990424156
6499,10,6499,spatial_specificity,18.973665237426758,0.6664140224456787,0.03523508086800575
6499,10,6499,spatial_specificity,19.0,0.6933420896530151,0.027727829292416573
6499,10,6499,spatial_specificity,19.02629852294922,0.691480278968811,0.028073931112885475
6499,10,6499,spatial_specificity,19.10497283935547,0.6618505716323853,0.0335533544421196
6499,10,6499,spatial_specificity,19.209373474121094,0.6361632943153381,0.041817598044872284
6499,10,6499,spatial_specificity,19.235383987426758,0.6658896207809448,0.033165961503982544
6499,10,6499,spatial_specificity,19.313207626342773,0.6593366861343384,0.03629816696047783
6499,10,6499,spatial_specificity,19.416488647460938,0.6579414010047913,0.03505726531147957
6499,10,6499,spatial_specificity,19.646883010864258,0.6705909967422485,0.03219090774655342
6499,10,6499,spatial_specificity,19.697715759277344,0.6524629592895508,0.03686623275279999
6499,10,6499,spatial_specificity,19.72308349609375,0.6417381167411804,0.03913314267992973
6499,10,6499,spatial_specificity,19.79899024963379,0.6294279098510742,0.04174627363681793
6499,10,6499,spatial_specificity,19.84943389892578,0.6302374601364136,0.04158972576260567
6499,10,6499,spatial_specificity,19.92485809326172,0.6641141176223755,0.03337518870830536
6499,10,6499,spatial_specificity,20.0,0.6526859998703003,0.033157333731651306
6499,10,6499,spatial_specificity,20.02498435974121,0.6897550821304321,0.026749681681394577
6499,10,6499,spatial_specificity,20.099750518798828,0.6860222816467285,0.02697271853685379
6499,10,6499,spatial_specificity,20.124610900878906,0.6457234621047974,0.03730368986725807
6499,10,6499,spatial_specificity,20.2237491607666,0.681197464466095,0.02769114077091217
6499,10,6499,spatial_specificity,20.248456954956055,0.6464855074882507,0.03693088889122009
6499,10,6499,spatial_specificity,20.39607810974121,0.6755372285842896,0.028766609728336334
6499,10,6499,spatial_specificity,20.51828384399414,0.6254309415817261,0.041432250291109085
6499,10,6499,spatial_specificity,20.59126091003418,0.639512300491333,0.0381338968873024
6499,10,6499,spatial_specificity,20.615528106689453,0.6491808295249939,0.03489585593342781
6499,10,6499,spatial_specificity,20.808650970458984,0.6303046941757202,0.04068770259618759
6499,10,6499,spatial_specificity,20.880613327026367,0.663183867931366,0.031745169311761856
6499,10,6499,spatial_specificity,21.0,0.6922709941864014,0.027576087042689323
6499,10,6499,spatial_specificity,21.02379608154297,0.6681350469589233,0.02819124236702919
6499,10,6499,spatial_specificity,21.095022201538086,0.6612233519554138,0.029861709102988243
6499,10,6499,spatial_specificity,21.189619064331055,0.6571374535560608,0.03311152383685112
6499,10,6499,spatial_specificity,21.21320343017578,0.6626917123794556,0.02926108054816723
6499,10,6499,spatial_specificity,21.260292053222656,0.6231850981712341,0.04167184233665466
6499,10,6499,spatial_specificity,21.3775577545166,0.6771501302719116,0.02816922776401043
6499,10,6499,spatial_specificity,21.40093421936035,0.6258851885795593,0.041649188846349716
6499,10,6499,spatial_specificity,21.470911026000977,0.6387715339660645,0.03831068426370621
6499,10,6499,spatial_specificity,21.540658950805664,0.6514867544174194,0.03498900681734085
6499,10,6499,spatial_specificity,21.587032318115234,0.6713331937789917,0.02984566241502762
6499,10,6499,spatial_specificity,21.63330841064453,0.6297491192817688,0.041536565870046616
6499,10,6499,spatial_specificity,21.840330123901367,0.666048526763916,0.032380811870098114
6499,10,6499,spatial_specificity,21.931711196899414,0.6340130567550659,0.04105830565094948
6499,10,6499,spatial_specificity,21.954498291015625,0.6346405744552612,0.04184319078922272
6499,10,6499,spatial_specificity,22.0,0.6974459886550903,0.03179897367954254
6499,10,6499,spatial_specificity,22.022714614868164,0.6602830290794373,0.0319390594959259
6499,10,6499,spatial_specificity,22.090721130371094,0.6924951672554016,0.031605761498212814
6499,10,6499,spatial_specificity,22.135944366455078,0.6609442830085754,0.03580687195062637
6499,10,6499,spatial_specificity,22.203603744506836,0.6581889390945435,0.0351528599858284
6499,10,6499,spatial_specificity,22.360679626464844,0.663366973400116,0.036719340831041336
6499,10,6499,spatial_specificity,22.472204208374023,0.6446487903594971,0.04395107924938202
6499,10,6499,spatial_specificity,22.56102752685547,0.6795434355735779,0.036387838423252106
6499,10,6499,spatial_specificity,22.627416610717773,0.6243001818656921,0.05068834871053696
6499,10,6499,spatial_specificity,22.671567916870117,0.625462532043457,0.05072394385933876
6499,10,6499,spatial_specificity,22.803508758544922,0.6514997482299805,0.04556417092680931
6499,10,6499,spatial_specificity,22.825424194335938,0.6406427621841431,0.05043686181306839
6499,10,6499,spatial_specificity,22.847320556640625,0.6532381772994995,0.04785987362265587
6499,10,6499,spatial_specificity,23.0,0.7086348533630371,0.04561023414134979
6499,10,6499,spatial_specificity,23.021728515625,0.6707195043563843,0.04460429027676582
6499,10,6499,spatial_specificity,23.086793899536133,0.6881291270256042,0.04491496458649635
6499,10,6499,spatial_specificity,23.194828033447266,0.702090859413147,0.04759129881858826
6499,10,6499,spatial_specificity,23.25940704345703,0.6520442962646484,0.056386854499578476
6499,10,6499,spatial_specificity,23.323808670043945,0.6413999199867249,0.06020095944404602
6499,10,6499,spatial_specificity,23.345233917236328,0.6653976440429688,0.05312567949295044
6499,10,6499,spatial_specificity,23.409400939941406,0.6682111620903015,0.05608690157532692
6499,10,6499,spatial_specificity,23.430747985839844,0.634273111820221,0.06385598331689835
6499,10,6499,spatial_specificity,23.53720474243164,0.6945337057113647,0.05488022789359093
6499,10,6499,spatial_specificity,23.600847244262695,0.6383939385414124,0.06683890521526337
6499,10,6499,spatial_specificity,23.706539154052734,0.6531997323036194,0.06723979860544205
6499,10,6499,spatial_specificity,23.769729614257812,0.6792141199111938,0.06278030574321747
6499,10,6499,spatial_specificity,23.853721618652344,0.6457508206367493,0.07184822857379913
6499,10,6499,spatial_specificity,24.0,0.7281206250190735,0.06174681335687637
6499,10,6499,spatial_specificity,24.020824432373047,0.726595401763916,0.0617508627474308
6499,10,6499,spatial_specificity,24.0416316986084,0.6737673878669739,0.07063828408718109
6499,10,6499,spatial_specificity,24.083189010620117,0.6853519678115845,0.06642436981201172
6499,10,6499,spatial_specificity,24.166091918945312,0.6685866713523865,0.07556069642305374
6499,10,6499,spatial_specificity,24.1867733001709,0.6892802119255066,0.06804929673671722
6499,10,6499,spatial_specificity,24.207435607910156,0.6501517295837402,0.08211679756641388
6499,10,6499,spatial_specificity,24.3310489654541,0.718595027923584,0.06655889004468918
6499,10,6499,spatial_specificity,24.351591110229492,0.6872349977493286,0.07486077398061752
6499,10,6499,spatial_specificity,24.413110733032227,0.6559175252914429,0.08553984761238098
6499,10,6499,spatial_specificity,24.515300750732422,0.7152542471885681,0.07024643570184708
6499,10,6499,spatial_specificity,24.59674835205078,0.672034740447998,0.08411571383476257
6499,10,6499,spatial_specificity,24.698179244995117,0.6765124201774597,0.08504209667444229
6499,10,6499,spatial_specificity,24.73863410949707,0.7119990587234497,0.07455199956893921
6499,10,6499,spatial_specificity,24.75883674621582,0.6642686128616333,0.09617569297552109
6499,10,6499,spatial_specificity,24.83948516845703,0.6665285229682922,0.0974593237042427
6499,10,6499,spatial_specificity,25.0,0.7028878331184387,0.08277807384729385
6499,10,6499,spatial_specificity,25.01999282836914,0.7509514093399048,0.07271700352430344
6499,10,6499,spatial_specificity,25.05992889404297,0.6792834997177124,0.09251788258552551
6499,10,6499,spatial_specificity,25.079872131347656,0.7199260592460632,0.07733073085546494
6499,10,6499,spatial_specificity,25.179357528686523,0.7471652626991272,0.07458453625440598
6499,10,6499,spatial_specificity,25.238859176635742,0.6798815131187439,0.10022436082363129
6499,10,6499,spatial_specificity,25.298221588134766,0.7118285894393921,0.08588527143001556
6499,10,6499,spatial_specificity,25.317977905273438,0.7442495226860046,0.07724519073963165
6499,10,6499,spatial_specificity,25.455842971801758,0.6850277185440063,0.10836233198642731
6499,10,6499,spatial_specificity,25.495098114013672,0.7078765630722046,0.09240420162677765
6499,10,6499,spatial_specificity,25.553865432739258,0.6925386786460876,0.10228291153907776
6499,10,6499,spatial_specificity,25.612497329711914,0.6915248036384583,0.1098744347691536
6499,10,6499,spatial_specificity,25.63201141357422,0.7157946228981018,0.09233861416578293
6499,10,6499,spatial_specificity,25.709918975830078,0.7411428689956665,0.08411815017461777
6499,10,6499,spatial_specificity,25.806976318359375,0.699870765209198,0.11091812700033188
6499,10,6499,spatial_specificity,25.942243576049805,0.7107011079788208,0.10455787181854248
6499,10,6499,spatial_specificity,25.961509704589844,0.7424890398979187,0.08815382421016693
6499,10,6499,spatial_specificity,26.0,0.7423244118690491,0.08786269277334213
6499,10,6499,spatial_specificity,26.019224166870117,0.7801001667976379,0.07409542798995972
6499,10,6499,spatial_specificity,26.076810836791992,0.7442777156829834,0.08976390212774277
6499,10,6499,spatial_specificity,26.172504425048828,0.7430352568626404,0.09381215274333954
6499,10,6499,spatial_specificity,26.248809814453125,0.729830265045166,0.1036442294716835
6499,10,6499,spatial_specificity,26.305892944335938,0.7780054211616516,0.07983249425888062
6499,10,6499,spatial_specificity,26.400758743286133,0.7278867959976196,0.11130154132843018
6499,10,6499,spatial_specificity,26.419689178466797,0.7282869219779968,0.11252625286579132
6499,10,6499,spatial_specificity,26.476404190063477,0.7784110903739929,0.08216217160224915
6499,10,6499,spatial_specificity,26.570661544799805,0.7527556419372559,0.09734449535608292
6499,10,6499,spatial_specificity,26.62705421447754,0.7338125705718994,0.11746850609779358
6499,10,6499,spatial_specificity,26.68332862854004,0.7796993851661682,0.08492874354124069
6499,10,6499,spatial_specificity,26.832815170288086,0.7494417428970337,0.1111505851149559
6499,10,6499,spatial_specificity,26.870058059692383,0.7411397099494934,0.12120170891284943
6499,10,6499,spatial_specificity,26.90724754333496,0.7422451972961426,0.12073769420385361
6499,10,6499,spatial_specificity,26.925825119018555,0.7644037008285522,0.10155370831489563
6499,10,6499,spatial_specificity,27.0,0.812869131565094,0.06884405761957169
6499,10,6499,spatial_specificity,27.018512725830078,0.7799268960952759,0.09140945225954056
6499,10,6499,spatial_specificity,27.073972702026367,0.81109219789505,0.07109025865793228
6499,10,6499,spatial_specificity,27.166154861450195,0.8103178143501282,0.07251832634210587
6499,10,6499,spatial_specificity,27.202939987182617,0.7716706395149231,0.10439513623714447
6499,10,6499,spatial_specificity,27.294689178466797,0.7913877367973328,0.09345173835754395
6499,10,6499,spatial_specificity,27.312999725341797,0.7755878567695618,0.10677575320005417
6499,10,6499,spatial_specificity,27.459060668945312,0.7854151725769043,0.09264720231294632
6499,10,6499,spatial_specificity,27.51363182067871,0.7881762981414795,0.09155316650867462
6499,10,6499,spatial_specificity,27.58622932434082,0.7568589448928833,0.11577995866537094
6499,10,6499,spatial_specificity,27.658634185791016,0.7884426712989807,0.09555145353078842
6499,10,6499,spatial_specificity,27.730850219726562,0.7838565707206726,0.10788511484861374
6499,10,6499,spatial_specificity,27.784889221191406,0.78188157081604,0.11327420920133591
6499,10,6499,spatial_specificity,27.80287742614746,0.7773038744926453,0.11663918942213058
6499,10,6499,spatial_specificity,27.856775283813477,0.7990049719810486,0.09667746722698212
6499,10,6499,spatial_specificity,27.89265251159668,0.8188332915306091,0.08014007657766342
6499,10,6499,spatial_specificity,28.0,0.8591339588165283,0.06286255270242691
6499,10,6499,spatial_specificity,28.017852783203125,0.8201585412025452,0.0860123485326767
6499,10,6499,spatial_specificity,28.07133674621582,0.8564040660858154,0.06353099644184113
6499,10,6499,spatial_specificity,28.160255432128906,0.8395894169807434,0.07162386178970337
6499,10,6499,spatial_specificity,28.17800521850586,0.80303555727005,0.10981789976358414
6499,10,6499,spatial_specificity,28.231189727783203,0.8124033808708191,0.10008248686790466
6499,10,6499,spatial_specificity,28.284271240234375,0.8314977884292603,0.07923653721809387
6499,10,6499,spatial_specificity,28.301944732666016,0.8034844994544983,0.1132669746875763
6499,10,6499,spatial_specificity,28.319604873657227,0.791330873966217,0.11800612509250641
6499,10,6499,spatial_specificity,28.42534065246582,0.7986752390861511,0.1180800348520279
6499,10,6499,spatial_specificity,28.44292640686035,0.8519808650016785,0.0619719997048378
6499,10,6499,spatial_specificity,28.460498809814453,0.8286402225494385,0.08393081277608871
6499,10,6499,spatial_specificity,28.60070037841797,0.8100275993347168,0.11714665591716766
6499,10,6499,spatial_specificity,28.635643005371094,0.8358968496322632,0.08058427274227142
6499,10,6499,spatial_specificity,28.65309715270996,0.8136082887649536,0.10611911118030548
6499,10,6499,spatial_specificity,28.792360305786133,0.8373658061027527,0.08401409536600113
6499,10,6499,spatial_specificity,28.844409942626953,0.8155293464660645,0.11222637444734573
6499,10,6499,spatial_specificity,28.861740112304688,0.8559472560882568,0.06432243436574936
6499,10,6499,spatial_specificity,29.0,0.839194118976593,0.09067296981811523
6499,10,6499,spatial_specificity,29.017236709594727,0.8901031613349915,0.0478409081697464
6499,10,6499,spatial_specificity,29.068883895874023,0.8436707854270935,0.08478260040283203
6499,10,6499,spatial_specificity,29.120439529418945,0.859287679195404,0.06479647755622864
6499,10,6499,spatial_specificity,29.15475845336914,0.8530904054641724,0.0760776698589325
6499,10,6499,spatial_specificity,29.20616340637207,0.8304834365844727,0.11080823093652725
6499,10,6499,spatial_specificity,29.27456283569336,0.8848869204521179,0.04505455493927002
6499,10,6499,spatial_specificity,29.4108829498291,0.8523094654083252,0.08428844064474106
6499,10,6499,spatial_specificity,29.42787742614746,0.8847862482070923,0.04394577816128731
6499,10,6499,spatial_specificity,29.529645919799805,0.8459494113922119,0.09778188914060593
6499,10,6499,spatial_specificity,29.546573638916016,0.8517279028892517,0.08471845090389252
6499,10,6499,spatial_specificity,29.614185333251953,0.884699821472168,0.04450453445315361
6499,10,6499,spatial_specificity,29.681644439697266,0.8506301045417786,0.09901018440723419
6499,10,6499,spatial_specificity,29.698484420776367,0.84278404712677,0.11009657382965088
6499,10,6499,spatial_specificity,29.73213768005371,0.8539740443229675,0.08668234199285507
6499,10,6499,spatial_specificity,29.832868576049805,0.8623887896537781,0.07734429836273193
6499,10,6499,spatial_specificity,29.96664810180664,0.8548101186752319,0.08387302607297897
6499,10,6499,spatial_specificity,30.0,0.8689031004905701,0.08381165564060211
6499,10,6499,spatial_specificity,30.01666259765625,0.8729085922241211,0.06502075493335724
6499,10,6499,spatial_specificity,30.066593170166016,0.9043083190917969,0.024332622066140175
6499,10,6499,spatial_specificity,30.08321762084961,0.8710262179374695,0.057101525366306305
6499,10,6499,spatial_specificity,30.149627685546875,0.9012532830238342,0.024656524881720543
6499,10,6499,spatial_specificity,30.232433319091797,0.8554528951644897,0.09638168662786484
6499,10,6499,spatial_specificity,30.265491485595703,0.9004101753234863,0.025115247815847397
6499,10,6499,spatial_specificity,30.36445426940918,0.8755412697792053,0.050155967473983765
6499,10,6499,spatial_specificity,30.4138126373291,0.8700371980667114,0.07958845049142838
6499,10,6499,spatial_specificity,30.463092803955078,0.8678193688392639,0.07066960632801056
6499,10,6499,spatial_specificity,30.479501724243164,0.8607251048088074,0.09646096080541611
6499,10,6499,spatial_specificity,30.528675079345703,0.8563701510429382,0.0903281569480896
6499,10,6499,spatial_specificity,30.594118118286133,0.8968119025230408,0.027542904019355774
6499,10,6499,spatial_specificity,30.610454559326172,0.8646202087402344,0.09259621798992157
6499,10,6499,spatial_specificity,30.675724029541016,0.8767758011817932,0.053867559880018234
6499,10,6499,spatial_specificity,30.805843353271484,0.8745722770690918,0.0703347697854042
6499,10,6499,spatial_specificity,30.870698928833008,0.8702312111854553,0.07153698056936264
6499,10,6499,spatial_specificity,30.886890411376953,0.8674478530883789,0.08137093484401703
6499,10,6499,spatial_specificity,31.0,0.9258205890655518,0.013025675900280476
6499,10,6499,spatial_specificity,31.016124725341797,0.8938042521476746,0.03978044167160988
6499,10,6499,spatial_specificity,31.048349380493164,0.8936503529548645,0.03504196181893349
6499,10,6499,spatial_specificity,31.064449310302734,0.8845915198326111,0.0693686380982399
6499,10,6499,spatial_specificity,31.11269760131836,0.8679563403129578,0.09254975616931915
6499,10,6499,spatial_specificity,31.14482307434082,0.8825146555900574,0.07532031834125519
6499,10,6499,spatial_specificity,31.240999221801758,0.8705911636352539,0.08808790892362595
6499,10,6499,spatial_specificity,31.256999969482422,0.9132857322692871,0.016708919778466225
6499,10,6499,spatial_specificity,31.30495262145996,0.872793972492218,0.07352534681558609
6499,10,6499,spatial_specificity,31.320920944213867,0.8896874785423279,0.03772229328751564
6499,10,6499,spatial_specificity,31.384708404541016,0.8761605620384216,0.06847453862428665
6499,10,6499,spatial_specificity,31.400636672973633,0.8803117871284485,0.07007654011249542
6499,10,6499,spatial_specificity,31.575305938720703,0.9060206413269043,0.024176521226763725
6499,10,6499,spatial_specificity,31.62277603149414,0.8793363571166992,0.06892933696508408
6499,10,6499,spatial_specificity,31.764760971069336,0.8739018440246582,0.0713476687669754
6499,10,6499,spatial_specificity,31.780498504638672,0.8821429014205933,0.052409395575523376
6499,10,6499,spatial_specificity,31.827659606933594,0.8682820796966553,0.08946430683135986
6499,10,6499,spatial_specificity,31.890438079833984,0.8713876605033875,0.08799460530281067
6499,10,6499,spatial_specificity,31.906112670898438,0.8811128735542297,0.07958859205245972
6499,10,6499,spatial_specificity,31.95309066772461,0.8875524401664734,0.050555769354104996
6499,10,6499,spatial_specificity,32.015621185302734,0.8778033256530762,0.07295295596122742
6499,10,6499,spatial_specificity,32.202484130859375,0.8853097558021545,0.06870802491903305
6499,10,6499,spatial_specificity,32.24903106689453,0.8886808156967163,0.07021849602460861
6499,10,6499,spatial_specificity,32.280025482177734,0.8936300277709961,0.037447571754455566
6499,10,6499,spatial_specificity,32.31098937988281,0.8889038562774658,0.0520220622420311
6499,10,6499,spatial_specificity,32.4499626159668,0.8770363926887512,0.074345164000988
6499,10,6499,spatial_specificity,32.526912689208984,0.8572079539299011,0.08723602443933487
6499,10,6499,spatial_specificity,32.557640075683594,0.8582013845443726,0.08585662394762039
6499,10,6499,spatial_specificity,32.572994232177734,0.8937687873840332,0.039321254938840866
6499,10,6499,spatial_specificity,32.649654388427734,0.8751789927482605,0.06654597073793411
6499,10,6499,spatial_specificity,32.69556427001953,0.8744437098503113,0.0580240897834301
6499,10,6499,spatial_specificity,32.75667953491211,0.8680895566940308,0.0708802342414856
6499,10,6499,spatial_specificity,32.80244064331055,0.8721992373466492,0.07371293008327484
6499,10,6499,spatial_specificity,32.893768310546875,0.8864426016807556,0.043159119784832
6499,10,6499,spatial_specificity,33.0151481628418,0.8731852769851685,0.07139566540718079
6499,10,6499,spatial_specificity,33.105892181396484,0.875089168548584,0.06531624495983124
6499,10,6499,spatial_specificity,33.12099075317383,0.8735262751579285,0.06875400245189667
6499,10,6499,spatial_specificity,33.241539001464844,0.8562997579574585,0.06189994513988495
6499,10,6499,spatial_specificity,33.2866325378418,0.8508241772651672,0.06492552161216736
6499,10,6499,spatial_specificity,33.30165100097656,0.8517887592315674,0.06522078812122345
6499,10,6499,spatial_specificity,33.42155075073242,0.8595311641693115,0.06385251879692078
6499,10,6499,spatial_specificity,33.541019439697266,0.8590803146362305,0.05515456199645996
6499,10,6499,spatial_specificity,33.60059356689453,0.8592316508293152,0.06557383388280869
6499,10,6499,spatial_specificity,33.615474700927734,0.8653144836425781,0.05319378897547722
6499,10,6499,spatial_specificity,33.83784866333008,0.8666550517082214,0.056033533066511154
6499,10,6499,spatial_specificity,33.941123962402344,0.8704410791397095,0.05566941946744919
6499,10,6499,spatial_specificity,33.97057342529297,0.8725350499153137,0.05522837117314339
6499,10,6499,spatial_specificity,34.0,0.8672203421592712,0.05164030194282532
6499,10,6499,spatial_specificity,34.01470184326172,0.8901768326759338,0.040528226643800735
6499,10,6499,spatial_specificity,34.058773040771484,0.8696438670158386,0.05916943773627281
6499,10,6499,spatial_specificity,34.13209533691406,0.8721718192100525,0.04896475002169609
6499,10,6499,spatial_specificity,34.20526123046875,0.8734779357910156,0.05352450907230377
6499,10,6499,spatial_specificity,34.4093017578125,0.851878821849823,0.03164350986480713
6499,10,6499,spatial_specificity,34.438350677490234,0.896148145198822,0.03720788657665253
6499,10,6499,spatial_specificity,34.48188018798828,0.847993016242981,0.028881043195724487
6499,10,6499,spatial_specificity,34.65544891357422,0.8547297716140747,0.0325833261013031
6499,10,6499,spatial_specificity,34.66987228393555,0.8581937551498413,0.024188369512557983
6499,10,6499,spatial_specificity,34.71310806274414,0.8572853803634644,0.030351608991622925
6499,10,6499,spatial_specificity,34.828147888183594,0.861364483833313,0.026450783014297485
6499,10,6499,spatial_specificity,34.885528564453125,0.8821189403533936,0.026515156030654907
6499,10,6499,spatial_specificity,34.98571014404297,0.8586553931236267,0.02134758234024048
6499,10,6499,spatial_specificity,35.0,0.8657283186912537,0.02084296941757202
6499,10,6499,spatial_specificity,35.22782897949219,0.8693374395370483,0.015211552381515503
6499,10,6499,spatial_specificity,35.35533905029297,0.8763984441757202,0.017393916845321655
6499,10,6499,spatial_specificity,35.38361358642578,0.8750103712081909,0.01729986071586609
6499,10,6499,spatial_specificity,35.46829605102539,0.8765508532524109,0.015656352043151855
6499,10,6499,spatial_specificity,35.510562896728516,0.8688710331916809,0.013489782810211182
6499,10,6499,spatial_specificity,35.60898971557617,0.8773324489593506,0.012255460023880005
6499,10,6499,spatial_specificity,35.80502700805664,0.8775895237922668,0.008280336856842041
6499,10,6499,spatial_specificity,35.84689712524414,0.8957778215408325,0.014644086360931396
6499,10,6499,spatial_specificity,36.055511474609375,0.8765370845794678,0.007864952087402344
6499,10,6499,spatial_specificity,36.06937789916992,0.8881089687347412,0.005807787179946899
6499,10,6499,spatial_specificity,36.12478256225586,0.887995719909668,0.006392955780029297
6499,10,6499,spatial_specificity,36.2353401184082,0.887419581413269,0.004467666149139404
6499,10,6499,spatial_specificity,36.359317779541016,0.9024385213851929,0.007333934307098389
6499,10,6499,spatial_specificity,36.400550842285156,0.8851609230041504,0.0022608935832977295
6499,10,6499,spatial_specificity,36.619667053222656,0.8816162347793579,0.0039314329624176025
6499,10,6499,spatial_specificity,36.769554138183594,0.8976815938949585,0.0010125935077667236
6499,10,6499,spatial_specificity,36.79673767089844,0.8959372043609619,0.000310361385345459
6499,10,6499,spatial_specificity,36.878177642822266,0.8941848278045654,0.0009940564632415771
6499,10,6499,spatial_specificity,36.8917350769043,0.9054208993911743,0.0038127601146698
6499,10,6499,spatial_specificity,37.013511657714844,0.8903892040252686,0.0013209879398345947
6499,10,6499,spatial_specificity,37.202152252197266,0.8861777782440186,0.0011220872402191162
6499,10,6499,spatial_specificity,37.44329071044922,0.9086613655090332,0.002382904291152954
6499,10,6499,spatial_specificity,37.48332977294922,0.9005112051963806,0.0031079649925231934
6499,10,6499,spatial_specificity,37.53664779663086,0.8976731896400452,0.0035343170166015625
6499,10,6499,spatial_specificity,37.643062591552734,0.8931278586387634,0.0035936832427978516
6499,10,6499,spatial_specificity,37.80211639404297,0.889613151550293,0.00022938847541809082
6499,10,6499,spatial_specificity,38.01315689086914,0.9100459814071655,2.792479244817514e-05
6499,10,6499,spatial_specificity,38.18376541137695,0.9010645151138306,0.003321230411529541
6499,10,6499,spatial_specificity,38.20994567871094,0.8994467258453369,0.003810495138168335
6499,10,6499,spatial_specificity,38.28837966918945,0.8953000903129578,0.004646658897399902
6499,10,6499,spatial_specificity,38.41874694824219,0.891970157623291,0.00035315752029418945
6499,10,6499,spatial_specificity,38.60051727294922,0.9158926010131836,0.0020525455474853516
6499,10,6499,spatial_specificity,38.897300720214844,0.8999234437942505,0.0034411847591400146
6499,10,6499,spatial_specificity,38.94868469238281,0.8972916603088379,0.00499376654624939
6499,10,6499,spatial_specificity,39.051246643066406,0.8952624797821045,0.00012663006782531738
6499,10,6499,spatial_specificity,39.20458984375,0.9153001308441162,0.001486063003540039
6499,10,6499,spatial_specificity,39.59798049926758,0.8988951444625854,0.0036956369876861572
6499,10,6499,spatial_specificity,39.623226165771484,0.8982604742050171,0.004543095827102661
6499,10,6499,spatial_specificity,39.69886779785156,0.8991813659667969,0.00019374489784240723
6499,10,6499,spatial_specificity,39.824615478515625,0.9135438203811646,0.008599430322647095
6499,10,6499,spatial_specificity,40.31128692626953,0.8980250954627991,0.0034995079040527344
6499,10,6499,spatial_specificity,40.360870361328125,0.9018831253051758,0.002243638038635254
6499,10,6499,spatial_specificity,40.45985794067383,0.9195326566696167,0.0
6499,10,6499,spatial_specificity,41.01219177246094,0.9004628658294678,0.0009447336196899414
6499,10,6499,spatial_specificity,41.03656768798828,0.9037822484970093,0.004132062196731567
6499,10,6499,spatial_specificity,41.1096076965332,0.9199730157852173,0.0
6499,10,6499,spatial_specificity,41.72529220581055,0.9073336124420166,0.0059802234172821045
6499,10,6499,spatial_specificity,41.773197174072266,0.9225389361381531,0.0
6499,10,6499,spatial_specificity,42.42640686035156,0.9181824326515198,0.00774306058883667
6499,10,6499,spatial_specificity,42.44997024536133,0.9247069954872131,0.0
6499,10,6499,spatial_specificity,43.13930892944336,0.9361656904220581,0.0
6999,11,6999,cls_effective_rank,,15.629509925842285,1.0714164972305298
6999,11,6999,patch_effective_rank,,81.2151107788086,11.32491683959961
6999,11,6999,mean_off_diagonal_similarity,,0.6903622150421143,0.02212337590754032
6999,11,6999,spatial_specificity_correlation,,-0.2548013925552368,0.045767366886138916
6999,11,6999,spatial_specificity,1.0,0.9556498527526855,0.005395157262682915
6999,11,6999,spatial_specificity,1.4142135381698608,0.9331852197647095,0.007146706338971853
6999,11,6999,spatial_specificity,2.0,0.9042779803276062,0.010583422146737576
6999,11,6999,spatial_specificity,2.2360680103302,0.891764760017395,0.010736251249909401
6999,11,6999,spatial_specificity,2.8284270763397217,0.8643604516983032,0.012095693498849869
6999,11,6999,spatial_specificity,3.0,0.858418345451355,0.014233751222491264
6999,11,6999,spatial_specificity,3.1622776985168457,0.8515139818191528,0.013547269627451897
6999,11,6999,spatial_specificity,3.605551242828369,0.8351569175720215,0.01347965095192194
6999,11,6999,spatial_specificity,4.0,0.8216958045959473,0.016216611489653587
6999,11,6999,spatial_specificity,4.123105525970459,0.8178561925888062,0.01553818304091692
6999,11,6999,spatial_specificity,4.242640495300293,0.8143957853317261,0.013914805836975574
6999,11,6999,spatial_specificity,4.4721360206604,0.8079783320426941,0.014960586093366146
6999,11,6999,spatial_specificity,5.0,0.792950451374054,0.015700319781899452
6999,11,6999,spatial_specificity,5.099019527435303,0.7902674674987793,0.016914043575525284
6999,11,6999,spatial_specificity,5.385164737701416,0.7836338877677917,0.01672651432454586
6999,11,6999,spatial_specificity,5.656854152679443,0.7759593725204468,0.016504213213920593
6999,11,6999,spatial_specificity,5.830952167510986,0.7723991870880127,0.01737608201801777
6999,11,6999,spatial_specificity,6.0,0.7699631452560425,0.01834423653781414
6999,11,6999,spatial_specificity,6.082762241363525,0.7677109837532043,0.018132101744413376
6999,11,6999,spatial_specificity,6.324555397033691,0.7626676559448242,0.018454715609550476
6999,11,6999,spatial_specificity,6.4031243324279785,0.7586510181427002,0.018676944077014923
6999,11,6999,spatial_specificity,6.7082037925720215,0.75380539894104,0.019524848088622093
6999,11,6999,spatial_specificity,7.0,0.7510157823562622,0.019492872059345245
6999,11,6999,spatial_specificity,7.071067810058594,0.7474120855331421,0.019650835543870926
6999,11,6999,spatial_specificity,7.211102485656738,0.7424097061157227,0.02098916843533516
6999,11,6999,spatial_specificity,7.280109882354736,0.7447382211685181,0.02013815939426422
6999,11,6999,spatial_specificity,7.6157732009887695,0.7372725605964661,0.02148452214896679
6999,11,6999,spatial_specificity,7.8102498054504395,0.7300459742546082,0.02273355796933174
6999,11,6999,spatial_specificity,8.0,0.7352198958396912,0.02081853337585926
6999,11,6999,spatial_specificity,8.062257766723633,0.7304476499557495,0.021849438548088074
6999,11,6999,spatial_specificity,8.246211051940918,0.729079008102417,0.021839633584022522
6999,11,6999,spatial_specificity,8.485280990600586,0.7178322076797485,0.02470729500055313
6999,11,6999,spatial_specificity,8.5440034866333,0.7223846912384033,0.02331601083278656
6999,11,6999,spatial_specificity,8.602325439453125,0.7169299125671387,0.024760181084275246
6999,11,6999,spatial_specificity,8.9442720413208,0.7140557169914246,0.024837099015712738
6999,11,6999,spatial_specificity,9.0,0.7219097018241882,0.02182200364768505
6999,11,6999,spatial_specificity,9.05538558959961,0.7198739051818848,0.02230159565806389
6999,11,6999,spatial_specificity,9.219544410705566,0.7109332084655762,0.02484535425901413
6999,11,6999,spatial_specificity,9.433980941772461,0.7047768831253052,0.026612455025315285
6999,11,6999,spatial_specificity,9.486832618713379,0.7094942927360535,0.024721872061491013
6999,11,6999,spatial_specificity,9.848857879638672,0.70199054479599,0.026223205029964447
6999,11,6999,spatial_specificity,9.899495124816895,0.6959750056266785,0.028395123779773712
6999,11,6999,spatial_specificity,10.0,0.7006670236587524,0.02604140155017376
6999,11,6999,spatial_specificity,10.049875259399414,0.7086666822433472,0.023323334753513336
6999,11,6999,spatial_specificity,10.198039054870605,0.7043431401252747,0.024584095925092697
6999,11,6999,spatial_specificity,10.29563045501709,0.6937910318374634,0.028025655075907707
6999,11,6999,spatial_specificity,10.440306663513184,0.6984952688217163,0.025936661288142204
6999,11,6999,spatial_specificity,10.630146026611328,0.6863317489624023,0.030123749747872353
6999,11,6999,spatial_specificity,10.770329475402832,0.6914788484573364,0.027553826570510864
6999,11,6999,spatial_specificity,10.816654205322266,0.6854928135871887,0.029965989291667938
6999,11,6999,spatial_specificity,11.0,0.7017024755477905,0.023309562355279922
6999,11,6999,spatial_specificity,11.045360565185547,0.699492335319519,0.02414271980524063
6999,11,6999,spatial_specificity,11.180339813232422,0.6896480321884155,0.027306027710437775
6999,11,6999,spatial_specificity,11.313708305358887,0.6774870753288269,0.03173677623271942
6999,11,6999,spatial_specificity,11.401754379272461,0.683490514755249,0.029248883947730064
6999,11,6999,spatial_specificity,11.661904335021973,0.6763706207275391,0.03136024624109268
6999,11,6999,spatial_specificity,11.704700469970703,0.6826828122138977,0.02866826392710209
6999,11,6999,spatial_specificity,12.0,0.6943705081939697,0.02407403662800789
6999,11,6999,spatial_specificity,12.041594505310059,0.6809183359146118,0.028608303517103195
6999,11,6999,spatial_specificity,12.083045959472656,0.6753096580505371,0.03051942214369774
6999,11,6999,spatial_specificity,12.16552448272705,0.6877039670944214,0.026377728208899498
6999,11,6999,spatial_specificity,12.206555366516113,0.66890949010849,0.03320172801613808
6999,11,6999,spatial_specificity,12.369317054748535,0.6820307970046997,0.02780795842409134
6999,11,6999,spatial_specificity,12.529964447021484,0.6679835319519043,0.03256017342209816
6999,11,6999,spatial_specificity,12.649110794067383,0.6753520369529724,0.029461434110999107
6999,11,6999,spatial_specificity,12.727921485900879,0.6616523265838623,0.0348859503865242
6999,11,6999,spatial_specificity,12.806248664855957,0.6615018844604492,0.03483854606747627
6999,11,6999,spatial_specificity,13.0,0.674953818321228,0.02866608090698719
6999,11,6999,spatial_specificity,13.038405418395996,0.6738702058792114,0.029414545744657516
6999,11,6999,spatial_specificity,13.152946472167969,0.6816920042037964,0.02684982307255268
6999,11,6999,spatial_specificity,13.34166431427002,0.6759136915206909,0.028394419699907303
6999,11,6999,spatial_specificity,13.416407585144043,0.6606491804122925,0.03335224837064743
6999,11,6999,spatial_specificity,13.45362377166748,0.6541832685470581,0.036271266639232635
6999,11,6999,spatial_specificity,13.601469993591309,0.6616531610488892,0.03291944041848183
6999,11,6999,spatial_specificity,13.892444610595703,0.6535623669624329,0.03515981510281563
6999,11,6999,spatial_specificity,13.928387641906738,0.6618078351020813,0.03197001665830612
6999,11,6999,spatial_specificity,14.0,0.683341383934021,0.025895193219184875
6999,11,6999,spatial_specificity,14.03566837310791,0.6812562942504883,0.026373688131570816
6999,11,6999,spatial_specificity,14.142135620117188,0.6669309139251709,0.03038776107132435
6999,11,6999,spatial_specificity,14.21267032623291,0.6468471884727478,0.037319742143154144
6999,11,6999,spatial_specificity,14.317821502685547,0.6625640988349915,0.03127603977918625
6999,11,6999,spatial_specificity,14.422204971313477,0.6465411186218262,0.03676401078701019
6999,11,6999,spatial_specificity,14.560219764709473,0.6638301610946655,0.030583994463086128
6999,11,6999,spatial_specificity,14.764822959899902,0.647002100944519,0.03552132844924927
6999,11,6999,spatial_specificity,14.866068840026855,0.6481093764305115,0.035456523299217224
6999,11,6999,spatial_specificity,15.0,0.6527761220932007,0.03324196860194206
6999,11,6999,spatial_specificity,15.033296585083008,0.6761285066604614,0.027069052681326866
6999,11,6999,spatial_specificity,15.132745742797852,0.6716603636741638,0.028127452358603477
6999,11,6999,spatial_specificity,15.231546401977539,0.6489477157592773,0.03399650752544403
6999,11,6999,spatial_specificity,15.264337539672852,0.6397489309310913,0.03705001622438431
6999,11,6999,spatial_specificity,15.297059059143066,0.6657090187072754,0.029391542077064514
6999,11,6999,spatial_specificity,15.524174690246582,0.6588271856307983,0.030941035598516464
6999,11,6999,spatial_specificity,15.55634880065918,0.6323597431182861,0.03956358879804611
6999,11,6999,spatial_specificity,15.620499610900879,0.6323213577270508,0.03910014405846596
6999,11,6999,spatial_specificity,15.65247631072998,0.6412816643714905,0.03573208674788475
6999,11,6999,spatial_specificity,15.81138801574707,0.641933798789978,0.035257212817668915
6999,11,6999,spatial_specificity,16.0,0.6725367307662964,0.02754073217511177
6999,11,6999,spatial_specificity,16.031219482421875,0.6706030964851379,0.027917472645640373
6999,11,6999,spatial_specificity,16.124515533447266,0.6503201723098755,0.032149992883205414
6999,11,6999,spatial_specificity,16.155494689941406,0.6435859799385071,0.03424200043082237
6999,11,6999,spatial_specificity,16.278820037841797,0.6431635618209839,0.034154005348682404
6999,11,6999,spatial_specificity,16.401220321655273,0.6252727508544922,0.03911107778549194
6999,11,6999,spatial_specificity,16.492422103881836,0.6534565687179565,0.03108121082186699
6999,11,6999,spatial_specificity,16.552946090698242,0.6360068321228027,0.03574205935001373
6999,11,6999,spatial_specificity,16.6433162689209,0.6262062788009644,0.038117676973342896
6999,11,6999,spatial_specificity,16.76305389404297,0.6460081934928894,0.03238430246710777
6999,11,6999,spatial_specificity,16.970561981201172,0.6178885102272034,0.04036909341812134
6999,11,6999,spatial_specificity,17.0,0.6416529417037964,0.03236900642514229
6999,11,6999,spatial_specificity,17.029386520385742,0.6420704126358032,0.032371290028095245
6999,11,6999,spatial_specificity,17.0880069732666,0.6383348703384399,0.03403850644826889
6999,11,6999,spatial_specificity,17.11724281311035,0.6609572172164917,0.02853059209883213
6999,11,6999,spatial_specificity,17.20465087890625,0.6187863945960999,0.038902949541807175
6999,11,6999,spatial_specificity,17.262676239013672,0.6552726030349731,0.029304349794983864
6999,11,6999,spatial_specificity,17.464248657226562,0.639653205871582,0.032648153603076935
6999,11,6999,spatial_specificity,17.492855072021484,0.6205970048904419,0.03741191700100899
6999,11,6999,spatial_specificity,17.69180679321289,0.6107805371284485,0.03993413224816322
6999,11,6999,spatial_specificity,17.72004508972168,0.6408752202987671,0.03175125643610954
6999,11,6999,spatial_specificity,17.804494857788086,0.6113673448562622,0.03940083831548691
6999,11,6999,spatial_specificity,17.8885440826416,0.6230200529098511,0.03609243407845497
6999,11,6999,spatial_specificity,18.0,0.661345362663269,0.02774161659181118
6999,11,6999,spatial_specificity,18.027755737304688,0.6357234120368958,0.03110087849199772
6999,11,6999,spatial_specificity,18.11077117919922,0.6554868817329407,0.02775256335735321
6999,11,6999,spatial_specificity,18.248287200927734,0.6498538255691528,0.028530163690447807
6999,11,6999,spatial_specificity,18.357559204101562,0.6152569055557251,0.03623759746551514
6999,11,6999,spatial_specificity,18.384777069091797,0.6186832785606384,0.03532114997506142
6999,11,6999,spatial_specificity,18.439088821411133,0.6240546703338623,0.03328347206115723
6999,11,6999,spatial_specificity,18.601076126098633,0.6055716276168823,0.03795474022626877
6999,11,6999,spatial_specificity,18.681541442871094,0.6362494826316833,0.030274752527475357
6999,11,6999,spatial_specificity,18.788293838500977,0.618242084980011,0.034298788756132126
6999,11,6999,spatial_specificity,18.867961883544922,0.6076738238334656,0.036350879818201065
6999,11,6999,spatial_specificity,18.973665237426758,0.6289727091789246,0.03131565451622009
6999,11,6999,spatial_specificity,19.0,0.6560793519020081,0.02728651650249958
6999,11,6999,spatial_specificity,19.02629852294922,0.6541781425476074,0.027146905660629272
6999,11,6999,spatial_specificity,19.10497283935547,0.6243788003921509,0.029657017439603806
6999,11,6999,spatial_specificity,19.209373474121094,0.5985694527626038,0.03769347816705704
6999,11,6999,spatial_specificity,19.235383987426758,0.6280518770217896,0.029311183840036392
6999,11,6999,spatial_specificity,19.313207626342773,0.6214388608932495,0.032040245831012726
6999,11,6999,spatial_specificity,19.416488647460938,0.6198819875717163,0.030694153159856796
6999,11,6999,spatial_specificity,19.646883010864258,0.6321801543235779,0.02864907868206501
6999,11,6999,spatial_specificity,19.697715759277344,0.6140650510787964,0.03236919268965721
6999,11,6999,spatial_specificity,19.72308349609375,0.6033545136451721,0.034428671002388
6999,11,6999,spatial_specificity,19.79899024963379,0.591131865978241,0.03705950453877449
6999,11,6999,spatial_specificity,19.84943389892578,0.591821551322937,0.036895930767059326
6999,11,6999,spatial_specificity,19.92485809326172,0.6254627108573914,0.02939775213599205
6999,11,6999,spatial_specificity,20.0,0.6140426397323608,0.028665535151958466
6999,11,6999,spatial_specificity,20.02498435974121,0.6506484150886536,0.02756151743233204
6999,11,6999,spatial_specificity,20.099750518798828,0.6467092037200928,0.02695304900407791
6999,11,6999,spatial_specificity,20.124610900878906,0.606827437877655,0.032510556280612946
6999,11,6999,spatial_specificity,20.2237491607666,0.6417549848556519,0.02673942968249321
6999,11,6999,spatial_specificity,20.248456954956055,0.6075350046157837,0.03212646767497063
6999,11,6999,spatial_specificity,20.39607810974121,0.6359651684761047,0.026864998042583466
6999,11,6999,spatial_specificity,20.51828384399414,0.5862165689468384,0.036441609263420105
6999,11,6999,spatial_specificity,20.59126091003418,0.6002202033996582,0.033037662506103516
6999,11,6999,spatial_specificity,20.615528106689453,0.609735906124115,0.030405620113015175
6999,11,6999,spatial_specificity,20.808650970458984,0.5910281538963318,0.03563341498374939
6999,11,6999,spatial_specificity,20.880613327026367,0.6233707666397095,0.028906764462590218
6999,11,6999,spatial_specificity,21.0,0.6517652273178101,0.032117173075675964
6999,11,6999,spatial_specificity,21.02379608154297,0.628088116645813,0.026950564235448837
6999,11,6999,spatial_specificity,21.095022201538086,0.6212744116783142,0.027501434087753296
6999,11,6999,spatial_specificity,21.189619064331055,0.6172133684158325,0.03035297803580761
6999,11,6999,spatial_specificity,21.21320343017578,0.622394323348999,0.02782990224659443
6999,11,6999,spatial_specificity,21.260292053222656,0.5833863615989685,0.03728511929512024
6999,11,6999,spatial_specificity,21.3775577545166,0.6366259455680847,0.02942209504544735
6999,11,6999,spatial_specificity,21.40093421936035,0.5862258076667786,0.037586528807878494
6999,11,6999,spatial_specificity,21.470911026000977,0.5990418791770935,0.034710489213466644
6999,11,6999,spatial_specificity,21.540658950805664,0.6114996671676636,0.03271131590008736
6999,11,6999,spatial_specificity,21.587032318115234,0.6309217214584351,0.03039371594786644
6999,11,6999,spatial_specificity,21.63330841064453,0.5903056859970093,0.03832510486245155
6999,11,6999,spatial_specificity,21.840330123901367,0.6257054209709167,0.032910656183958054
6999,11,6999,spatial_specificity,21.931711196899414,0.5943127274513245,0.03921535238623619
6999,11,6999,spatial_specificity,21.954498291015625,0.5951745510101318,0.04024524241685867
6999,11,6999,spatial_specificity,22.0,0.6563290357589722,0.03958909213542938
6999,11,6999,spatial_specificity,22.022714614868164,0.6199849843978882,0.03358841314911842
6999,11,6999,spatial_specificity,22.090721130371094,0.6514479517936707,0.03845749795436859
6999,11,6999,spatial_specificity,22.135944366455078,0.620780348777771,0.03675559535622597
6999,11,6999,spatial_specificity,22.203603744506836,0.6182750463485718,0.03695552051067352
6999,11,6999,spatial_specificity,22.360679626464844,0.6235615015029907,0.03930662199854851
6999,11,6999,spatial_specificity,22.472204208374023,0.6054940819740295,0.045347608625888824
6999,11,6999,spatial_specificity,22.56102752685547,0.6395207643508911,0.041374288499355316
6999,11,6999,spatial_specificity,22.627416610717773,0.5859938859939575,0.052094265818595886
6999,11,6999,spatial_specificity,22.671567916870117,0.587225615978241,0.05231792479753494
6999,11,6999,spatial_specificity,22.803508758544922,0.612851619720459,0.04914163798093796
6999,11,6999,spatial_specificity,22.825424194335938,0.6025490760803223,0.053547777235507965
6999,11,6999,spatial_specificity,22.847320556640625,0.6147266626358032,0.05149701610207558
6999,11,6999,spatial_specificity,23.0,0.6683030724525452,0.055874794721603394
6999,11,6999,spatial_specificity,23.021728515625,0.6320133805274963,0.05137233808636665
6999,11,6999,spatial_specificity,23.086793899536133,0.6491145491600037,0.05314192175865173
6999,11,6999,spatial_specificity,23.194828033447266,0.6628404855728149,0.05748216435313225
6999,11,6999,spatial_specificity,23.25940704345703,0.6151096224784851,0.06203591078519821
6999,11,6999,spatial_specificity,23.323808670043945,0.6049400568008423,0.06585225462913513
6999,11,6999,spatial_specificity,23.345233917236328,0.6284066438674927,0.060201480984687805
6999,11,6999,spatial_specificity,23.409400939941406,0.6311163902282715,0.06338797509670258
6999,11,6999,spatial_specificity,23.430747985839844,0.5990864634513855,0.0696939155459404
6999,11,6999,spatial_specificity,23.53720474243164,0.6568251848220825,0.06500924378633499
6999,11,6999,spatial_specificity,23.600847244262695,0.6035881638526917,0.07340682297945023
6999,11,6999,spatial_specificity,23.706539154052734,0.6182684898376465,0.0750168114900589
6999,11,6999,spatial_specificity,23.769729614257812,0.6434090733528137,0.07218073308467865
6999,11,6999,spatial_specificity,23.853721618652344,0.6119706034660339,0.07966885715723038
6999,11,6999,spatial_specificity,24.0,0.6917990446090698,0.07539642602205276
6999,11,6999,spatial_specificity,24.020824432373047,0.6903423070907593,0.0751555934548378
6999,11,6999,spatial_specificity,24.0416316986084,0.6401306986808777,0.08043361455202103
6999,11,6999,spatial_specificity,24.083189010620117,0.651868462562561,0.07700652629137039
6999,11,6999,spatial_specificity,24.166091918945312,0.6357155442237854,0.08518592268228531
6999,11,6999,spatial_specificity,24.1867733001709,0.6554932594299316,0.07903619855642319
6999,11,6999,spatial_specificity,24.207435607910156,0.6194494962692261,0.09113386273384094
6999,11,6999,spatial_specificity,24.3310489654541,0.6839118003845215,0.07954403758049011
6999,11,6999,spatial_specificity,24.351591110229492,0.6544733047485352,0.08566444367170334
6999,11,6999,spatial_specificity,24.413110733032227,0.6261838674545288,0.09529340267181396
6999,11,6999,spatial_specificity,24.515300750732422,0.6817687153816223,0.08297985047101974
6999,11,6999,spatial_specificity,24.59674835205078,0.6421633958816528,0.09426946938037872
6999,11,6999,spatial_specificity,24.698179244995117,0.6473221182823181,0.09562675654888153
6999,11,6999,spatial_specificity,24.73863410949707,0.6802264451980591,0.08718990534543991
6999,11,6999,spatial_specificity,24.75883674621582,0.6382244825363159,0.10685911029577255
6999,11,6999,spatial_specificity,24.83948516845703,0.6410778164863586,0.10856693983078003
6999,11,6999,spatial_specificity,25.0,0.6752842664718628,0.09519116580486298
6999,11,6999,spatial_specificity,25.01999282836914,0.7204536199569702,0.08796518296003342
6999,11,6999,spatial_specificity,25.05992889404297,0.6535881757736206,0.10362712293863297
6999,11,6999,spatial_specificity,25.079872131347656,0.6917222738265991,0.09087967872619629
6999,11,6999,spatial_specificity,25.179357528686523,0.7182754874229431,0.09055450558662415
6999,11,6999,spatial_specificity,25.238859176635742,0.6570130586624146,0.1121714636683464
6999,11,6999,spatial_specificity,25.298221588134766,0.6857022047042847,0.09852524846792221
6999,11,6999,spatial_specificity,25.317977905273438,0.7166956663131714,0.09327954798936844
6999,11,6999,spatial_specificity,25.455842971801758,0.6649072766304016,0.12060964107513428
6999,11,6999,spatial_specificity,25.495098114013672,0.6851585507392883,0.10548051446676254
6999,11,6999,spatial_specificity,25.553865432739258,0.6721068024635315,0.11481423676013947
6999,11,6999,spatial_specificity,25.612497329711914,0.6727117300033569,0.12229517102241516
6999,11,6999,spatial_specificity,25.63201141357422,0.6932806968688965,0.105369932949543
6999,11,6999,spatial_specificity,25.709918975830078,0.7177728414535522,0.09936507791280746
6999,11,6999,spatial_specificity,25.806976318359375,0.6828615665435791,0.12363002449274063
6999,11,6999,spatial_specificity,25.942243576049805,0.6930002570152283,0.11796783655881882
6999,11,6999,spatial_specificity,25.961509704589844,0.7221294641494751,0.10290165990591049
6999,11,6999,spatial_specificity,26.0,0.7225486040115356,0.1023954376578331
6999,11,6999,spatial_specificity,26.019224166870117,0.7583812475204468,0.09153876453638077
6999,11,6999,spatial_specificity,26.076810836791992,0.7261887192726135,0.10418158024549484
6999,11,6999,spatial_specificity,26.172504425048828,0.7261768579483032,0.1076401099562645
6999,11,6999,spatial_specificity,26.248809814453125,0.7148957848548889,0.11666493117809296
6999,11,6999,spatial_specificity,26.305892944335938,0.7594426274299622,0.09619925171136856
6999,11,6999,spatial_specificity,26.400758743286133,0.7151618599891663,0.12425874918699265
6999,11,6999,spatial_specificity,26.419689178466797,0.7159640192985535,0.12605273723602295
6999,11,6999,spatial_specificity,26.476404190063477,0.7619402408599854,0.09788393974304199
6999,11,6999,spatial_specificity,26.570661544799805,0.7389946579933167,0.11099386215209961
6999,11,6999,spatial_specificity,26.62705421447754,0.7239704132080078,0.12941837310791016
6999,11,6999,spatial_specificity,26.68332862854004,0.76588374376297,0.0997219979763031
6999,11,6999,spatial_specificity,26.832815170288086,0.7405387759208679,0.12473315000534058
6999,11,6999,spatial_specificity,26.870058059692383,0.7333634495735168,0.13202355802059174
6999,11,6999,spatial_specificity,26.90724754333496,0.7345479130744934,0.13136626780033112
6999,11,6999,spatial_specificity,26.925825119018555,0.755009114742279,0.11440356820821762
6999,11,6999,spatial_specificity,27.0,0.7993687391281128,0.08345949649810791
6999,11,6999,spatial_specificity,27.018512725830078,0.7699886560440063,0.10318984091281891
6999,11,6999,spatial_specificity,27.073972702026367,0.7980605959892273,0.08551018685102463
6999,11,6999,spatial_specificity,27.166154861450195,0.798295259475708,0.0865551084280014
6999,11,6999,spatial_specificity,27.202939987182617,0.7650588750839233,0.11595398187637329
6999,11,6999,spatial_specificity,27.294689178466797,0.7844593524932861,0.10587456077337265
6999,11,6999,spatial_specificity,27.312999725341797,0.7701394557952881,0.11928892135620117
6999,11,6999,spatial_specificity,27.459060668945312,0.7798860669136047,0.10426396876573563
6999,11,6999,spatial_specificity,27.51363182067871,0.7830180525779724,0.10387469083070755
6999,11,6999,spatial_specificity,27.58622932434082,0.7531142830848694,0.12514379620552063
6999,11,6999,spatial_specificity,27.658634185791016,0.784631609916687,0.10632765293121338
6999,11,6999,spatial_specificity,27.730850219726562,0.78165203332901,0.11779160797595978
6999,11,6999,spatial_specificity,27.784889221191406,0.7807571887969971,0.12244656682014465
6999,11,6999,spatial_specificity,27.80287742614746,0.77581387758255,0.12558583915233612
6999,11,6999,spatial_specificity,27.856775283813477,0.7969107031822205,0.10683748126029968
6999,11,6999,spatial_specificity,27.89265251159668,0.8155637979507446,0.09104091674089432
6999,11,6999,spatial_specificity,28.0,0.8551958203315735,0.07267605513334274
6999,11,6999,spatial_specificity,28.017852783203125,0.8188983798027039,0.09500110149383545
6999,11,6999,spatial_specificity,28.07133674621582,0.8529915809631348,0.0735321044921875
6999,11,6999,spatial_specificity,28.160255432128906,0.8379173874855042,0.08093956112861633
6999,11,6999,spatial_specificity,28.17800521850586,0.8034734129905701,0.11650338768959045
6999,11,6999,spatial_specificity,28.231189727783203,0.8130221366882324,0.10744483768939972
6999,11,6999,spatial_specificity,28.284271240234375,0.832092821598053,0.08848981559276581
6999,11,6999,spatial_specificity,28.301944732666016,0.8049237728118896,0.11877841502428055
6999,11,6999,spatial_specificity,28.319604873657227,0.7915557622909546,0.1250580996274948
6999,11,6999,spatial_specificity,28.42534065246582,0.7998462915420532,0.1245800033211708
6999,11,6999,spatial_specificity,28.44292640686035,0.8529496192932129,0.07258570939302444
6999,11,6999,spatial_specificity,28.460498809814453,0.830068826675415,0.09133538603782654
6999,11,6999,spatial_specificity,28.60070037841797,0.8116670250892639,0.12225811928510666
6999,11,6999,spatial_specificity,28.635643005371094,0.8385026454925537,0.08738018572330475
6999,11,6999,spatial_specificity,28.65309715270996,0.8170016407966614,0.11106211692094803
6999,11,6999,spatial_specificity,28.792360305786133,0.8401848077774048,0.08900588005781174
6999,11,6999,spatial_specificity,28.844409942626953,0.8182166814804077,0.11668262630701065
6999,11,6999,spatial_specificity,28.861740112304688,0.8590072989463806,0.07083125412464142
6999,11,6999,spatial_specificity,29.0,0.8416534662246704,0.09621445089578629
6999,11,6999,spatial_specificity,29.017236709594727,0.8908578157424927,0.05668207257986069
6999,11,6999,spatial_specificity,29.068883895874023,0.8472889065742493,0.08961611241102219
6999,11,6999,spatial_specificity,29.120439529418945,0.8633940815925598,0.06899823993444443
6999,11,6999,spatial_specificity,29.15475845336914,0.8576641082763672,0.08032678812742233
6999,11,6999,spatial_specificity,29.20616340637207,0.8331946134567261,0.11396943777799606
6999,11,6999,spatial_specificity,29.27456283569336,0.8884762525558472,0.050232186913490295
6999,11,6999,spatial_specificity,29.4108829498291,0.8568480014801025,0.08721193671226501
6999,11,6999,spatial_specificity,29.42787742614746,0.8886623382568359,0.047417059540748596
6999,11,6999,spatial_specificity,29.529645919799805,0.849125862121582,0.09969978779554367
6999,11,6999,spatial_specificity,29.546573638916016,0.8546385169029236,0.08717386424541473
6999,11,6999,spatial_specificity,29.614185333251953,0.889224112033844,0.0467529371380806
6999,11,6999,spatial_specificity,29.681644439697266,0.8541519045829773,0.10050788521766663
6999,11,6999,spatial_specificity,29.698484420776367,0.8467779159545898,0.11279109865427017
6999,11,6999,spatial_specificity,29.73213768005371,0.8581334948539734,0.08934733271598816
6999,11,6999,spatial_specificity,29.832868576049805,0.8682450652122498,0.08015991747379303
6999,11,6999,spatial_specificity,29.96664810180664,0.857547402381897,0.0854031890630722
6999,11,6999,spatial_specificity,30.0,0.8730356097221375,0.08583502471446991
6999,11,6999,spatial_specificity,30.01666259765625,0.8779793381690979,0.06778403371572495
6999,11,6999,spatial_specificity,30.066593170166016,0.9080670475959778,0.02726411446928978
6999,11,6999,spatial_specificity,30.08321762084961,0.8755955100059509,0.05999492108821869
6999,11,6999,spatial_specificity,30.149627685546875,0.9049611687660217,0.027033697813749313
6999,11,6999,spatial_specificity,30.232433319091797,0.8594313263893127,0.09755081683397293
6999,11,6999,spatial_specificity,30.265491485595703,0.9032993316650391,0.02769516222178936
6999,11,6999,spatial_specificity,30.36445426940918,0.8797563910484314,0.05263146013021469
6999,11,6999,spatial_specificity,30.4138126373291,0.8733523488044739,0.08030108362436295
6999,11,6999,spatial_specificity,30.463092803955078,0.870078444480896,0.07145266979932785
6999,11,6999,spatial_specificity,30.479501724243164,0.8627051115036011,0.09635478258132935
6999,11,6999,spatial_specificity,30.528675079345703,0.8606542944908142,0.09106861799955368
6999,11,6999,spatial_specificity,30.594118118286133,0.9011393189430237,0.03065231256186962
6999,11,6999,spatial_specificity,30.610454559326172,0.8666757941246033,0.0922967791557312
6999,11,6999,spatial_specificity,30.675724029541016,0.8818373084068298,0.056522589176893234
6999,11,6999,spatial_specificity,30.805843353271484,0.8787239193916321,0.07097645848989487
6999,11,6999,spatial_specificity,30.870698928833008,0.8769040107727051,0.07314672321081161
6999,11,6999,spatial_specificity,30.886890411376953,0.8727335929870605,0.08216764777898788
6999,11,6999,spatial_specificity,31.0,0.9255256652832031,0.013171243481338024
6999,11,6999,spatial_specificity,31.016124725341797,0.8979997038841248,0.04221317917108536
6999,11,6999,spatial_specificity,31.048349380493164,0.8998269438743591,0.03720596432685852
6999,11,6999,spatial_specificity,31.064449310302734,0.886998176574707,0.06984323263168335
6999,11,6999,spatial_specificity,31.11269760131836,0.867370069026947,0.09063422679901123
6999,11,6999,spatial_specificity,31.14482307434082,0.8832805752754211,0.07477352023124695
6999,11,6999,spatial_specificity,31.240999221801758,0.8699632883071899,0.08608543872833252
6999,11,6999,spatial_specificity,31.256999969482422,0.9116718173027039,0.015406312420964241
6999,11,6999,spatial_specificity,31.30495262145996,0.8770343661308289,0.07267154008150101
6999,11,6999,spatial_specificity,31.320920944213867,0.8964233994483948,0.039334893226623535
6999,11,6999,spatial_specificity,31.384708404541016,0.8820526003837585,0.06833583116531372
6999,11,6999,spatial_specificity,31.400636672973633,0.881228506565094,0.068974569439888
6999,11,6999,spatial_specificity,31.575305938720703,0.9005705714225769,0.024370217695832253
6999,11,6999,spatial_specificity,31.62277603149414,0.8832012414932251,0.06790565699338913
6999,11,6999,spatial_specificity,31.764760971069336,0.8808334469795227,0.06826597452163696
6999,11,6999,spatial_specificity,31.780498504638672,0.8876668810844421,0.048026762902736664
6999,11,6999,spatial_specificity,31.827659606933594,0.8711199760437012,0.08904770761728287
6999,11,6999,spatial_specificity,31.890438079833984,0.8736739754676819,0.08710325509309769
6999,11,6999,spatial_specificity,31.906112670898438,0.8830435872077942,0.07754083722829819
6999,11,6999,spatial_specificity,31.95309066772461,0.8935055732727051,0.046782415360212326
6999,11,6999,spatial_specificity,32.015621185302734,0.8783887624740601,0.07169445604085922
6999,11,6999,spatial_specificity,32.202484130859375,0.8875144124031067,0.06697525084018707
6999,11,6999,spatial_specificity,32.24903106689453,0.8893835544586182,0.06710857152938843
6999,11,6999,spatial_specificity,32.280025482177734,0.8859880566596985,0.03596536070108414
6999,11,6999,spatial_specificity,32.31098937988281,0.8909627795219421,0.049978986382484436
6999,11,6999,spatial_specificity,32.4499626159668,0.8804901242256165,0.07415149360895157
6999,11,6999,spatial_specificity,32.526912689208984,0.8586991429328918,0.08607053011655807
6999,11,6999,spatial_specificity,32.557640075683594,0.8600835800170898,0.08450168371200562
6999,11,6999,spatial_specificity,32.572994232177734,0.8855759501457214,0.03669363260269165
6999,11,6999,spatial_specificity,32.649654388427734,0.8777040839195251,0.06506963819265366
6999,11,6999,spatial_specificity,32.69556427001953,0.8761593103408813,0.056564852595329285
6999,11,6999,spatial_specificity,32.75667953491211,0.868065357208252,0.06850320100784302
6999,11,6999,spatial_specificity,32.80244064331055,0.8724820017814636,0.07041307538747787
6999,11,6999,spatial_specificity,32.893768310546875,0.8830292820930481,0.041807644069194794
6999,11,6999,spatial_specificity,33.0151481628418,0.8728917837142944,0.06910489499568939
6999,11,6999,spatial_specificity,33.105892181396484,0.8716161251068115,0.057806435972452164
6999,11,6999,spatial_specificity,33.12099075317383,0.8684998154640198,0.06065374240279198
6999,11,6999,spatial_specificity,33.241539001464844,0.8601362109184265,0.06326692551374435
6999,11,6999,spatial_specificity,33.2866325378418,0.8498722910881042,0.06242857873439789
6999,11,6999,spatial_specificity,33.30165100097656,0.8573702573776245,0.06628470867872238
6999,11,6999,spatial_specificity,33.42155075073242,0.8632650375366211,0.06410879641771317
6999,11,6999,spatial_specificity,33.541019439697266,0.860299289226532,0.052404627203941345
6999,11,6999,spatial_specificity,33.60059356689453,0.8549032807350159,0.06136376038193703
6999,11,6999,spatial_specificity,33.615474700927734,0.8637331128120422,0.049677446484565735
6999,11,6999,spatial_specificity,33.83784866333008,0.8621323108673096,0.05166520178318024
6999,11,6999,spatial_specificity,33.941123962402344,0.8720734119415283,0.05461907386779785
6999,11,6999,spatial_specificity,33.97057342529297,0.8732331991195679,0.05446842685341835
6999,11,6999,spatial_specificity,34.0,0.8657950758934021,0.04563651606440544
6999,11,6999,spatial_specificity,34.01470184326172,0.8836552500724792,0.03828287497162819
6999,11,6999,spatial_specificity,34.058773040771484,0.8633740544319153,0.05428311228752136
6999,11,6999,spatial_specificity,34.13209533691406,0.8687235713005066,0.04379366710782051
6999,11,6999,spatial_specificity,34.20526123046875,0.8680122494697571,0.04940224811434746
6999,11,6999,spatial_specificity,34.4093017578125,0.8508636951446533,0.03391832113265991
6999,11,6999,spatial_specificity,34.438350677490234,0.886275053024292,0.03508566692471504
6999,11,6999,spatial_specificity,34.48188018798828,0.8532512187957764,0.0319826602935791
6999,11,6999,spatial_specificity,34.65544891357422,0.8515358567237854,0.03580272197723389
6999,11,6999,spatial_specificity,34.66987228393555,0.858555793762207,0.02665090560913086
6999,11,6999,spatial_specificity,34.71310806274414,0.8534778952598572,0.033233046531677246
6999,11,6999,spatial_specificity,34.828147888183594,0.8580013513565063,0.029257923364639282
6999,11,6999,spatial_specificity,34.885528564453125,0.8759891986846924,0.03309953212738037
6999,11,6999,spatial_specificity,34.98571014404297,0.861711859703064,0.025698095560073853
6999,11,6999,spatial_specificity,35.0,0.8633228540420532,0.023829907178878784
6999,11,6999,spatial_specificity,35.22782897949219,0.8679406642913818,0.019261032342910767
6999,11,6999,spatial_specificity,35.35533905029297,0.8705736398696899,0.023665785789489746
6999,11,6999,spatial_specificity,35.38361358642578,0.8693571090698242,0.022637367248535156
6999,11,6999,spatial_specificity,35.46829605102539,0.870771050453186,0.02002975344657898
6999,11,6999,spatial_specificity,35.510562896728516,0.8696359395980835,0.01922518014907837
6999,11,6999,spatial_specificity,35.60898971557617,0.8726643323898315,0.01671716570854187
6999,11,6999,spatial_specificity,35.80502700805664,0.8748435974121094,0.01368299126625061
6999,11,6999,spatial_specificity,35.84689712524414,0.8862016797065735,0.02158743143081665
6999,11,6999,spatial_specificity,36.055511474609375,0.8753871321678162,0.015612781047821045
6999,11,6999,spatial_specificity,36.06937789916992,0.8812053203582764,0.013645410537719727
6999,11,6999,spatial_specificity,36.12478256225586,0.8808256387710571,0.013277798891067505
6999,11,6999,spatial_specificity,36.2353401184082,0.880535364151001,0.011007934808731079
6999,11,6999,spatial_specificity,36.359317779541016,0.89081871509552,0.015459150075912476
6999,11,6999,spatial_specificity,36.400550842285156,0.8807845115661621,0.009171992540359497
6999,11,6999,spatial_specificity,36.619667053222656,0.8790635466575623,0.013745307922363281
6999,11,6999,spatial_specificity,36.769554138183594,0.8891540169715881,0.008570671081542969
6999,11,6999,spatial_specificity,36.79673767089844,0.8876948952674866,0.008829593658447266
6999,11,6999,spatial_specificity,36.878177642822266,0.8864943385124207,0.007680416107177734
6999,11,6999,spatial_specificity,36.8917350769043,0.8921822309494019,0.013452619314193726
6999,11,6999,spatial_specificity,37.013511657714844,0.8840609788894653,0.007512032985687256
6999,11,6999,spatial_specificity,37.202152252197266,0.8816749453544617,0.012811660766601562
6999,11,6999,spatial_specificity,37.44329071044922,0.8939732313156128,0.013080596923828125
6999,11,6999,spatial_specificity,37.48332977294922,0.891015887260437,0.007834374904632568
6999,11,6999,spatial_specificity,37.53664779663086,0.8888580799102783,0.007369488477706909
6999,11,6999,spatial_specificity,37.643062591552734,0.8858518600463867,0.007556170225143433
6999,11,6999,spatial_specificity,37.80211639404297,0.8841238021850586,0.013252109289169312
6999,11,6999,spatial_specificity,38.01315689086914,0.8948149681091309,0.012351423501968384
6999,11,6999,spatial_specificity,38.18376541137695,0.8912392854690552,0.008942365646362305
6999,11,6999,spatial_specificity,38.20994567871094,0.8900219202041626,0.008515536785125732
6999,11,6999,spatial_specificity,38.28837966918945,0.8868976831436157,0.008430123329162598
6999,11,6999,spatial_specificity,38.41874694824219,0.8855980038642883,0.014948129653930664
6999,11,6999,spatial_specificity,38.60051727294922,0.901506781578064,0.017604470252990723
6999,11,6999,spatial_specificity,38.897300720214844,0.8900919556617737,0.010195314884185791
6999,11,6999,spatial_specificity,38.94868469238281,0.8882101774215698,0.009468317031860352
6999,11,6999,spatial_specificity,39.051246643066406,0.8874115347862244,0.016645073890686035
6999,11,6999,spatial_specificity,39.20458984375,0.8980261087417603,0.011881083250045776
6999,11,6999,spatial_specificity,39.59798049926758,0.8891063928604126,0.011360347270965576
6999,11,6999,spatial_specificity,39.623226165771484,0.8888181447982788,0.010993659496307373
6999,11,6999,spatial_specificity,39.69886779785156,0.8901915550231934,0.017794370651245117
6999,11,6999,spatial_specificity,39.824615478515625,0.8976189494132996,0.007081449031829834
6999,11,6999,spatial_specificity,40.31128692626953,0.8882449865341187,0.012899935245513916
6999,11,6999,spatial_specificity,40.360870361328125,0.8916360139846802,0.01973104476928711
6999,11,6999,spatial_specificity,40.45985794067383,0.8881874680519104,0.0
6999,11,6999,spatial_specificity,41.01219177246094,0.8900450468063354,0.015755265951156616
6999,11,6999,spatial_specificity,41.03656768798828,0.8917787075042725,0.021723955869674683
6999,11,6999,spatial_specificity,41.1096076965332,0.8870313763618469,0.0
6999,11,6999,spatial_specificity,41.72529220581055,0.8939419984817505,0.022607654333114624
6999,11,6999,spatial_specificity,41.773197174072266,0.8874378800392151,0.0
6999,11,6999,spatial_specificity,42.42640686035156,0.9009069204330444,0.025395601987838745
6999,11,6999,spatial_specificity,42.44997024536133,0.8870179057121277,0.0
6999,11,6999,spatial_specificity,43.13930892944336,0.8949772119522095,0.0
7499,12,7499,cls_effective_rank,,15.706472396850586,1.0753241777420044
7499,12,7499,patch_effective_rank,,81.03626251220703,11.853080749511719
7499,12,7499,mean_off_diagonal_similarity,,0.6828869581222534,0.02431276999413967
7499,12,7499,spatial_specificity_correlation,,-0.23944589495658875,0.04629964008927345
7499,12,7499,spatial_specificity,1.0,0.9531695246696472,0.005554235074669123
7499,12,7499,spatial_specificity,1.4142135381698608,0.9291998744010925,0.007484222762286663
7499,12,7499,spatial_specificity,2.0,0.8986822962760925,0.01104422751814127
7499,12,7499,spatial_specificity,2.2360680103302,0.8852766156196594,0.011382315307855606
7499,12,7499,spatial_specificity,2.8284270763397217,0.856224536895752,0.012814455665647984
7499,12,7499,spatial_specificity,3.0,0.8505551218986511,0.014984206296503544
7499,12,7499,spatial_specificity,3.1622776985168457,0.843176007270813,0.014314760453999043
7499,12,7499,spatial_specificity,3.605551242828369,0.8258054852485657,0.014418471604585648
7499,12,7499,spatial_specificity,4.0,0.8124427795410156,0.017075838521122932
7499,12,7499,spatial_specificity,4.123105525970459,0.8082059621810913,0.016495605930685997
7499,12,7499,spatial_specificity,4.242640495300293,0.8040188550949097,0.01514898519963026
7499,12,7499,spatial_specificity,4.4721360206604,0.7976155281066895,0.01613028533756733
7499,12,7499,spatial_specificity,5.0,0.7819515466690063,0.017097746953368187
7499,12,7499,spatial_specificity,5.099019527435303,0.7796714901924133,0.01808268576860428
7499,12,7499,spatial_specificity,5.385164737701416,0.7724061012268066,0.018169598653912544
7499,12,7499,spatial_specificity,5.656854152679443,0.7635186910629272,0.018574194982647896
7499,12,7499,spatial_specificity,5.830952167510986,0.7601873278617859,0.019256591796875
7499,12,7499,spatial_specificity,6.0,0.7587947845458984,0.019511349499225616
7499,12,7499,spatial_specificity,6.082762241363525,0.7562975287437439,0.01953759230673313
7499,12,7499,spatial_specificity,6.324555397033691,0.7506560683250427,0.020207751542329788
7499,12,7499,spatial_specificity,6.4031243324279785,0.7453100681304932,0.02099882997572422
7499,12,7499,spatial_specificity,6.7082037925720215,0.7409061789512634,0.02166161686182022
7499,12,7499,spatial_specificity,7.0,0.7392789125442505,0.02090243436396122
7499,12,7499,spatial_specificity,7.071067810058594,0.7346868515014648,0.021555237472057343
7499,12,7499,spatial_specificity,7.211102485656738,0.7284731864929199,0.023450888693332672
7499,12,7499,spatial_specificity,7.280109882354736,0.732196569442749,0.022138552740216255
7499,12,7499,spatial_specificity,7.6157732009887695,0.7239598035812378,0.023852547630667686
7499,12,7499,spatial_specificity,7.8102498054504395,0.7152748703956604,0.025276722386479378
7499,12,7499,spatial_specificity,8.0,0.7233120203018188,0.022445019334554672
7499,12,7499,spatial_specificity,8.062257766723633,0.717270016670227,0.024058721959590912
7499,12,7499,spatial_specificity,8.246211051940918,0.7163854837417603,0.024129223078489304
7499,12,7499,spatial_specificity,8.485280990600586,0.7025985717773438,0.027200931683182716
7499,12,7499,spatial_specificity,8.5440034866333,0.7090266346931458,0.0258699432015419
7499,12,7499,spatial_specificity,8.602325439453125,0.701987624168396,0.027362613007426262
7499,12,7499,spatial_specificity,8.9442720413208,0.699985682964325,0.027484871447086334
7499,12,7499,spatial_specificity,9.0,0.7102283239364624,0.023672549054026604
7499,12,7499,spatial_specificity,9.05538558959961,0.7079370021820068,0.02445133961737156
7499,12,7499,spatial_specificity,9.219544410705566,0.697048544883728,0.027278421446681023
7499,12,7499,spatial_specificity,9.433980941772461,0.6900635361671448,0.02926846779882908
7499,12,7499,spatial_specificity,9.486832618713379,0.6964558362960815,0.027430275455117226
7499,12,7499,spatial_specificity,9.848857879638672,0.6883865594863892,0.028986800462007523
7499,12,7499,spatial_specificity,9.899495124816895,0.6806065440177917,0.03075137548148632
7499,12,7499,spatial_specificity,10.0,0.6869714856147766,0.0282218586653471
7499,12,7499,spatial_specificity,10.049875259399414,0.6973040103912354,0.02548234537243843
7499,12,7499,spatial_specificity,10.198039054870605,0.6924698948860168,0.027095943689346313
7499,12,7499,spatial_specificity,10.29563045501709,0.6797291040420532,0.030676301568746567
7499,12,7499,spatial_specificity,10.440306663513184,0.6861632466316223,0.028707891702651978
7499,12,7499,spatial_specificity,10.630146026611328,0.6713611483573914,0.03238555043935776
7499,12,7499,spatial_specificity,10.770329475402832,0.6786881685256958,0.030346138402819633
7499,12,7499,spatial_specificity,10.816654205322266,0.6712020039558411,0.032413408160209656
7499,12,7499,spatial_specificity,11.0,0.6914440393447876,0.02515416033565998
7499,12,7499,spatial_specificity,11.045360565185547,0.6890279054641724,0.02619609422981739
7499,12,7499,spatial_specificity,11.180339813232422,0.6776710152626038,0.029778726398944855
7499,12,7499,spatial_specificity,11.313708305358887,0.6629384160041809,0.03376335650682449
7499,12,7499,spatial_specificity,11.401754379272461,0.6707782745361328,0.03162110969424248
7499,12,7499,spatial_specificity,11.661904335021973,0.6632542610168457,0.033733464777469635
7499,12,7499,spatial_specificity,11.704700469970703,0.6710669994354248,0.031361594796180725
7499,12,7499,spatial_specificity,12.0,0.6852625608444214,0.025774681940674782
7499,12,7499,spatial_specificity,12.041594505310059,0.6695070266723633,0.030360648408532143
7499,12,7499,spatial_specificity,12.083045959472656,0.6635640859603882,0.033073145896196365
7499,12,7499,spatial_specificity,12.16552448272705,0.678054690361023,0.028584031388163567
7499,12,7499,spatial_specificity,12.206555366516113,0.6560750603675842,0.035197291523218155
7499,12,7499,spatial_specificity,12.369317054748535,0.6720656156539917,0.030274612829089165
7499,12,7499,spatial_specificity,12.529964447021484,0.6563693284988403,0.03483317419886589
7499,12,7499,spatial_specificity,12.649110794067383,0.6651992201805115,0.03204794600605965
7499,12,7499,spatial_specificity,12.727921485900879,0.6490843892097473,0.0364772193133831
7499,12,7499,spatial_specificity,12.806248664855957,0.6493149995803833,0.03650382161140442
7499,12,7499,spatial_specificity,13.0,0.6656086444854736,0.03067583404481411
7499,12,7499,spatial_specificity,13.038405418395996,0.6642731428146362,0.031135741621255875
7499,12,7499,spatial_specificity,13.152946472167969,0.673412024974823,0.028870606794953346
7499,12,7499,spatial_specificity,13.34166431427002,0.6674340963363647,0.03055809810757637
7499,12,7499,spatial_specificity,13.416407585144043,0.6507872939109802,0.03546962887048721
7499,12,7499,spatial_specificity,13.45362377166748,0.6430965065956116,0.03764214366674423
7499,12,7499,spatial_specificity,13.601469993591309,0.6521705985069275,0.03478527441620827
7499,12,7499,spatial_specificity,13.892444610595703,0.6441998481750488,0.036987774074077606
7499,12,7499,spatial_specificity,13.928387641906738,0.6534415483474731,0.03410739451646805
7499,12,7499,spatial_specificity,14.0,0.6767565011978149,0.027212461456656456
7499,12,7499,spatial_specificity,14.03566837310791,0.6745618581771851,0.027871131896972656
7499,12,7499,spatial_specificity,14.142135620117188,0.6591722369194031,0.03178241103887558
7499,12,7499,spatial_specificity,14.21267032623291,0.6375327110290527,0.0385860837996006
7499,12,7499,spatial_specificity,14.317821502685547,0.6550923585891724,0.0331108383834362
7499,12,7499,spatial_specificity,14.422204971313477,0.6380819082260132,0.038309916853904724
7499,12,7499,spatial_specificity,14.560219764709473,0.6569472551345825,0.032379914075136185
7499,12,7499,spatial_specificity,14.764822959899902,0.6396467685699463,0.03728335723280907
7499,12,7499,spatial_specificity,14.866068840026855,0.6408587694168091,0.0369105339050293
7499,12,7499,spatial_specificity,15.0,0.6460931897163391,0.034211259335279465
7499,12,7499,spatial_specificity,15.033296585083008,0.670592725276947,0.02819952741265297
7499,12,7499,spatial_specificity,15.132745742797852,0.6660197377204895,0.02931804209947586
7499,12,7499,spatial_specificity,15.231546401977539,0.6427756547927856,0.03579997271299362
7499,12,7499,spatial_specificity,15.264337539672852,0.6333284974098206,0.038654498755931854
7499,12,7499,spatial_specificity,15.297059059143066,0.6600332260131836,0.030789876356720924
7499,12,7499,spatial_specificity,15.524174690246582,0.6533306837081909,0.03240777179598808
7499,12,7499,spatial_specificity,15.55634880065918,0.6261357665061951,0.040654655545949936
7499,12,7499,spatial_specificity,15.620499610900879,0.6263834238052368,0.04038715735077858
7499,12,7499,spatial_specificity,15.65247631072998,0.6357944011688232,0.03746797889471054
7499,12,7499,spatial_specificity,15.81138801574707,0.6366750597953796,0.03679947927594185
7499,12,7499,spatial_specificity,16.0,0.6679089069366455,0.02804465778172016
7499,12,7499,spatial_specificity,16.031219482421875,0.6659222841262817,0.02857123501598835
7499,12,7499,spatial_specificity,16.124515533447266,0.6456683278083801,0.033331699669361115
7499,12,7499,spatial_specificity,16.155494689941406,0.6388835906982422,0.03589462861418724
7499,12,7499,spatial_specificity,16.278820037841797,0.6386669874191284,0.03529103845357895
7499,12,7499,spatial_specificity,16.401220321655273,0.621213436126709,0.0406915619969368
7499,12,7499,spatial_specificity,16.492422103881836,0.6489450931549072,0.032362472265958786
7499,12,7499,spatial_specificity,16.552946090698242,0.631954550743103,0.03738538548350334
7499,12,7499,spatial_specificity,16.6433162689209,0.6225417256355286,0.03975469246506691
7499,12,7499,spatial_specificity,16.76305389404297,0.6418415904045105,0.033824991434812546
7499,12,7499,spatial_specificity,16.970561981201172,0.6151580214500427,0.0419112890958786
7499,12,7499,spatial_specificity,17.0,0.6381866335868835,0.033294711261987686
7499,12,7499,spatial_specificity,17.029386520385742,0.638725757598877,0.03315749764442444
7499,12,7499,spatial_specificity,17.0880069732666,0.634600043296814,0.035480912774801254
7499,12,7499,spatial_specificity,17.11724281311035,0.6568813920021057,0.02916247583925724
7499,12,7499,spatial_specificity,17.20465087890625,0.6162673234939575,0.040598802268505096
7499,12,7499,spatial_specificity,17.262676239013672,0.6512932777404785,0.030180662870407104
7499,12,7499,spatial_specificity,17.464248657226562,0.6362510323524475,0.033926695585250854
7499,12,7499,spatial_specificity,17.492855072021484,0.618216872215271,0.03911605849862099
7499,12,7499,spatial_specificity,17.69180679321289,0.6094950437545776,0.041750919073820114
7499,12,7499,spatial_specificity,17.72004508972168,0.6374310851097107,0.032930418848991394
7499,12,7499,spatial_specificity,17.804494857788086,0.6100274324417114,0.04112546145915985
7499,12,7499,spatial_specificity,17.8885440826416,0.6207365989685059,0.03763170912861824
7499,12,7499,spatial_specificity,18.0,0.6575096249580383,0.027432262897491455
7499,12,7499,spatial_specificity,18.027755737304688,0.6329704523086548,0.031993165612220764
7499,12,7499,spatial_specificity,18.11077117919922,0.6516724824905396,0.028036287054419518
7499,12,7499,spatial_specificity,18.248287200927734,0.6461595296859741,0.02909393608570099
7499,12,7499,spatial_specificity,18.357559204101562,0.6137369871139526,0.037927303463220596
7499,12,7499,spatial_specificity,18.384777069091797,0.6170599460601807,0.03688664361834526
7499,12,7499,spatial_specificity,18.439088821411133,0.6222534775733948,0.034633930772542953
7499,12,7499,spatial_specificity,18.601076126098633,0.6051398515701294,0.03975730016827583
7499,12,7499,spatial_specificity,18.681541442871094,0.6330910921096802,0.03135175630450249
7499,12,7499,spatial_specificity,18.788293838500977,0.6164344549179077,0.0358065664768219
7499,12,7499,spatial_specificity,18.867961883544922,0.6069086790084839,0.038152486085891724
7499,12,7499,spatial_specificity,18.973665237426758,0.6262296438217163,0.032521575689315796
7499,12,7499,spatial_specificity,19.0,0.6520724892616272,0.026558540761470795
7499,12,7499,spatial_specificity,19.02629852294922,0.6501675248146057,0.026638232171535492
7499,12,7499,spatial_specificity,19.10497283935547,0.6228463053703308,0.0305531807243824
7499,12,7499,spatial_specificity,19.209373474121094,0.5991833806037903,0.039480455219745636
7499,12,7499,spatial_specificity,19.235383987426758,0.6255484819412231,0.030254967510700226
7499,12,7499,spatial_specificity,19.313207626342773,0.6191724538803101,0.033373381942510605
7499,12,7499,spatial_specificity,19.416488647460938,0.6181093454360962,0.03187960758805275
7499,12,7499,spatial_specificity,19.646883010864258,0.6288212537765503,0.029596226289868355
7499,12,7499,spatial_specificity,19.697715759277344,0.612328052520752,0.033798545598983765
7499,12,7499,spatial_specificity,19.72308349609375,0.6027432680130005,0.03605922684073448
7499,12,7499,spatial_specificity,19.79899024963379,0.592668890953064,0.038820717483758926
7499,12,7499,spatial_specificity,19.84943389892578,0.5931681990623474,0.038533080369234085
7499,12,7499,spatial_specificity,19.92485809326172,0.6224392652511597,0.03047379106283188
7499,12,7499,spatial_specificity,20.0,0.6131173968315125,0.029126016423106194
7499,12,7499,spatial_specificity,20.02498435974121,0.6460992097854614,0.026448488235473633
7499,12,7499,spatial_specificity,20.099750518798828,0.6421520113945007,0.02627100981771946
7499,12,7499,spatial_specificity,20.124610900878906,0.6055011749267578,0.03383233770728111
7499,12,7499,spatial_specificity,20.2237491607666,0.6372672319412231,0.026410894468426704
7499,12,7499,spatial_specificity,20.248456954956055,0.6062650084495544,0.033309973776340485
7499,12,7499,spatial_specificity,20.39607810974121,0.6317195892333984,0.02677255868911743
7499,12,7499,spatial_specificity,20.51828384399414,0.5877671837806702,0.03754765912890434
7499,12,7499,spatial_specificity,20.59126091003418,0.5994210243225098,0.033978886902332306
7499,12,7499,spatial_specificity,20.615528106689453,0.6080445051193237,0.03102479688823223
7499,12,7499,spatial_specificity,20.808650970458984,0.5916510820388794,0.0363108329474926
7499,12,7499,spatial_specificity,20.880613327026367,0.6195194721221924,0.02892831154167652
7499,12,7499,spatial_specificity,21.0,0.6461780667304993,0.02946685254573822
7499,12,7499,spatial_specificity,21.02379608154297,0.6242443919181824,0.025283213704824448
7499,12,7499,spatial_specificity,21.095022201538086,0.6182485818862915,0.02595382370054722
7499,12,7499,spatial_specificity,21.189619064331055,0.6135646104812622,0.029933437705039978
7499,12,7499,spatial_specificity,21.21320343017578,0.6191543340682983,0.026172900572419167
7499,12,7499,spatial_specificity,21.260292053222656,0.5846694707870483,0.03732221573591232
7499,12,7499,spatial_specificity,21.3775577545166,0.6311197876930237,0.027231251820921898
7499,12,7499,spatial_specificity,21.40093421936035,0.5870274305343628,0.03721173107624054
7499,12,7499,spatial_specificity,21.470911026000977,0.5974593758583069,0.03379621356725693
7499,12,7499,spatial_specificity,21.540658950805664,0.6081088781356812,0.03143547847867012
7499,12,7499,spatial_specificity,21.587032318115234,0.6255735158920288,0.028169654309749603
7499,12,7499,spatial_specificity,21.63330841064453,0.5902999639511108,0.03723251074552536
7499,12,7499,spatial_specificity,21.840330123901367,0.6205307245254517,0.030383050441741943
7499,12,7499,spatial_specificity,21.931711196899414,0.5932766795158386,0.037170976400375366
7499,12,7499,spatial_specificity,21.954498291015625,0.5939924120903015,0.038095347583293915
7499,12,7499,spatial_specificity,22.0,0.6491731405258179,0.0353727787733078
7499,12,7499,spatial_specificity,22.022714614868164,0.6167382597923279,0.02982223592698574
7499,12,7499,spatial_specificity,22.090721130371094,0.6444143056869507,0.03445485979318619
7499,12,7499,spatial_specificity,22.135944366455078,0.6158605813980103,0.03381722792983055
7499,12,7499,spatial_specificity,22.203603744506836,0.6147664189338684,0.0333639457821846
7499,12,7499,spatial_specificity,22.360679626464844,0.6188866496086121,0.0356774739921093
7499,12,7499,spatial_specificity,22.472204208374023,0.602708637714386,0.04210473224520683
7499,12,7499,spatial_specificity,22.56102752685547,0.6329011917114258,0.03779741749167442
7499,12,7499,spatial_specificity,22.627416610717773,0.5862980484962463,0.04881797358393669
7499,12,7499,spatial_specificity,22.671567916870117,0.5873494744300842,0.0491105318069458
7499,12,7499,spatial_specificity,22.803508758544922,0.6095057725906372,0.04565737769007683
7499,12,7499,spatial_specificity,22.825424194335938,0.6004024744033813,0.05042382702231407
7499,12,7499,spatial_specificity,22.847320556640625,0.6107603311538696,0.04812023788690567
7499,12,7499,spatial_specificity,23.0,0.6601050496101379,0.05207786336541176
7499,12,7499,spatial_specificity,23.021728515625,0.6273723840713501,0.04752613604068756
7499,12,7499,spatial_specificity,23.086793899536133,0.6420180201530457,0.04964052513241768
7499,12,7499,spatial_specificity,23.194828033447266,0.6548718214035034,0.05384406819939613
7499,12,7499,spatial_specificity,23.25940704345703,0.6116245985031128,0.05909932032227516
7499,12,7499,spatial_specificity,23.323808670043945,0.6029611825942993,0.0629764124751091
7499,12,7499,spatial_specificity,23.345233917236328,0.6243020296096802,0.0566064678132534
7499,12,7499,spatial_specificity,23.409400939941406,0.6256569623947144,0.060797322541475296
7499,12,7499,spatial_specificity,23.430747985839844,0.5985528230667114,0.06638386100530624
7499,12,7499,spatial_specificity,23.53720474243164,0.6493416428565979,0.06227080896496773
7499,12,7499,spatial_specificity,23.600847244262695,0.6024798154830933,0.07044917345046997
7499,12,7499,spatial_specificity,23.706539154052734,0.6152003407478333,0.0726875439286232
7499,12,7499,spatial_specificity,23.769729614257812,0.6375266313552856,0.0699058473110199
7499,12,7499,spatial_specificity,23.853721618652344,0.6101155281066895,0.07713162153959274
7499,12,7499,spatial_specificity,24.0,0.6827081441879272,0.07203580439090729
7499,12,7499,spatial_specificity,24.020824432373047,0.6812412142753601,0.07215339690446854
7499,12,7499,spatial_specificity,24.0416316986084,0.6355871558189392,0.07800941914319992
7499,12,7499,spatial_specificity,24.083189010620117,0.6470953226089478,0.074262835085392
7499,12,7499,spatial_specificity,24.166091918945312,0.6316635012626648,0.08334357291460037
7499,12,7499,spatial_specificity,24.1867733001709,0.6498697996139526,0.07701670378446579
7499,12,7499,spatial_specificity,24.207435607910156,0.6182716488838196,0.0884813740849495
7499,12,7499,spatial_specificity,24.3310489654541,0.6759241819381714,0.07770100980997086
7499,12,7499,spatial_specificity,24.351591110229492,0.6487318277359009,0.08364947140216827
7499,12,7499,spatial_specificity,24.413110733032227,0.6244583129882812,0.09286744147539139
7499,12,7499,spatial_specificity,24.515300750732422,0.6743035316467285,0.08088893443346024
7499,12,7499,spatial_specificity,24.59674835205078,0.6386576294898987,0.0923406332731247
7499,12,7499,spatial_specificity,24.698179244995117,0.6436938047409058,0.09350752830505371
7499,12,7499,spatial_specificity,24.73863410949707,0.6733705401420593,0.08467185497283936
7499,12,7499,spatial_specificity,24.75883674621582,0.6373217105865479,0.10476323217153549
7499,12,7499,spatial_specificity,24.83948516845703,0.6401177644729614,0.10658451169729233
7499,12,7499,spatial_specificity,25.0,0.6705862879753113,0.09276312589645386
7499,12,7499,spatial_specificity,25.01999282836914,0.7114489674568176,0.08544036000967026
7499,12,7499,spatial_specificity,25.05992889404297,0.6508842706680298,0.10132293403148651
7499,12,7499,spatial_specificity,25.079872131347656,0.6853289604187012,0.08835237473249435
7499,12,7499,spatial_specificity,25.179357528686523,0.710288941860199,0.08785687386989594
7499,12,7499,spatial_specificity,25.238859176635742,0.6554245948791504,0.11022010445594788
7499,12,7499,spatial_specificity,25.298221588134766,0.6807015538215637,0.09553984552621841
7499,12,7499,spatial_specificity,25.317977905273438,0.7091795206069946,0.09041991829872131
7499,12,7499,spatial_specificity,25.455842971801758,0.6643304228782654,0.11951641738414764
7499,12,7499,spatial_specificity,25.495098114013672,0.6815629005432129,0.10305289924144745
7499,12,7499,spatial_specificity,25.553865432739258,0.6702426671981812,0.11258678883314133
7499,12,7499,spatial_specificity,25.612497329711914,0.6718477010726929,0.12089478969573975
7499,12,7499,spatial_specificity,25.63201141357422,0.6892310380935669,0.10252298414707184
7499,12,7499,spatial_specificity,25.709918975830078,0.7119309306144714,0.09642046689987183
7499,12,7499,spatial_specificity,25.806976318359375,0.6818253397941589,0.12204307317733765
7499,12,7499,spatial_specificity,25.942243576049805,0.6906604766845703,0.11566685885190964
7499,12,7499,spatial_specificity,25.961509704589844,0.7175057530403137,0.10041580349206924
7499,12,7499,spatial_specificity,26.0,0.7175633907318115,0.09960248321294785
7499,12,7499,spatial_specificity,26.019224166870117,0.7504547238349915,0.08888116478919983
7499,12,7499,spatial_specificity,26.076810836791992,0.7218302488327026,0.10180725902318954
7499,12,7499,spatial_specificity,26.172504425048828,0.7221193313598633,0.10523781925439835
7499,12,7499,spatial_specificity,26.248809814453125,0.7122514843940735,0.11447320878505707
7499,12,7499,spatial_specificity,26.305892944335938,0.7530658841133118,0.09402672946453094
7499,12,7499,spatial_specificity,26.400758743286133,0.7134559750556946,0.12222128361463547
7499,12,7499,spatial_specificity,26.419689178466797,0.7141246795654297,0.12419617176055908
7499,12,7499,spatial_specificity,26.476404190063477,0.7563481330871582,0.09556207805871964
7499,12,7499,spatial_specificity,26.570661544799805,0.7353915572166443,0.10841459780931473
7499,12,7499,spatial_specificity,26.62705421447754,0.7228236198425293,0.12787197530269623
7499,12,7499,spatial_specificity,26.68332862854004,0.7605804204940796,0.09693354368209839
7499,12,7499,spatial_specificity,26.832815170288086,0.7385050654411316,0.12248702347278595
7499,12,7499,spatial_specificity,26.870058059692383,0.7317243814468384,0.1307380646467209
7499,12,7499,spatial_specificity,26.90724754333496,0.7330836057662964,0.12991730868816376
7499,12,7499,spatial_specificity,26.925825119018555,0.7518795728683472,0.11190938949584961
7499,12,7499,spatial_specificity,27.0,0.7928130030632019,0.0816614180803299
7499,12,7499,spatial_specificity,27.018512725830078,0.7656158804893494,0.1006891056895256
7499,12,7499,spatial_specificity,27.073972702026367,0.791728138923645,0.0838012546300888
7499,12,7499,spatial_specificity,27.166154861450195,0.7922935485839844,0.08469177037477493
7499,12,7499,spatial_specificity,27.202939987182617,0.7622874975204468,0.11359831690788269
7499,12,7499,spatial_specificity,27.294689178466797,0.7803437113761902,0.1032511368393898
7499,12,7499,spatial_specificity,27.312999725341797,0.7674757242202759,0.11685264855623245
7499,12,7499,spatial_specificity,27.459060668945312,0.7768732309341431,0.10310570895671844
7499,12,7499,spatial_specificity,27.51363182067871,0.7809311151504517,0.10351353883743286
7499,12,7499,spatial_specificity,27.58622932434082,0.7513167858123779,0.12482006847858429
7499,12,7499,spatial_specificity,27.658634185791016,0.7820098996162415,0.1057383269071579
7499,12,7499,spatial_specificity,27.730850219726562,0.780465304851532,0.11699178069829941
7499,12,7499,spatial_specificity,27.784889221191406,0.7791365385055542,0.12117554992437363
7499,12,7499,spatial_specificity,27.80287742614746,0.7742013335227966,0.12526698410511017
7499,12,7499,spatial_specificity,27.856775283813477,0.7953472137451172,0.10687695443630219
7499,12,7499,spatial_specificity,27.89265251159668,0.8123377561569214,0.09102763235569
7499,12,7499,spatial_specificity,28.0,0.8487953543663025,0.07166961580514908
7499,12,7499,spatial_specificity,28.017852783203125,0.8145239949226379,0.09390748292207718
7499,12,7499,spatial_specificity,28.07133674621582,0.8468047976493835,0.0729747787117958
7499,12,7499,spatial_specificity,28.160255432128906,0.8340036273002625,0.08130281418561935
7499,12,7499,spatial_specificity,28.17800521850586,0.8016825914382935,0.11544656753540039
7499,12,7499,spatial_specificity,28.231189727783203,0.8119251132011414,0.10751800239086151
7499,12,7499,spatial_specificity,28.284271240234375,0.8283510208129883,0.08900072425603867
7499,12,7499,spatial_specificity,28.301944732666016,0.8026081919670105,0.11776594072580338
7499,12,7499,spatial_specificity,28.319604873657227,0.7875528335571289,0.12462644279003143
7499,12,7499,spatial_specificity,28.42534065246582,0.7958661317825317,0.12413744628429413
7499,12,7499,spatial_specificity,28.44292640686035,0.8506970405578613,0.07605506479740143
7499,12,7499,spatial_specificity,28.460498809814453,0.8299376964569092,0.09348540008068085
7499,12,7499,spatial_specificity,28.60070037841797,0.8072113990783691,0.12164556980133057
7499,12,7499,spatial_specificity,28.635643005371094,0.837658703327179,0.08942417055368423
7499,12,7499,spatial_specificity,28.65309715270996,0.8158722519874573,0.11118726432323456
7499,12,7499,spatial_specificity,28.792360305786133,0.840059757232666,0.09033651649951935
7499,12,7499,spatial_specificity,28.844409942626953,0.8146273493766785,0.11664898693561554
7499,12,7499,spatial_specificity,28.861740112304688,0.8585441708564758,0.07436579465866089
7499,12,7499,spatial_specificity,29.0,0.8368695378303528,0.09810972213745117
7499,12,7499,spatial_specificity,29.017236709594727,0.8871385455131531,0.06158702075481415
7499,12,7499,spatial_specificity,29.068883895874023,0.8438345789909363,0.09113035351037979
7499,12,7499,spatial_specificity,29.120439529418945,0.8638479709625244,0.07173001021146774
7499,12,7499,spatial_specificity,29.15475845336914,0.8559406995773315,0.08172803372144699
7499,12,7499,spatial_specificity,29.20616340637207,0.8283123970031738,0.11442143470048904
7499,12,7499,spatial_specificity,29.27456283569336,0.8868568539619446,0.05405803024768829
7499,12,7499,spatial_specificity,29.4108829498291,0.8549963235855103,0.0880243182182312
7499,12,7499,spatial_specificity,29.42787742614746,0.8884450793266296,0.051273442804813385
7499,12,7499,spatial_specificity,29.529645919799805,0.8470366597175598,0.09917221963405609
7499,12,7499,spatial_specificity,29.546573638916016,0.8554391860961914,0.08734448254108429
7499,12,7499,spatial_specificity,29.614185333251953,0.8899380564689636,0.05009595304727554
7499,12,7499,spatial_specificity,29.681644439697266,0.849969208240509,0.09952942281961441
7499,12,7499,spatial_specificity,29.698484420776367,0.8416275978088379,0.11367558687925339
7499,12,7499,spatial_specificity,29.73213768005371,0.8558035492897034,0.08974626660346985
7499,12,7499,spatial_specificity,29.832868576049805,0.8658645153045654,0.08086907863616943
7499,12,7499,spatial_specificity,29.96664810180664,0.8564592599868774,0.08448176085948944
7499,12,7499,spatial_specificity,30.0,0.8702102899551392,0.08686859905719757
7499,12,7499,spatial_specificity,30.01666259765625,0.8779019117355347,0.06943043321371078
7499,12,7499,spatial_specificity,30.066593170166016,0.9088255167007446,0.03210558369755745
7499,12,7499,spatial_specificity,30.08321762084961,0.8756832480430603,0.06063767895102501
7499,12,7499,spatial_specificity,30.149627685546875,0.9060673117637634,0.032170623540878296
7499,12,7499,spatial_specificity,30.232433319091797,0.8563686013221741,0.09650980681180954
7499,12,7499,spatial_specificity,30.265491485595703,0.9041502475738525,0.03314283862709999
7499,12,7499,spatial_specificity,30.36445426940918,0.8803532123565674,0.052532266825437546
7499,12,7499,spatial_specificity,30.4138126373291,0.8703118562698364,0.079312764108181
7499,12,7499,spatial_specificity,30.463092803955078,0.8693312406539917,0.06940023601055145
7499,12,7499,spatial_specificity,30.479501724243164,0.8568974137306213,0.09512732923030853
7499,12,7499,spatial_specificity,30.528675079345703,0.8586645126342773,0.08939733356237411
7499,12,7499,spatial_specificity,30.594118118286133,0.9032928943634033,0.034305159002542496
7499,12,7499,spatial_specificity,30.610454559326172,0.8614994883537292,0.09073825180530548
7499,12,7499,spatial_specificity,30.675724029541016,0.8819361329078674,0.05492808297276497
7499,12,7499,spatial_specificity,30.805843353271484,0.8770388960838318,0.06959407776594162
7499,12,7499,spatial_specificity,30.870698928833008,0.876098096370697,0.06987226754426956
7499,12,7499,spatial_specificity,30.886890411376953,0.871422529220581,0.07988327741622925
7499,12,7499,spatial_specificity,31.0,0.9259505867958069,0.01946116052567959
7499,12,7499,spatial_specificity,31.016124725341797,0.8976995944976807,0.04092976823449135
7499,12,7499,spatial_specificity,31.048349380493164,0.901353657245636,0.0351148322224617
7499,12,7499,spatial_specificity,31.064449310302734,0.8846659660339355,0.06892841309309006
7499,12,7499,spatial_specificity,31.11269760131836,0.8608076572418213,0.08847840875387192
7499,12,7499,spatial_specificity,31.14482307434082,0.879045307636261,0.07469955086708069
7499,12,7499,spatial_specificity,31.240999221801758,0.8638134598731995,0.08316092193126678
7499,12,7499,spatial_specificity,31.256999969482422,0.9134302139282227,0.01857450045645237
7499,12,7499,spatial_specificity,31.30495262145996,0.873253345489502,0.06628064811229706
7499,12,7499,spatial_specificity,31.320920944213867,0.8970615863800049,0.03487744927406311
7499,12,7499,spatial_specificity,31.384708404541016,0.8796619176864624,0.06375224888324738
7499,12,7499,spatial_specificity,31.400636672973633,0.8773745894432068,0.06669206917285919
7499,12,7499,spatial_specificity,31.575305938720703,0.8996856212615967,0.0214815903455019
7499,12,7499,spatial_specificity,31.62277603149414,0.8772708177566528,0.06157093867659569
7499,12,7499,spatial_specificity,31.764760971069336,0.8762505650520325,0.06164414435625076
7499,12,7499,spatial_specificity,31.780498504638672,0.8842827081680298,0.039447274059057236
7499,12,7499,spatial_specificity,31.827659606933594,0.8625437021255493,0.0861164778470993
7499,12,7499,spatial_specificity,31.890438079833984,0.8664717674255371,0.08463168889284134
7499,12,7499,spatial_specificity,31.906112670898438,0.8751541376113892,0.07090984284877777
7499,12,7499,spatial_specificity,31.95309066772461,0.8891466856002808,0.03647855669260025
7499,12,7499,spatial_specificity,32.015621185302734,0.8740962743759155,0.06904256343841553
7499,12,7499,spatial_specificity,32.202484130859375,0.8789847493171692,0.059303637593984604
7499,12,7499,spatial_specificity,32.24903106689453,0.8817803859710693,0.05889199301600456
7499,12,7499,spatial_specificity,32.280025482177734,0.8808261752128601,0.020649852231144905
7499,12,7499,spatial_specificity,32.31098937988281,0.8852465748786926,0.03768681362271309
7499,12,7499,spatial_specificity,32.4499626159668,0.8793095350265503,0.0727124810218811
7499,12,7499,spatial_specificity,32.526912689208984,0.8511236310005188,0.08193010091781616
7499,12,7499,spatial_specificity,32.557640075683594,0.8529125452041626,0.08006288856267929
7499,12,7499,spatial_specificity,32.572994232177734,0.8791593313217163,0.02031857706606388
7499,12,7499,spatial_specificity,32.649654388427734,0.8721258044242859,0.05862891301512718
7499,12,7499,spatial_specificity,32.69556427001953,0.8752208948135376,0.04092966392636299
7499,12,7499,spatial_specificity,32.75667953491211,0.8634738922119141,0.05939213186502457
7499,12,7499,spatial_specificity,32.80244064331055,0.8652686476707458,0.06437648087739944
7499,12,7499,spatial_specificity,32.893768310546875,0.8808432817459106,0.02221987023949623
7499,12,7499,spatial_specificity,33.0151481628418,0.8656641840934753,0.062246572226285934
7499,12,7499,spatial_specificity,33.105892181396484,0.8718971014022827,0.041799142956733704
7499,12,7499,spatial_specificity,33.12099075317383,0.8654863834381104,0.04868607223033905
7499,12,7499,spatial_specificity,33.241539001464844,0.8554702997207642,0.05679016187787056
7499,12,7499,spatial_specificity,33.2866325378418,0.8431272506713867,0.048186294734478
7499,12,7499,spatial_specificity,33.30165100097656,0.8523350358009338,0.06210705637931824
7499,12,7499,spatial_specificity,33.42155075073242,0.857490062713623,0.058394432067871094
7499,12,7499,spatial_specificity,33.541019439697266,0.8597009778022766,0.032318804413080215
7499,12,7499,spatial_specificity,33.60059356689453,0.8455901741981506,0.04934127256274223
7499,12,7499,spatial_specificity,33.615474700927734,0.8589181303977966,0.030563881620764732
7499,12,7499,spatial_specificity,33.83784866333008,0.8536601066589355,0.03801169618964195
7499,12,7499,spatial_specificity,33.941123962402344,0.8654956817626953,0.04965551570057869
7499,12,7499,spatial_specificity,33.97057342529297,0.8660441040992737,0.04920266568660736
7499,12,7499,spatial_specificity,34.0,0.862891674041748,0.026546908542513847
7499,12,7499,spatial_specificity,34.01470184326172,0.8800091743469238,0.018112121149897575
7499,12,7499,spatial_specificity,34.058773040771484,0.8535054326057434,0.0438968650996685
7499,12,7499,spatial_specificity,34.13209533691406,0.8622661232948303,0.02838646061718464
7499,12,7499,spatial_specificity,34.20526123046875,0.8584880828857422,0.03811662644147873
7499,12,7499,spatial_specificity,34.4093017578125,0.85215163230896,0.028297871351242065
7499,12,7499,spatial_specificity,34.438350677490234,0.8817326426506042,0.018639499321579933
7499,12,7499,spatial_specificity,34.48188018798828,0.8617901802062988,0.022130966186523438
7499,12,7499,spatial_specificity,34.65544891357422,0.8493658900260925,0.03405606746673584
7499,12,7499,spatial_specificity,34.66987228393555,0.8610402345657349,0.019622117280960083
7499,12,7499,spatial_specificity,34.71310806274414,0.8516849875450134,0.03087782859802246
7499,12,7499,spatial_specificity,34.828147888183594,0.8573113679885864,0.026443779468536377
7499,12,7499,spatial_specificity,34.885528564453125,0.8823368549346924,0.021682798862457275
7499,12,7499,spatial_specificity,34.98571014404297,0.8677124977111816,0.01888677477836609
7499,12,7499,spatial_specificity,35.0,0.8639214634895325,0.019303977489471436
7499,12,7499,spatial_specificity,35.22782897949219,0.8696123361587524,0.013887554407119751
7499,12,7499,spatial_specificity,35.35533905029297,0.8704187870025635,0.020191311836242676
7499,12,7499,spatial_specificity,35.38361358642578,0.8667601346969604,0.021147102117538452
7499,12,7499,spatial_specificity,35.46829605102539,0.8691952228546143,0.017803609371185303
7499,12,7499,spatial_specificity,35.510562896728516,0.8731450438499451,0.015164315700531006
7499,12,7499,spatial_specificity,35.60898971557617,0.8720526099205017,0.013984143733978271
7499,12,7499,spatial_specificity,35.80502700805664,0.8755103349685669,0.010487884283065796
7499,12,7499,spatial_specificity,35.84689712524414,0.8901683688163757,0.01821315288543701
7499,12,7499,spatial_specificity,36.055511474609375,0.8773520588874817,0.01385277509689331
7499,12,7499,spatial_specificity,36.06937789916992,0.8789517879486084,0.012892842292785645
7499,12,7499,spatial_specificity,36.12478256225586,0.8787460327148438,0.012168318033218384
7499,12,7499,spatial_specificity,36.2353401184082,0.8791040778160095,0.009441673755645752
7499,12,7499,spatial_specificity,36.359317779541016,0.8935750126838684,0.015764355659484863
7499,12,7499,spatial_specificity,36.400550842285156,0.8803834915161133,0.008095860481262207
7499,12,7499,spatial_specificity,36.619667053222656,0.8802353143692017,0.014794260263442993
7499,12,7499,spatial_specificity,36.769554138183594,0.8872586488723755,0.00857311487197876
7499,12,7499,spatial_specificity,36.79673767089844,0.8858432769775391,0.008734911680221558
7499,12,7499,spatial_specificity,36.878177642822266,0.884996235370636,0.007288455963134766
7499,12,7499,spatial_specificity,36.8917350769043,0.8953961133956909,0.01734498143196106
7499,12,7499,spatial_specificity,37.013511657714844,0.8828630447387695,0.00755646824836731
7499,12,7499,spatial_specificity,37.202152252197266,0.882292628288269,0.015597939491271973
7499,12,7499,spatial_specificity,37.44329071044922,0.8975762128829956,0.018343478441238403
7499,12,7499,spatial_specificity,37.48332977294922,0.8895488381385803,0.008308827877044678
7499,12,7499,spatial_specificity,37.53664779663086,0.8874233961105347,0.008013695478439331
7499,12,7499,spatial_specificity,37.643062591552734,0.884378969669342,0.008754968643188477
7499,12,7499,spatial_specificity,37.80211639404297,0.8839086890220642,0.016848981380462646
7499,12,7499,spatial_specificity,38.01315689086914,0.8981066942214966,0.018798381090164185
7499,12,7499,spatial_specificity,38.18376541137695,0.8900278210639954,0.010160863399505615
7499,12,7499,spatial_specificity,38.20994567871094,0.8887910842895508,0.009675830602645874
7499,12,7499,spatial_specificity,38.28837966918945,0.8855433464050293,0.010293751955032349
7499,12,7499,spatial_specificity,38.41874694824219,0.8849962949752808,0.019234925508499146
7499,12,7499,spatial_specificity,38.60051727294922,0.9038011431694031,0.024118542671203613
7499,12,7499,spatial_specificity,38.897300720214844,0.8890564441680908,0.011792182922363281
7499,12,7499,spatial_specificity,38.94868469238281,0.8868680000305176,0.011572837829589844
7499,12,7499,spatial_specificity,39.051246643066406,0.8865272402763367,0.021257519721984863
7499,12,7499,spatial_specificity,39.20458984375,0.8988367319107056,0.018041282892227173
7499,12,7499,spatial_specificity,39.59798049926758,0.8883076310157776,0.013396263122558594
7499,12,7499,spatial_specificity,39.623226165771484,0.887546181678772,0.013294488191604614
7499,12,7499,spatial_specificity,39.69886779785156,0.8889884352684021,0.022354722023010254
7499,12,7499,spatial_specificity,39.824615478515625,0.8983927965164185,0.013978034257888794
7499,12,7499,spatial_specificity,40.31128692626953,0.8872225284576416,0.015354663133621216
7499,12,7499,spatial_specificity,40.360870361328125,0.8905372619628906,0.024701982736587524
7499,12,7499,spatial_specificity,40.45985794067383,0.885319709777832,0.0
7499,12,7499,spatial_specificity,41.01219177246094,0.8890399932861328,0.018651872873306274
7499,12,7499,spatial_specificity,41.03656768798828,0.8911828994750977,0.026793837547302246
7499,12,7499,spatial_specificity,41.1096076965332,0.885020911693573,0.0
7499,12,7499,spatial_specificity,41.72529220581055,0.8932631015777588,0.02742817997932434
7499,12,7499,spatial_specificity,41.773197174072266,0.8848881721496582,0.0
7499,12,7499,spatial_specificity,42.42640686035156,0.8978466987609863,0.030838608741760254
7499,12,7499,spatial_specificity,42.44997024536133,0.8843402862548828,0.0
7499,12,7499,spatial_specificity,43.13930892944336,0.8862135410308838,0.0
7999,13,7999,cls_effective_rank,,15.788108825683594,1.0859931707382202
7999,13,7999,patch_effective_rank,,81.90563201904297,12.561760902404785
7999,13,7999,mean_off_diagonal_similarity,,0.6696541905403137,0.026563182473182678
7999,13,7999,spatial_specificity_correlation,,-0.2171328365802765,0.050300318747758865
7999,13,7999,spatial_specificity,1.0,0.9515841603279114,0.005661583039909601
7999,13,7999,spatial_specificity,1.4142135381698608,0.9262971878051758,0.0077269421890378
7999,13,7999,spatial_specificity,2.0,0.8937351107597351,0.011565965600311756
7999,13,7999,spatial_specificity,2.2360680103302,0.8794292211532593,0.011943736113607883
7999,13,7999,spatial_specificity,2.8284270763397217,0.8481780290603638,0.013376970775425434
7999,13,7999,spatial_specificity,3.0,0.8419889211654663,0.016033893451094627
7999,13,7999,spatial_specificity,3.1622776985168457,0.8339885473251343,0.015335195697844028
7999,13,7999,spatial_specificity,3.605551242828369,0.8150094747543335,0.015195864252746105
7999,13,7999,spatial_specificity,4.0,0.8004619479179382,0.018462857231497765
7999,13,7999,spatial_specificity,4.123105525970459,0.7956894040107727,0.017873570322990417
7999,13,7999,spatial_specificity,4.242640495300293,0.7911031246185303,0.015830770134925842
7999,13,7999,spatial_specificity,4.4721360206604,0.7839933037757874,0.01718577742576599
7999,13,7999,spatial_specificity,5.0,0.7668172121047974,0.01822478510439396
7999,13,7999,spatial_specificity,5.099019527435303,0.7643972635269165,0.01958967000246048
7999,13,7999,spatial_specificity,5.385164737701416,0.756236732006073,0.019542839378118515
7999,13,7999,spatial_specificity,5.656854152679443,0.7463412880897522,0.019559139385819435
7999,13,7999,spatial_specificity,5.830952167510986,0.7427385449409485,0.020529570057988167
7999,13,7999,spatial_specificity,6.0,0.7415993809700012,0.021090978756546974
7999,13,7999,spatial_specificity,6.082762241363525,0.7388101816177368,0.02112399786710739
7999,13,7999,spatial_specificity,6.324555397033691,0.7323858141899109,0.021848704665899277
7999,13,7999,spatial_specificity,6.4031243324279785,0.7261940836906433,0.02239929512143135
7999,13,7999,spatial_specificity,6.7082037925720215,0.7215414047241211,0.023332655429840088
7999,13,7999,spatial_specificity,7.0,0.7205082774162292,0.022515900433063507
7999,13,7999,spatial_specificity,7.071067810058594,0.7150498032569885,0.02316097728908062
7999,13,7999,spatial_specificity,7.211102485656738,0.7077196836471558,0.025276334956288338
7999,13,7999,spatial_specificity,7.280109882354736,0.7123873829841614,0.023939641192555428
7999,13,7999,spatial_specificity,7.6157732009887695,0.703160285949707,0.025811057537794113
7999,13,7999,spatial_specificity,7.8102498054504395,0.6931164264678955,0.02727816067636013
7999,13,7999,spatial_specificity,8.0,0.7036575078964233,0.024172306060791016
7999,13,7999,spatial_specificity,8.062257766723633,0.6963179111480713,0.025970323011279106
7999,13,7999,spatial_specificity,8.246211051940918,0.6957066059112549,0.026150774210691452
7999,13,7999,spatial_specificity,8.485280990600586,0.6793177723884583,0.02946762926876545
7999,13,7999,spatial_specificity,8.5440034866333,0.6874752640724182,0.028112920001149178
7999,13,7999,spatial_specificity,8.602325439453125,0.6788797378540039,0.029722394421696663
7999,13,7999,spatial_specificity,8.9442720413208,0.6774436831474304,0.029971027746796608
7999,13,7999,spatial_specificity,9.0,0.6904788017272949,0.02570907026529312
7999,13,7999,spatial_specificity,9.05538558959961,0.6878821849822998,0.026585010811686516
7999,13,7999,spatial_specificity,9.219544410705566,0.6747052073478699,0.029713373631238937
7999,13,7999,spatial_specificity,9.433980941772461,0.6665469408035278,0.032059382647275925
7999,13,7999,spatial_specificity,9.486832618713379,0.6748858094215393,0.030077552422881126
7999,13,7999,spatial_specificity,9.848857879638672,0.6659319996833801,0.03194042667746544
7999,13,7999,spatial_specificity,9.899495124816895,0.6560689806938171,0.03395235538482666
7999,13,7999,spatial_specificity,10.0,0.6644301414489746,0.03103729523718357
7999,13,7999,spatial_specificity,10.049875259399414,0.6777454614639282,0.02803860977292061
7999,13,7999,spatial_specificity,10.198039054870605,0.6723119020462036,0.029851699247956276
7999,13,7999,spatial_specificity,10.29563045501709,0.6564698219299316,0.034005843102931976
7999,13,7999,spatial_specificity,10.440306663513184,0.6652190685272217,0.0318194180727005
7999,13,7999,spatial_specificity,10.630146026611328,0.646855354309082,0.03612399473786354
7999,13,7999,spatial_specificity,10.770329475402832,0.6569334268569946,0.03388504683971405
7999,13,7999,spatial_specificity,10.816654205322266,0.6474156379699707,0.03614923357963562
7999,13,7999,spatial_specificity,11.0,0.6730702519416809,0.028147680684924126
7999,13,7999,spatial_specificity,11.045360565185547,0.6704484224319458,0.02924562804400921
7999,13,7999,spatial_specificity,11.180339813232422,0.6569063663482666,0.03331972658634186
7999,13,7999,spatial_specificity,11.313708305358887,0.638536274433136,0.03807925432920456
7999,13,7999,spatial_specificity,11.401754379272461,0.6489059925079346,0.03547542914748192
7999,13,7999,spatial_specificity,11.661904335021973,0.6404449939727783,0.037997055798769
7999,13,7999,spatial_specificity,11.704700469970703,0.6505290865898132,0.035432588309049606
7999,13,7999,spatial_specificity,12.0,0.6681659817695618,0.029220405966043472
7999,13,7999,spatial_specificity,12.041594505310059,0.649073600769043,0.03424523398280144
7999,13,7999,spatial_specificity,12.083045959472656,0.6424490213394165,0.03752412274479866
7999,13,7999,spatial_specificity,12.16552448272705,0.6602925062179565,0.03237413242459297
7999,13,7999,spatial_specificity,12.206555366516113,0.6332312822341919,0.039794210344552994
7999,13,7999,spatial_specificity,12.369317054748535,0.6536619067192078,0.034419260919094086
7999,13,7999,spatial_specificity,12.529964447021484,0.6349243521690369,0.039622269570827484
7999,13,7999,spatial_specificity,12.649110794067383,0.6461635231971741,0.03657719865441322
7999,13,7999,spatial_specificity,12.727921485900879,0.6260851621627808,0.04161202535033226
7999,13,7999,spatial_specificity,12.806248664855957,0.626721203327179,0.041477665305137634
7999,13,7999,spatial_specificity,13.0,0.6474422812461853,0.03514615818858147
7999,13,7999,spatial_specificity,13.038405418395996,0.6457394957542419,0.03552233427762985
7999,13,7999,spatial_specificity,13.152946472167969,0.6572420597076416,0.03310352563858032
7999,13,7999,spatial_specificity,13.34166431427002,0.6507445573806763,0.0350533090531826
7999,13,7999,spatial_specificity,13.416407585144043,0.6310480833053589,0.04058666154742241
7999,13,7999,spatial_specificity,13.45362377166748,0.6212159395217896,0.04293055832386017
7999,13,7999,spatial_specificity,13.601469993591309,0.6330130696296692,0.03973951190710068
7999,13,7999,spatial_specificity,13.892444610595703,0.624527633190155,0.04233656823635101
7999,13,7999,spatial_specificity,13.928387641906738,0.635787844657898,0.0391533300280571
7999,13,7999,spatial_specificity,14.0,0.6629126071929932,0.03150256350636482
7999,13,7999,spatial_specificity,14.03566837310791,0.6605157256126404,0.03229658678174019
7999,13,7999,spatial_specificity,14.142135620117188,0.6427081823348999,0.03642849996685982
7999,13,7999,spatial_specificity,14.21267032623291,0.6171444058418274,0.044030241668224335
7999,13,7999,spatial_specificity,14.317821502685547,0.6387940049171448,0.03809472173452377
7999,13,7999,spatial_specificity,14.422204971313477,0.6187834739685059,0.043743789196014404
7999,13,7999,spatial_specificity,14.560219764709473,0.6417255401611328,0.037330321967601776
7999,13,7999,spatial_specificity,14.764822959899902,0.6219819784164429,0.04276593029499054
7999,13,7999,spatial_specificity,14.866068840026855,0.6234863996505737,0.0420842282474041
7999,13,7999,spatial_specificity,15.0,0.6297533512115479,0.03909105062484741
7999,13,7999,spatial_specificity,15.033296585083008,0.6583841443061829,0.032494571059942245
7999,13,7999,spatial_specificity,15.132745742797852,0.6535428166389465,0.03371310979127884
7999,13,7999,spatial_specificity,15.231546401977539,0.6271592378616333,0.04107752814888954
7999,13,7999,spatial_specificity,15.264337539672852,0.6161248087882996,0.04410356655716896
7999,13,7999,spatial_specificity,15.297059059143066,0.6471544504165649,0.03536422550678253
7999,13,7999,spatial_specificity,15.524174690246582,0.6401450037956238,0.03710932657122612
7999,13,7999,spatial_specificity,15.55634880065918,0.608418345451355,0.045801036059856415
7999,13,7999,spatial_specificity,15.620499610900879,0.6089849472045898,0.04569370672106743
7999,13,7999,spatial_specificity,15.65247631072998,0.6203793287277222,0.042729321867227554
7999,13,7999,spatial_specificity,15.81138801574707,0.6217814683914185,0.04183158278465271
7999,13,7999,spatial_specificity,16.0,0.6574956178665161,0.03145093843340874
7999,13,7999,spatial_specificity,16.031219482421875,0.6554050445556641,0.03209061548113823
7999,13,7999,spatial_specificity,16.124515533447266,0.6328409314155579,0.037591587752103806
7999,13,7999,spatial_specificity,16.155494689941406,0.6254711151123047,0.04058054834604263
7999,13,7999,spatial_specificity,16.278820037841797,0.6252266764640808,0.039522215723991394
7999,13,7999,spatial_specificity,16.401220321655273,0.6059446930885315,0.04571232944726944
7999,13,7999,spatial_specificity,16.492422103881836,0.6376064419746399,0.03625689446926117
7999,13,7999,spatial_specificity,16.552946090698242,0.6187224984169006,0.04193732514977455
7999,13,7999,spatial_specificity,16.6433162689209,0.6083714962005615,0.04470331221818924
7999,13,7999,spatial_specificity,16.76305389404297,0.6303321123123169,0.03765968233346939
7999,13,7999,spatial_specificity,16.970561981201172,0.60093754529953,0.04638321325182915
7999,13,7999,spatial_specificity,17.0,0.6266885995864868,0.036808498203754425
7999,13,7999,spatial_specificity,17.029386520385742,0.6272932887077332,0.03631758689880371
7999,13,7999,spatial_specificity,17.0880069732666,0.623049795627594,0.03915617987513542
7999,13,7999,spatial_specificity,17.11724281311035,0.6475687026977539,0.031769778579473495
7999,13,7999,spatial_specificity,17.20465087890625,0.6031692624092102,0.04499435052275658
7999,13,7999,spatial_specificity,17.262676239013672,0.641716718673706,0.03292687609791756
7999,13,7999,spatial_specificity,17.464248657226562,0.6257131695747375,0.03698712959885597
7999,13,7999,spatial_specificity,17.492855072021484,0.6061999201774597,0.043149858713150024
7999,13,7999,spatial_specificity,17.69180679321289,0.5971821546554565,0.045631904155015945
7999,13,7999,spatial_specificity,17.72004508972168,0.627505362033844,0.03554963320493698
7999,13,7999,spatial_specificity,17.804494857788086,0.5982027053833008,0.04481671378016472
7999,13,7999,spatial_specificity,17.8885440826416,0.6099044680595398,0.04076196253299713
7999,13,7999,spatial_specificity,18.0,0.6493490934371948,0.028641890734434128
7999,13,7999,spatial_specificity,18.027755737304688,0.6232619881629944,0.034275881946086884
7999,13,7999,spatial_specificity,18.11077117919922,0.6432967782020569,0.029666585847735405
7999,13,7999,spatial_specificity,18.248287200927734,0.6376053094863892,0.030806247144937515
7999,13,7999,spatial_specificity,18.357559204101562,0.6036204099655151,0.04074273258447647
7999,13,7999,spatial_specificity,18.384777069091797,0.6070863008499146,0.039456844329833984
7999,13,7999,spatial_specificity,18.439088821411133,0.6127418279647827,0.03685494512319565
7999,13,7999,spatial_specificity,18.601076126098633,0.5951977968215942,0.042612332850694656
7999,13,7999,spatial_specificity,18.681541442871094,0.6244242191314697,0.032887376844882965
7999,13,7999,spatial_specificity,18.788293838500977,0.6072270274162292,0.037811510264873505
7999,13,7999,spatial_specificity,18.867961883544922,0.5976544618606567,0.04044991359114647
7999,13,7999,spatial_specificity,18.973665237426758,0.617640495300293,0.03391140326857567
7999,13,7999,spatial_specificity,19.0,0.6446556448936462,0.027107879519462585
7999,13,7999,spatial_specificity,19.02629852294922,0.6427015662193298,0.02726885862648487
7999,13,7999,spatial_specificity,19.10497283935547,0.6146820783615112,0.03187846764922142
7999,13,7999,spatial_specificity,19.209373474121094,0.5905963778495789,0.04166489839553833
7999,13,7999,spatial_specificity,19.235383987426758,0.6174865961074829,0.031356945633888245
7999,13,7999,spatial_specificity,19.313207626342773,0.6108663082122803,0.034550175070762634
7999,13,7999,spatial_specificity,19.416488647460938,0.6102022528648376,0.032969024032354355
7999,13,7999,spatial_specificity,19.646883010864258,0.6212011575698853,0.030325213447213173
7999,13,7999,spatial_specificity,19.697715759277344,0.6045648455619812,0.03482648730278015
7999,13,7999,spatial_specificity,19.72308349609375,0.5950886011123657,0.03725071996450424
7999,13,7999,spatial_specificity,19.79899024963379,0.585539698600769,0.040513478219509125
7999,13,7999,spatial_specificity,19.84943389892578,0.5860512256622314,0.040166113525629044
7999,13,7999,spatial_specificity,19.92485809326172,0.6150493025779724,0.030951499938964844
7999,13,7999,spatial_specificity,20.0,0.6063653826713562,0.02960260771214962
7999,13,7999,spatial_specificity,20.02498435974121,0.6394967436790466,0.026653382927179337
7999,13,7999,spatial_specificity,20.099750518798828,0.6354871392250061,0.026573719456791878
7999,13,7999,spatial_specificity,20.124610900878906,0.5984429121017456,0.034628912806510925
7999,13,7999,spatial_specificity,20.2237491607666,0.6305617094039917,0.02685101144015789
7999,13,7999,spatial_specificity,20.248456954956055,0.5995107889175415,0.03386411815881729
7999,13,7999,spatial_specificity,20.39607810974121,0.6250904202461243,0.027106977999210358
7999,13,7999,spatial_specificity,20.51828384399414,0.5821338891983032,0.038646042346954346
7999,13,7999,spatial_specificity,20.59126091003418,0.5932513475418091,0.03447313606739044
7999,13,7999,spatial_specificity,20.615528106689453,0.6019526720046997,0.03142338618636131
7999,13,7999,spatial_specificity,20.808650970458984,0.5863974094390869,0.03673236444592476
7999,13,7999,spatial_specificity,20.880613327026367,0.6133909821510315,0.029159292578697205
7999,13,7999,spatial_specificity,21.0,0.6405457854270935,0.029855472967028618
7999,13,7999,spatial_specificity,21.02379608154297,0.6186188459396362,0.02540510892868042
7999,13,7999,spatial_specificity,21.095022201538086,0.6128913164138794,0.02600889466702938
7999,13,7999,spatial_specificity,21.189619064331055,0.6079075932502747,0.030352972447872162
7999,13,7999,spatial_specificity,21.21320343017578,0.6140763759613037,0.026555685326457024
7999,13,7999,spatial_specificity,21.260292053222656,0.5806113481521606,0.03816121444106102
7999,13,7999,spatial_specificity,21.3775577545166,0.6257259249687195,0.027556706219911575
7999,13,7999,spatial_specificity,21.40093421936035,0.5831261873245239,0.037749338895082474
7999,13,7999,spatial_specificity,21.470911026000977,0.5927761197090149,0.03425642102956772
7999,13,7999,spatial_specificity,21.540658950805664,0.6031008958816528,0.032079365104436874
7999,13,7999,spatial_specificity,21.587032318115234,0.6204299926757812,0.02855212800204754
7999,13,7999,spatial_specificity,21.63330841064453,0.586469829082489,0.03770264610648155
7999,13,7999,spatial_specificity,21.840330123901367,0.615740180015564,0.03102465346455574
7999,13,7999,spatial_specificity,21.931711196899414,0.5897856950759888,0.03822489082813263
7999,13,7999,spatial_specificity,21.954498291015625,0.5904189944267273,0.038727011531591415
7999,13,7999,spatial_specificity,22.0,0.6446502804756165,0.03590194508433342
7999,13,7999,spatial_specificity,22.022714614868164,0.6131933331489563,0.0306325051933527
7999,13,7999,spatial_specificity,22.090721130371094,0.6400601267814636,0.035109154880046844
7999,13,7999,spatial_specificity,22.135944366455078,0.6116132140159607,0.03475939482450485
7999,13,7999,spatial_specificity,22.203603744506836,0.611322283744812,0.03414786234498024
7999,13,7999,spatial_specificity,22.360679626464844,0.6153072118759155,0.03643053025007248
7999,13,7999,spatial_specificity,22.472204208374023,0.5997044444084167,0.04314563795924187
7999,13,7999,spatial_specificity,22.56102752685547,0.6293002963066101,0.038814231753349304
7999,13,7999,spatial_specificity,22.627416610717773,0.5848451852798462,0.05047974735498428
7999,13,7999,spatial_specificity,22.671567916870117,0.5858039855957031,0.05072310194373131
7999,13,7999,spatial_specificity,22.803508758544922,0.6071280241012573,0.04690183699131012
7999,13,7999,spatial_specificity,22.825424194335938,0.5983031988143921,0.051559966057538986
7999,13,7999,spatial_specificity,22.847320556640625,0.608230471611023,0.04933194816112518
7999,13,7999,spatial_specificity,23.0,0.6574855446815491,0.05215558409690857
7999,13,7999,spatial_specificity,23.021728515625,0.625430703163147,0.04830372706055641
7999,13,7999,spatial_specificity,23.086793899536133,0.6395324468612671,0.05028975382447243
7999,13,7999,spatial_specificity,23.194828033447266,0.6525954008102417,0.05422309786081314
7999,13,7999,spatial_specificity,23.25940704345703,0.6101495027542114,0.060325589030981064
7999,13,7999,spatial_specificity,23.323808670043945,0.6020532846450806,0.06427221745252609
7999,13,7999,spatial_specificity,23.345233917236328,0.6232184171676636,0.05768965929746628
7999,13,7999,spatial_specificity,23.409400939941406,0.6240605115890503,0.06174744293093681
7999,13,7999,spatial_specificity,23.430747985839844,0.5983567237854004,0.06785900890827179
7999,13,7999,spatial_specificity,23.53720474243164,0.647720456123352,0.06274565309286118
7999,13,7999,spatial_specificity,23.600847244262695,0.6023723483085632,0.07183858007192612
7999,13,7999,spatial_specificity,23.706539154052734,0.6147503852844238,0.07372096180915833
7999,13,7999,spatial_specificity,23.769729614257812,0.636600136756897,0.07043285667896271
7999,13,7999,spatial_specificity,23.853721618652344,0.6102973222732544,0.07824590057134628
7999,13,7999,spatial_specificity,24.0,0.6819006204605103,0.07091676443815231
7999,13,7999,spatial_specificity,24.020824432373047,0.6805154085159302,0.0712687149643898
7999,13,7999,spatial_specificity,24.0416316986084,0.6356720924377441,0.07848868519067764
7999,13,7999,spatial_specificity,24.083189010620117,0.6474877595901489,0.07453836500644684
7999,13,7999,spatial_specificity,24.166091918945312,0.631716251373291,0.0838080421090126
7999,13,7999,spatial_specificity,24.1867733001709,0.6499361991882324,0.07710384577512741
7999,13,7999,spatial_specificity,24.207435607910156,0.6194107532501221,0.08956516534090042
7999,13,7999,spatial_specificity,24.3310489654541,0.675877034664154,0.07743480801582336
7999,13,7999,spatial_specificity,24.351591110229492,0.648889422416687,0.08372435718774796
7999,13,7999,spatial_specificity,24.413110733032227,0.6256796717643738,0.09373681992292404
7999,13,7999,spatial_specificity,24.515300750732422,0.6746646165847778,0.08073144406080246
7999,13,7999,spatial_specificity,24.59674835205078,0.6394608020782471,0.09269767254590988
7999,13,7999,spatial_specificity,24.698179244995117,0.6448308229446411,0.09396729618310928
7999,13,7999,spatial_specificity,24.73863410949707,0.6741448640823364,0.08465653657913208
7999,13,7999,spatial_specificity,24.75883674621582,0.6397448182106018,0.10579348355531693
7999,13,7999,spatial_specificity,24.83948516845703,0.6426534652709961,0.10777295380830765
7999,13,7999,spatial_specificity,25.0,0.6722284555435181,0.09302281588315964
7999,13,7999,spatial_specificity,25.01999282836914,0.712864100933075,0.0852118730545044
7999,13,7999,spatial_specificity,25.05992889404297,0.652708888053894,0.10189465433359146
7999,13,7999,spatial_specificity,25.079872131347656,0.6868546605110168,0.08837230503559113
7999,13,7999,spatial_specificity,25.179357528686523,0.7121179699897766,0.08787620067596436
7999,13,7999,spatial_specificity,25.238859176635742,0.6580343842506409,0.11119063198566437
7999,13,7999,spatial_specificity,25.298221588134766,0.6823869943618774,0.09597302228212357
7999,13,7999,spatial_specificity,25.317977905273438,0.7110129594802856,0.09049876034259796
7999,13,7999,spatial_specificity,25.455842971801758,0.6679388880729675,0.12121245265007019
7999,13,7999,spatial_specificity,25.495098114013672,0.6841093897819519,0.10361810773611069
7999,13,7999,spatial_specificity,25.553865432739258,0.6730210185050964,0.11367226392030716
7999,13,7999,spatial_specificity,25.612497329711914,0.6756746172904968,0.12252083420753479
7999,13,7999,spatial_specificity,25.63201141357422,0.6913982629776001,0.10323277860879898
7999,13,7999,spatial_specificity,25.709918975830078,0.713803768157959,0.09645458310842514
7999,13,7999,spatial_specificity,25.806976318359375,0.685487687587738,0.12376351654529572
7999,13,7999,spatial_specificity,25.942243576049805,0.6936143636703491,0.11685260385274887
7999,13,7999,spatial_specificity,25.961509704589844,0.7196723222732544,0.10068466514348984
7999,13,7999,spatial_specificity,26.0,0.7199791669845581,0.10007649660110474
7999,13,7999,spatial_specificity,26.019224166870117,0.7527896761894226,0.0884556993842125
7999,13,7999,spatial_specificity,26.076810836791992,0.724759042263031,0.10223821550607681
7999,13,7999,spatial_specificity,26.172504425048828,0.7254074215888977,0.10590307414531708
7999,13,7999,spatial_specificity,26.248809814453125,0.7155243158340454,0.11559136211872101
7999,13,7999,spatial_specificity,26.305892944335938,0.7556297183036804,0.09396925568580627
7999,13,7999,spatial_specificity,26.400758743286133,0.7170746922492981,0.12387403100728989
7999,13,7999,spatial_specificity,26.419689178466797,0.7175089716911316,0.12572506070137024
7999,13,7999,spatial_specificity,26.476404190063477,0.7590130567550659,0.09585347771644592
7999,13,7999,spatial_specificity,26.570661544799805,0.7378939390182495,0.10909072309732437
7999,13,7999,spatial_specificity,26.62705421447754,0.7270025610923767,0.12996695935726166
7999,13,7999,spatial_specificity,26.68332862854004,0.7630051374435425,0.09709989279508591
7999,13,7999,spatial_specificity,26.832815170288086,0.7416061162948608,0.12366928160190582
7999,13,7999,spatial_specificity,26.870058059692383,0.7361688613891602,0.13297004997730255
7999,13,7999,spatial_specificity,26.90724754333496,0.7376822233200073,0.13233120739459991
7999,13,7999,spatial_specificity,26.925825119018555,0.7548859119415283,0.11267537623643875
7999,13,7999,spatial_specificity,27.0,0.7956264615058899,0.08162853866815567
7999,13,7999,spatial_specificity,27.018512725830078,0.7691904306411743,0.10145892202854156
7999,13,7999,spatial_specificity,27.073972702026367,0.794467031955719,0.08358693867921829
7999,13,7999,spatial_specificity,27.166154861450195,0.7948291301727295,0.08447499573230743
7999,13,7999,spatial_specificity,27.202939987182617,0.7655317783355713,0.11409838497638702
7999,13,7999,spatial_specificity,27.294689178466797,0.7832522392272949,0.10352051258087158
7999,13,7999,spatial_specificity,27.312999725341797,0.7701424360275269,0.11698772758245468
7999,13,7999,spatial_specificity,27.459060668945312,0.7802430987358093,0.10370571911334991
7999,13,7999,spatial_specificity,27.51363182067871,0.7834680676460266,0.10324224084615707
7999,13,7999,spatial_specificity,27.58622932434082,0.755541980266571,0.12682390213012695
7999,13,7999,spatial_specificity,27.658634185791016,0.7853026986122131,0.10613419115543365
7999,13,7999,spatial_specificity,27.730850219726562,0.7839518785476685,0.11733989417552948
7999,13,7999,spatial_specificity,27.784889221191406,0.7831886410713196,0.1217985674738884
7999,13,7999,spatial_specificity,27.80287742614746,0.7787350416183472,0.12647774815559387
7999,13,7999,spatial_specificity,27.856775283813477,0.7984840869903564,0.10698399692773819
7999,13,7999,spatial_specificity,27.89265251159668,0.8150867819786072,0.09100751578807831
7999,13,7999,spatial_specificity,28.0,0.851995587348938,0.07233309000730515
7999,13,7999,spatial_specificity,28.017852783203125,0.8178693056106567,0.09420027583837509
7999,13,7999,spatial_specificity,28.07133674621582,0.8498912453651428,0.07368434965610504
7999,13,7999,spatial_specificity,28.160255432128906,0.8369125127792358,0.08177070319652557
7999,13,7999,spatial_specificity,28.17800521850586,0.805492103099823,0.11518777906894684
7999,13,7999,spatial_specificity,28.231189727783203,0.8156322240829468,0.10767216235399246
7999,13,7999,spatial_specificity,28.284271240234375,0.8311293721199036,0.08898100256919861
7999,13,7999,spatial_specificity,28.301944732666016,0.8069227337837219,0.11737921833992004
7999,13,7999,spatial_specificity,28.319604873657227,0.7907589673995972,0.12418399006128311
7999,13,7999,spatial_specificity,28.42534065246582,0.7993088960647583,0.12348858267068863
7999,13,7999,spatial_specificity,28.44292640686035,0.8533677458763123,0.07654174417257309
7999,13,7999,spatial_specificity,28.460498809814453,0.8331944942474365,0.09359819442033768
7999,13,7999,spatial_specificity,28.60070037841797,0.8108934164047241,0.120858334004879
7999,13,7999,spatial_specificity,28.635643005371094,0.8410337567329407,0.08935552835464478
7999,13,7999,spatial_specificity,28.65309715270996,0.8200711607933044,0.11019571125507355
7999,13,7999,spatial_specificity,28.792360305786133,0.8434405326843262,0.08984638005495071
7999,13,7999,spatial_specificity,28.844409942626953,0.8183838129043579,0.11560698598623276
7999,13,7999,spatial_specificity,28.861740112304688,0.8616334199905396,0.0742601603269577
7999,13,7999,spatial_specificity,29.0,0.8403367400169373,0.09711708873510361
7999,13,7999,spatial_specificity,29.017236709594727,0.8911781907081604,0.0628158301115036
7999,13,7999,spatial_specificity,29.068883895874023,0.847470760345459,0.09033101052045822
7999,13,7999,spatial_specificity,29.120439529418945,0.8676350116729736,0.07144218683242798
7999,13,7999,spatial_specificity,29.15475845336914,0.8599098324775696,0.08099417388439178
7999,13,7999,spatial_specificity,29.20616340637207,0.8316867351531982,0.11272185295820236
7999,13,7999,spatial_specificity,29.27456283569336,0.8906355500221252,0.05462299659848213
7999,13,7999,spatial_specificity,29.4108829498291,0.8590596318244934,0.086744524538517
7999,13,7999,spatial_specificity,29.42787742614746,0.892599880695343,0.05175763741135597
7999,13,7999,spatial_specificity,29.529645919799805,0.8497670888900757,0.09712977707386017
7999,13,7999,spatial_specificity,29.546573638916016,0.8598691821098328,0.08568543940782547
7999,13,7999,spatial_specificity,29.614185333251953,0.8939063549041748,0.050143562257289886
7999,13,7999,spatial_specificity,29.681644439697266,0.8529021143913269,0.09703390300273895
7999,13,7999,spatial_specificity,29.698484420776367,0.8423908948898315,0.11032728850841522
7999,13,7999,spatial_specificity,29.73213768005371,0.8590074181556702,0.08743120729923248
7999,13,7999,spatial_specificity,29.832868576049805,0.8686349391937256,0.07894951850175858
7999,13,7999,spatial_specificity,29.96664810180664,0.8597961664199829,0.08149838447570801
7999,13,7999,spatial_specificity,30.0,0.8718336224555969,0.08382201194763184
7999,13,7999,spatial_specificity,30.01666259765625,0.8804458379745483,0.06668663769960403
7999,13,7999,spatial_specificity,30.066593170166016,0.9135476350784302,0.029867319390177727
7999,13,7999,spatial_specificity,30.08321762084961,0.8783391118049622,0.05739159137010574
7999,13,7999,spatial_specificity,30.149627685546875,0.9105311632156372,0.029917266219854355
7999,13,7999,spatial_specificity,30.232433319091797,0.8576875329017639,0.09279481321573257
7999,13,7999,spatial_specificity,30.265491485595703,0.9085214734077454,0.030715828761458397
7999,13,7999,spatial_specificity,30.36445426940918,0.8825623393058777,0.04929407313466072
7999,13,7999,spatial_specificity,30.4138126373291,0.872150719165802,0.07632727921009064
7999,13,7999,spatial_specificity,30.463092803955078,0.8732435703277588,0.06628353148698807
7999,13,7999,spatial_specificity,30.479501724243164,0.856698751449585,0.09173329919576645
7999,13,7999,spatial_specificity,30.528675079345703,0.8606073260307312,0.08607123047113419
7999,13,7999,spatial_specificity,30.594118118286133,0.9070770740509033,0.03174935653805733
7999,13,7999,spatial_specificity,30.610454559326172,0.8619298934936523,0.08739834278821945
7999,13,7999,spatial_specificity,30.675724029541016,0.8845129013061523,0.051071152091026306
7999,13,7999,spatial_specificity,30.805843353271484,0.8795518279075623,0.06666059792041779
7999,13,7999,spatial_specificity,30.870698928833008,0.8791460394859314,0.06700863689184189
7999,13,7999,spatial_specificity,30.886890411376953,0.8740635514259338,0.07706184685230255
7999,13,7999,spatial_specificity,31.0,0.931939959526062,0.01559361070394516
7999,13,7999,spatial_specificity,31.016124725341797,0.9003634452819824,0.0370757021009922
7999,13,7999,spatial_specificity,31.048349380493164,0.9048194885253906,0.03158761188387871
7999,13,7999,spatial_specificity,31.064449310302734,0.8875773549079895,0.06645994633436203
7999,13,7999,spatial_specificity,31.11269760131836,0.8635843396186829,0.08669690042734146
7999,13,7999,spatial_specificity,31.14482307434082,0.8820486664772034,0.07274166494607925
7999,13,7999,spatial_specificity,31.240999221801758,0.8674949407577515,0.08149843662977219
7999,13,7999,spatial_specificity,31.256999969482422,0.919242799282074,0.016313280910253525
7999,13,7999,spatial_specificity,31.30495262145996,0.876124382019043,0.06366663426160812
7999,13,7999,spatial_specificity,31.320920944213867,0.9008359313011169,0.03135491907596588
7999,13,7999,spatial_specificity,31.384708404541016,0.8824663758277893,0.061220571398735046
7999,13,7999,spatial_specificity,31.400636672973633,0.8814333081245422,0.06480025500059128
7999,13,7999,spatial_specificity,31.575305938720703,0.9052398204803467,0.01858551986515522
7999,13,7999,spatial_specificity,31.62277603149414,0.880323588848114,0.05876052752137184
7999,13,7999,spatial_specificity,31.764760971069336,0.8779702186584473,0.05986126512289047
7999,13,7999,spatial_specificity,31.780498504638672,0.8862846493721008,0.037161022424697876
7999,13,7999,spatial_specificity,31.827659606933594,0.8617910742759705,0.08119559288024902
7999,13,7999,spatial_specificity,31.890438079833984,0.8654611706733704,0.07978730648756027
7999,13,7999,spatial_specificity,31.906112670898438,0.8784669041633606,0.06888161599636078
7999,13,7999,spatial_specificity,31.95309066772461,0.8906779289245605,0.03249746188521385
7999,13,7999,spatial_specificity,32.015621185302734,0.8772484064102173,0.06573887169361115
7999,13,7999,spatial_specificity,32.202484130859375,0.8813501000404358,0.057350583374500275
7999,13,7999,spatial_specificity,32.24903106689453,0.8853089809417725,0.057481784373521805
7999,13,7999,spatial_specificity,32.280025482177734,0.8865777254104614,0.018615417182445526
7999,13,7999,spatial_specificity,32.31098937988281,0.8872327208518982,0.033485863357782364
7999,13,7999,spatial_specificity,32.4499626159668,0.8850172758102417,0.07039754837751389
7999,13,7999,spatial_specificity,32.526912689208984,0.8557655215263367,0.08112271130084991
7999,13,7999,spatial_specificity,32.557640075683594,0.8577244877815247,0.07928326725959778
7999,13,7999,spatial_specificity,32.572994232177734,0.8847036361694336,0.01938191056251526
7999,13,7999,spatial_specificity,32.649654388427734,0.878391444683075,0.05898704379796982
7999,13,7999,spatial_specificity,32.69556427001953,0.8778520822525024,0.0361008495092392
7999,13,7999,spatial_specificity,32.75667953491211,0.8706978559494019,0.05905795842409134
7999,13,7999,spatial_specificity,32.80244064331055,0.8748838901519775,0.06617408990859985
7999,13,7999,spatial_specificity,32.893768310546875,0.88606858253479,0.022063666954636574
7999,13,7999,spatial_specificity,33.0151481628418,0.8714957237243652,0.06058888882398605
7999,13,7999,spatial_specificity,33.105892181396484,0.8813782930374146,0.04344221204519272
7999,13,7999,spatial_specificity,33.12099075317383,0.8737720251083374,0.049840666353702545
7999,13,7999,spatial_specificity,33.241539001464844,0.8594080209732056,0.05438812077045441
7999,13,7999,spatial_specificity,33.2866325378418,0.8483507037162781,0.04437442123889923
7999,13,7999,spatial_specificity,33.30165100097656,0.8568589687347412,0.060282278805971146
7999,13,7999,spatial_specificity,33.42155075073242,0.8614183664321899,0.05573571100831032
7999,13,7999,spatial_specificity,33.541019439697266,0.8643126487731934,0.02546839602291584
7999,13,7999,spatial_specificity,33.60059356689453,0.8508194088935852,0.046353984624147415
7999,13,7999,spatial_specificity,33.615474700927734,0.8631768226623535,0.02451006881892681
7999,13,7999,spatial_specificity,33.83784866333008,0.8588178753852844,0.034818876534700394
7999,13,7999,spatial_specificity,33.941123962402344,0.8687279224395752,0.04701585695147514
7999,13,7999,spatial_specificity,33.97057342529297,0.8698503971099854,0.04684779793024063
7999,13,7999,spatial_specificity,34.0,0.8674388527870178,0.02023802511394024
7999,13,7999,spatial_specificity,34.01470184326172,0.8821788430213928,0.00639764592051506
7999,13,7999,spatial_specificity,34.058773040771484,0.8587048053741455,0.04216693714261055
7999,13,7999,spatial_specificity,34.13209533691406,0.8668095469474792,0.0240615326911211
7999,13,7999,spatial_specificity,34.20526123046875,0.86353999376297,0.0358729213476181
7999,13,7999,spatial_specificity,34.4093017578125,0.8555695414543152,0.021764755249023438
7999,13,7999,spatial_specificity,34.438350677490234,0.8841778635978699,0.006989545188844204
7999,13,7999,spatial_specificity,34.48188018798828,0.8658161759376526,0.012935221195220947
7999,13,7999,spatial_specificity,34.65544891357422,0.8529743552207947,0.029128730297088623
7999,13,7999,spatial_specificity,34.66987228393555,0.8645241260528564,0.012394160032272339
7999,13,7999,spatial_specificity,34.71310806274414,0.8549872636795044,0.025815576314926147
7999,13,7999,spatial_specificity,34.828147888183594,0.8611307144165039,0.02091321349143982
7999,13,7999,spatial_specificity,34.885528564453125,0.8852355480194092,0.007939130067825317
7999,13,7999,spatial_specificity,34.98571014404297,0.8726871609687805,0.010328233242034912
7999,13,7999,spatial_specificity,35.0,0.8672974705696106,0.013486206531524658
7999,13,7999,spatial_specificity,35.22782897949219,0.8737289905548096,0.00740388035774231
7999,13,7999,spatial_specificity,35.35533905029297,0.8747502565383911,0.014299660921096802
7999,13,7999,spatial_specificity,35.38361358642578,0.8705039024353027,0.01661720871925354
7999,13,7999,spatial_specificity,35.46829605102539,0.873267412185669,0.01298949122428894
7999,13,7999,spatial_specificity,35.510562896728516,0.8788625001907349,0.00788232684135437
7999,13,7999,spatial_specificity,35.60898971557617,0.8760466575622559,0.008874237537384033
7999,13,7999,spatial_specificity,35.80502700805664,0.8798073530197144,0.005062192678451538
7999,13,7999,spatial_specificity,35.84689712524414,0.895146906375885,0.009076535701751709
7999,13,7999,spatial_specificity,36.055511474609375,0.8836371302604675,0.007751822471618652
7999,13,7999,spatial_specificity,36.06937789916992,0.8833597302436829,0.009227573871612549
7999,13,7999,spatial_specificity,36.12478256225586,0.883521556854248,0.007887661457061768
7999,13,7999,spatial_specificity,36.2353401184082,0.8835626244544983,0.005215108394622803
7999,13,7999,spatial_specificity,36.359317779541016,0.8995697498321533,0.008083969354629517
7999,13,7999,spatial_specificity,36.400550842285156,0.885205864906311,0.003726094961166382
7999,13,7999,spatial_specificity,36.619667053222656,0.8872929811477661,0.009297192096710205
7999,13,7999,spatial_specificity,36.769554138183594,0.8926441669464111,0.005142182111740112
7999,13,7999,spatial_specificity,36.79673767089844,0.8914833068847656,0.005448818206787109
7999,13,7999,spatial_specificity,36.878177642822266,0.8903998136520386,0.003673166036605835
7999,13,7999,spatial_specificity,36.8917350769043,0.9033224582672119,0.011755973100662231
7999,13,7999,spatial_specificity,37.013511657714844,0.8888257741928101,0.0033383071422576904
7999,13,7999,spatial_specificity,37.202152252197266,0.8902981281280518,0.010893493890762329
7999,13,7999,spatial_specificity,37.44329071044922,0.9059959650039673,0.013622313737869263
7999,13,7999,spatial_specificity,37.48332977294922,0.8962626457214355,0.005151093006134033
7999,13,7999,spatial_specificity,37.53664779663086,0.8941354751586914,0.004945874214172363
7999,13,7999,spatial_specificity,37.643062591552734,0.8912009596824646,0.005191504955291748
7999,13,7999,spatial_specificity,37.80211639404297,0.8922344446182251,0.012395709753036499
7999,13,7999,spatial_specificity,38.01315689086914,0.9084447622299194,0.016382664442062378
7999,13,7999,spatial_specificity,38.18376541137695,0.8978387117385864,0.0075262486934661865
7999,13,7999,spatial_specificity,38.20994567871094,0.89629065990448,0.0069627463817596436
7999,13,7999,spatial_specificity,38.28837966918945,0.8932838439941406,0.007465988397598267
7999,13,7999,spatial_specificity,38.41874694824219,0.8939934372901917,0.014946818351745605
7999,13,7999,spatial_specificity,38.60051727294922,0.9120801091194153,0.02028578519821167
7999,13,7999,spatial_specificity,38.897300720214844,0.8972821235656738,0.009656071662902832
7999,13,7999,spatial_specificity,38.94868469238281,0.8951103687286377,0.009119004011154175
7999,13,7999,spatial_specificity,39.051246643066406,0.8962363600730896,0.01755499839782715
7999,13,7999,spatial_specificity,39.20458984375,0.9092342853546143,0.01709708571434021
7999,13,7999,spatial_specificity,39.59798049926758,0.8967164754867554,0.011712193489074707
7999,13,7999,spatial_specificity,39.623226165771484,0.896091103553772,0.011511415243148804
7999,13,7999,spatial_specificity,39.69886779785156,0.8985229134559631,0.01873302459716797
7999,13,7999,spatial_specificity,39.824615478515625,0.9081372022628784,0.014810293912887573
7999,13,7999,spatial_specificity,40.31128692626953,0.8957363367080688,0.01395300030708313
7999,13,7999,spatial_specificity,40.360870361328125,0.9001967906951904,0.02184411883354187
7999,13,7999,spatial_specificity,40.45985794067383,0.893673837184906,0.0
7999,13,7999,spatial_specificity,41.01219177246094,0.897036075592041,0.017510443925857544
7999,13,7999,spatial_specificity,41.03656768798828,0.9004826545715332,0.024549812078475952
7999,13,7999,spatial_specificity,41.1096076965332,0.8935182690620422,0.0
7999,13,7999,spatial_specificity,41.72529220581055,0.9020139575004578,0.0260506272315979
7999,13,7999,spatial_specificity,41.773197174072266,0.8935247659683228,0.0
7999,13,7999,spatial_specificity,42.42640686035156,0.9067655801773071,0.029145359992980957
7999,13,7999,spatial_specificity,42.44997024536133,0.8916001915931702,0.0
7999,13,7999,spatial_specificity,43.13930892944336,0.8971050977706909,0.0
8499,14,8499,cls_effective_rank,,15.884998321533203,1.0945826768875122
8499,14,8499,patch_effective_rank,,83.3864517211914,13.011220932006836
8499,14,8499,mean_off_diagonal_similarity,,0.6561293601989746,0.029847171157598495
8499,14,8499,spatial_specificity_correlation,,-0.1983095407485962,0.05333878844976425
8499,14,8499,spatial_specificity,1.0,0.9489510655403137,0.0055847461335361
8499,14,8499,spatial_specificity,1.4142135381698608,0.9219846725463867,0.0077245719730854034
8499,14,8499,spatial_specificity,2.0,0.8870011568069458,0.011784162372350693
8499,14,8499,spatial_specificity,2.2360680103302,0.871691882610321,0.012234027497470379
8499,14,8499,spatial_specificity,2.8284270763397217,0.8381179571151733,0.014013799838721752
8499,14,8499,spatial_specificity,3.0,0.8313159942626953,0.01650054194033146
8499,14,8499,spatial_specificity,3.1622776985168457,0.8227224349975586,0.015935687348246574
8499,14,8499,spatial_specificity,3.605551242828369,0.8023039698600769,0.015947680920362473
8499,14,8499,spatial_specificity,4.0,0.786810040473938,0.019193600863218307
8499,14,8499,spatial_specificity,4.123105525970459,0.7816375494003296,0.018732603639364243
8499,14,8499,spatial_specificity,4.242640495300293,0.7765327095985413,0.016659893095493317
8499,14,8499,spatial_specificity,4.4721360206604,0.768989086151123,0.0181764867156744
8499,14,8499,spatial_specificity,5.0,0.7506285905838013,0.019290314987301826
8499,14,8499,spatial_specificity,5.099019527435303,0.7483336925506592,0.020660074427723885
8499,14,8499,spatial_specificity,5.385164737701416,0.7393943667411804,0.020857444033026695
8499,14,8499,spatial_specificity,5.656854152679443,0.7284500002861023,0.02097943052649498
8499,14,8499,spatial_specificity,5.830952167510986,0.7247940897941589,0.022084958851337433
8499,14,8499,spatial_specificity,6.0,0.7242368459701538,0.022308560088276863
8499,14,8499,spatial_specificity,6.082762241363525,0.7212270498275757,0.02243487909436226
8499,14,8499,spatial_specificity,6.324555397033691,0.7141551375389099,0.023454315960407257
8499,14,8499,spatial_specificity,6.4031243324279785,0.7069650292396545,0.02425006404519081
8499,14,8499,spatial_specificity,6.7082037925720215,0.702387809753418,0.02526652067899704
8499,14,8499,spatial_specificity,7.0,0.7021508812904358,0.023953376337885857
8499,14,8499,spatial_specificity,7.071067810058594,0.6958767175674438,0.024892393499612808
8499,14,8499,spatial_specificity,7.211102485656738,0.687447190284729,0.02758079394698143
8499,14,8499,spatial_specificity,7.280109882354736,0.6932754516601562,0.025800606235861778
8499,14,8499,spatial_specificity,7.6157732009887695,0.683234691619873,0.028051892295479774
8499,14,8499,spatial_specificity,7.8102498054504395,0.6718154549598694,0.03009919449687004
8499,14,8499,spatial_specificity,8.0,0.684901237487793,0.02592371590435505
8499,14,8499,spatial_specificity,8.062257766723633,0.6764021515846252,0.028167465701699257
8499,14,8499,spatial_specificity,8.246211051940918,0.676240086555481,0.028256716206669807
8499,14,8499,spatial_specificity,8.485280990600586,0.6572497487068176,0.032826315611600876
8499,14,8499,spatial_specificity,8.5440034866333,0.6673136353492737,0.030636249110102654
8499,14,8499,spatial_specificity,8.602325439453125,0.6570533514022827,0.033020831644535065
8499,14,8499,spatial_specificity,8.9442720413208,0.6564348936080933,0.033057551831007004
8499,14,8499,spatial_specificity,9.0,0.6718986630439758,0.02784602902829647
8499,14,8499,spatial_specificity,9.05538558959961,0.6690619587898254,0.028802651911973953
8499,14,8499,spatial_specificity,9.219544410705566,0.6538702845573425,0.032859813421964645
8499,14,8499,spatial_specificity,9.433980941772461,0.6447051167488098,0.035801000893116
8499,14,8499,spatial_specificity,9.486832618713379,0.6550430059432983,0.03300560638308525
8499,14,8499,spatial_specificity,9.848857879638672,0.6453070640563965,0.03551950678229332
8499,14,8499,spatial_specificity,9.899495124816895,0.6332499980926514,0.03867685794830322
8499,14,8499,spatial_specificity,10.0,0.6435016989707947,0.03481272980570793
8499,14,8499,spatial_specificity,10.049875259399414,0.6594874262809753,0.03074103780090809
8499,14,8499,spatial_specificity,10.198039054870605,0.6536914110183716,0.032793473452329636
8499,14,8499,spatial_specificity,10.29563045501709,0.6351307034492493,0.03829486295580864
8499,14,8499,spatial_specificity,10.440306663513184,0.6460046768188477,0.03524996340274811
8499,14,8499,spatial_specificity,10.630146026611328,0.6242178082466125,0.04154108837246895
8499,14,8499,spatial_specificity,10.770329475402832,0.6370248198509216,0.03801237419247627
8499,14,8499,spatial_specificity,10.816654205322266,0.6255654692649841,0.04123187065124512
8499,14,8499,spatial_specificity,11.0,0.6558063626289368,0.03137965127825737
8499,14,8499,spatial_specificity,11.045360565185547,0.6530044674873352,0.03248891234397888
8499,14,8499,spatial_specificity,11.180339813232422,0.6377424001693726,0.03745440021157265
8499,14,8499,spatial_specificity,11.313708305358887,0.6161185503005981,0.044333793222904205
8499,14,8499,spatial_specificity,11.401754379272461,0.6287141442298889,0.040382858365774155
8499,14,8499,spatial_specificity,11.661904335021973,0.6194632053375244,0.043647971004247665
8499,14,8499,spatial_specificity,11.704700469970703,0.6315915584564209,0.04009244590997696
8499,14,8499,spatial_specificity,12.0,0.6518812775611877,0.03301966190338135
8499,14,8499,spatial_specificity,12.041594505310059,0.6300040483474731,0.03938961401581764
8499,14,8499,spatial_specificity,12.083045959472656,0.6229583621025085,0.042973265051841736
8499,14,8499,spatial_specificity,12.16552448272705,0.6435705423355103,0.03646905720233917
8499,14,8499,spatial_specificity,12.206555366516113,0.6120898723602295,0.04628311097621918
8499,14,8499,spatial_specificity,12.369317054748535,0.6364306211471558,0.03900852054357529
8499,14,8499,spatial_specificity,12.529964447021484,0.615021824836731,0.045867424458265305
8499,14,8499,spatial_specificity,12.649110794067383,0.6283686757087708,0.04173839092254639
8499,14,8499,spatial_specificity,12.727921485900879,0.6047439575195312,0.04905564337968826
8499,14,8499,spatial_specificity,12.806248664855957,0.6057337522506714,0.048732735216617584
8499,14,8499,spatial_specificity,13.0,0.6302655339241028,0.040486592799425125
8499,14,8499,spatial_specificity,13.038405418395996,0.6282060742378235,0.041104890406131744
8499,14,8499,spatial_specificity,13.152946472167969,0.6417931318283081,0.03782051429152489
8499,14,8499,spatial_specificity,13.34166431427002,0.6348296403884888,0.04016813263297081
8499,14,8499,spatial_specificity,13.416407585144043,0.612423837184906,0.04716663807630539
8499,14,8499,spatial_specificity,13.45362377166748,0.6006561517715454,0.05073467642068863
8499,14,8499,spatial_specificity,13.601469993591309,0.614850640296936,0.04627861827611923
8499,14,8499,spatial_specificity,13.892444610595703,0.6057847142219543,0.049554355442523956
8499,14,8499,spatial_specificity,13.928387641906738,0.6188445687294006,0.045375559478998184
8499,14,8499,spatial_specificity,14.0,0.6492379307746887,0.03652355819940567
8499,14,8499,spatial_specificity,14.03566837310791,0.6467089653015137,0.03737403079867363
8499,14,8499,spatial_specificity,14.142135620117188,0.6267486810684204,0.0424334816634655
8499,14,8499,spatial_specificity,14.21267032623291,0.597625195980072,0.05205262824892998
8499,14,8499,spatial_specificity,14.317821502685547,0.6229435205459595,0.04425959289073944
8499,14,8499,spatial_specificity,14.422204971313477,0.6002157330513,0.05148942396044731
8499,14,8499,spatial_specificity,14.560219764709473,0.6267193555831909,0.043329283595085144
8499,14,8499,spatial_specificity,14.764822959899902,0.6046876311302185,0.05014976114034653
8499,14,8499,spatial_specificity,14.866068840026855,0.6063543558120728,0.04933393746614456
8499,14,8499,spatial_specificity,15.0,0.6135866045951843,0.04600861296057701
8499,14,8499,spatial_specificity,15.033296585083008,0.6459799408912659,0.03779543563723564
8499,14,8499,spatial_specificity,15.132745742797852,0.6408705115318298,0.039165157824754715
8499,14,8499,spatial_specificity,15.231546401977539,0.6114593148231506,0.0479750856757164
8499,14,8499,spatial_specificity,15.264337539672852,0.5989855527877808,0.05181067809462547
8499,14,8499,spatial_specificity,15.297059059143066,0.6340377926826477,0.041091062128543854
8499,14,8499,spatial_specificity,15.524174690246582,0.6266291737556458,0.04315231740474701
8499,14,8499,spatial_specificity,15.55634880065918,0.5905783772468567,0.05391998216509819
8499,14,8499,spatial_specificity,15.620499610900879,0.591415524482727,0.05379033461213112
8499,14,8499,spatial_specificity,15.65247631072998,0.6046174764633179,0.04996176436543465
8499,14,8499,spatial_specificity,15.81138801574707,0.6064771413803101,0.04888950288295746
8499,14,8499,spatial_specificity,16.0,0.6464909315109253,0.03636295348405838
8499,14,8499,spatial_specificity,16.031219482421875,0.6442862749099731,0.03702884167432785
8499,14,8499,spatial_specificity,16.124515533447266,0.6193970441818237,0.043640293180942535
8499,14,8499,spatial_specificity,16.155494689941406,0.6113661527633667,0.047068238258361816
8499,14,8499,spatial_specificity,16.278820037841797,0.6110889911651611,0.045904532074928284
8499,14,8499,spatial_specificity,16.401220321655273,0.5899304151535034,0.05346725881099701
8499,14,8499,spatial_specificity,16.492422103881836,0.6254538893699646,0.04162928834557533
8499,14,8499,spatial_specificity,16.552946090698242,0.6046257019042969,0.048615142703056335
8499,14,8499,spatial_specificity,16.6433162689209,0.5932821035385132,0.05207248032093048
8499,14,8499,spatial_specificity,16.76305389404297,0.617857813835144,0.04317138344049454
8499,14,8499,spatial_specificity,16.970561981201172,0.5856766700744629,0.0538664273917675
8499,14,8499,spatial_specificity,17.0,0.6141837239265442,0.04242435470223427
8499,14,8499,spatial_specificity,17.029386520385742,0.614828884601593,0.041751258075237274
8499,14,8499,spatial_specificity,17.0880069732666,0.6104079484939575,0.044733718037605286
8499,14,8499,spatial_specificity,17.11724281311035,0.6372162103652954,0.03593475744128227
8499,14,8499,spatial_specificity,17.20465087890625,0.5888248682022095,0.05204872786998749
8499,14,8499,spatial_specificity,17.262676239013672,0.6310433149337769,0.03724108636379242
8499,14,8499,spatial_specificity,17.464248657226562,0.6139512658119202,0.04192056134343147
8499,14,8499,spatial_specificity,17.492855072021484,0.5928287506103516,0.049520984292030334
8499,14,8499,spatial_specificity,17.69180679321289,0.5835020542144775,0.052460119128227234
8499,14,8499,spatial_specificity,17.72004508972168,0.6162771582603455,0.03995881602168083
8499,14,8499,spatial_specificity,17.804494857788086,0.5848769545555115,0.05127279832959175
8499,14,8499,spatial_specificity,17.8885440826416,0.5976268649101257,0.046095822006464005
8499,14,8499,spatial_specificity,18.0,0.6400896310806274,0.03200211003422737
8499,14,8499,spatial_specificity,18.027755737304688,0.6122123003005981,0.03867095708847046
8499,14,8499,spatial_specificity,18.11077117919922,0.6337968111038208,0.033101942390203476
8499,14,8499,spatial_specificity,18.248287200927734,0.6278659105300903,0.03424092382192612
8499,14,8499,spatial_specificity,18.357559204101562,0.5919312834739685,0.04574507847428322
8499,14,8499,spatial_specificity,18.384777069091797,0.5955372452735901,0.044284164905548096
8499,14,8499,spatial_specificity,18.439088821411133,0.6017410159111023,0.041250504553318024
8499,14,8499,spatial_specificity,18.601076126098633,0.5835908651351929,0.04787078872323036
8499,14,8499,spatial_specificity,18.681541442871094,0.6142858266830444,0.03625885024666786
8499,14,8499,spatial_specificity,18.788293838500977,0.5964342355728149,0.0417831614613533
8499,14,8499,spatial_specificity,18.867961883544922,0.586748480796814,0.04491477832198143
8499,14,8499,spatial_specificity,18.973665237426758,0.6074745655059814,0.03721718117594719
8499,14,8499,spatial_specificity,19.0,0.6360786557197571,0.029957041144371033
8499,14,8499,spatial_specificity,19.02629852294922,0.6340457201004028,0.030049433931708336
8499,14,8499,spatial_specificity,19.10497283935547,0.6050006151199341,0.03539666905999184
8499,14,8499,spatial_specificity,19.209373474121094,0.580233633518219,0.04603280872106552
8499,14,8499,spatial_specificity,19.235383987426758,0.607955813407898,0.034479834139347076
8499,14,8499,spatial_specificity,19.313207626342773,0.6009341478347778,0.03764577955007553
8499,14,8499,spatial_specificity,19.416488647460938,0.6006854176521301,0.03606005758047104
8499,14,8499,spatial_specificity,19.646883010864258,0.6120620965957642,0.03297241032123566
8499,14,8499,spatial_specificity,19.697715759277344,0.5951345562934875,0.037529751658439636
8499,14,8499,spatial_specificity,19.72308349609375,0.5856838226318359,0.04025529325008392
8499,14,8499,spatial_specificity,19.79899024963379,0.5763832330703735,0.043998703360557556
8499,14,8499,spatial_specificity,19.84943389892578,0.5770448446273804,0.04354305565357208
8499,14,8499,spatial_specificity,19.92485809326172,0.6061041951179504,0.033335890620946884
8499,14,8499,spatial_specificity,20.0,0.597980797290802,0.032116491347551346
8499,14,8499,spatial_specificity,20.02498435974121,0.6316035985946655,0.02919970266520977
8499,14,8499,spatial_specificity,20.099750518798828,0.6275573372840881,0.029126107692718506
8499,14,8499,spatial_specificity,20.124610900878906,0.58970707654953,0.036938201636075974
8499,14,8499,spatial_specificity,20.2237491607666,0.6225398778915405,0.02946746163070202
8499,14,8499,spatial_specificity,20.248456954956055,0.5910480618476868,0.03598786145448685
8499,14,8499,spatial_specificity,20.39607810974121,0.6170688271522522,0.029690703377127647
8499,14,8499,spatial_specificity,20.51828384399414,0.5745497345924377,0.0408671610057354
8499,14,8499,spatial_specificity,20.59126091003418,0.5854038000106812,0.03621608391404152
8499,14,8499,spatial_specificity,20.615528106689453,0.594239354133606,0.033327747136354446
8499,14,8499,spatial_specificity,20.808650970458984,0.579356849193573,0.038075678050518036
8499,14,8499,spatial_specificity,20.880613327026367,0.6058815717697144,0.031260669231414795
8499,14,8499,spatial_specificity,21.0,0.6338109970092773,0.03220900148153305
8499,14,8499,spatial_specificity,21.02379608154297,0.6116818189620972,0.02757011167705059
8499,14,8499,spatial_specificity,21.095022201538086,0.6062031388282776,0.02793106622993946
8499,14,8499,spatial_specificity,21.189619064331055,0.6009954214096069,0.032182224094867706
8499,14,8499,spatial_specificity,21.21320343017578,0.6075741052627563,0.028756357729434967
8499,14,8499,spatial_specificity,21.260292053222656,0.5746996402740479,0.03914027288556099
8499,14,8499,spatial_specificity,21.3775577545166,0.6191672086715698,0.030162693932652473
8499,14,8499,spatial_specificity,21.40093421936035,0.5775048732757568,0.03833123296499252
8499,14,8499,spatial_specificity,21.470911026000977,0.5867890119552612,0.03498402237892151
8499,14,8499,spatial_specificity,21.540658950805664,0.5970376133918762,0.0335373654961586
8499,14,8499,spatial_specificity,21.587032318115234,0.6142004728317261,0.030918678268790245
8499,14,8499,spatial_specificity,21.63330841064453,0.5811923146247864,0.03800169378519058
8499,14,8499,spatial_specificity,21.840330123901367,0.6101427674293518,0.03313473239541054
8499,14,8499,spatial_specificity,21.931711196899414,0.585110068321228,0.03880660980939865
8499,14,8499,spatial_specificity,21.954498291015625,0.5857943296432495,0.038862306624650955
8499,14,8499,spatial_specificity,22.0,0.6396937370300293,0.0381958894431591
8499,14,8499,spatial_specificity,22.022714614868164,0.608630359172821,0.03237033262848854
8499,14,8499,spatial_specificity,22.090721130371094,0.6349884867668152,0.037610311061143875
8499,14,8499,spatial_specificity,22.135944366455078,0.6068843007087708,0.03660890460014343
8499,14,8499,spatial_specificity,22.203603744506836,0.6069633364677429,0.03562146797776222
8499,14,8499,spatial_specificity,22.360679626464844,0.6112062931060791,0.03795510530471802
8499,14,8499,spatial_specificity,22.472204208374023,0.5962679982185364,0.04373060166835785
8499,14,8499,spatial_specificity,22.56102752685547,0.6253968477249146,0.041298460215330124
8499,14,8499,spatial_specificity,22.627416610717773,0.582417905330658,0.05031824856996536
8499,14,8499,spatial_specificity,22.671567916870117,0.5834800601005554,0.05063939094543457
8499,14,8499,spatial_specificity,22.803508758544922,0.604511022567749,0.04783274978399277
8499,14,8499,spatial_specificity,22.825424194335938,0.5961287617683411,0.051427800208330154
8499,14,8499,spatial_specificity,22.847320556640625,0.605828583240509,0.05005403980612755
8499,14,8499,spatial_specificity,23.0,0.6545823216438293,0.053906284272670746
8499,14,8499,spatial_specificity,23.021728515625,0.6232091188430786,0.049435317516326904
8499,14,8499,spatial_specificity,23.086793899536133,0.6370961666107178,0.05212025344371796
8499,14,8499,spatial_specificity,23.194828033447266,0.6501773595809937,0.05641917884349823
8499,14,8499,spatial_specificity,23.25940704345703,0.6091938018798828,0.060412369668483734
8499,14,8499,spatial_specificity,23.323808670043945,0.6013556718826294,0.06378587335348129
8499,14,8499,spatial_specificity,23.345233917236328,0.6221415400505066,0.058612387627363205
8499,14,8499,spatial_specificity,23.409400939941406,0.6229569911956787,0.06232351437211037
8499,14,8499,spatial_specificity,23.430747985839844,0.5982146263122559,0.06712336838245392
8499,14,8499,spatial_specificity,23.53720474243164,0.646399736404419,0.06440246105194092
8499,14,8499,spatial_specificity,23.600847244262695,0.6026018857955933,0.07103609293699265
8499,14,8499,spatial_specificity,23.706539154052734,0.6149967312812805,0.07312828302383423
8499,14,8499,spatial_specificity,23.769729614257812,0.6362026333808899,0.07083205878734589
8499,14,8499,spatial_specificity,23.853721618652344,0.6110761761665344,0.0772315263748169
8499,14,8499,spatial_specificity,24.0,0.6807559728622437,0.07105116546154022
8499,14,8499,spatial_specificity,24.020824432373047,0.6794666051864624,0.07137462496757507
8499,14,8499,spatial_specificity,24.0416316986084,0.6361706256866455,0.07812204957008362
8499,14,8499,spatial_specificity,24.083189010620117,0.6478508710861206,0.07401519268751144
8499,14,8499,spatial_specificity,24.166091918945312,0.6324726343154907,0.08289527148008347
8499,14,8499,spatial_specificity,24.1867733001709,0.6501835584640503,0.07665498554706573
8499,14,8499,spatial_specificity,24.207435607910156,0.6210542917251587,0.08807102590799332
8499,14,8499,spatial_specificity,24.3310489654541,0.6753908395767212,0.07736651599407196
8499,14,8499,spatial_specificity,24.351591110229492,0.6494048237800598,0.08331939578056335
8499,14,8499,spatial_specificity,24.413110733032227,0.6274486184120178,0.09216297417879105
8499,14,8499,spatial_specificity,24.515300750732422,0.6745717525482178,0.08073335140943527
8499,14,8499,spatial_specificity,24.59674835205078,0.6407527327537537,0.09167882055044174
8499,14,8499,spatial_specificity,24.698179244995117,0.6462922692298889,0.09316862374544144
8499,14,8499,spatial_specificity,24.73863410949707,0.6744116544723511,0.08479183912277222
8499,14,8499,spatial_specificity,24.75883674621582,0.6423158049583435,0.10403282195329666
8499,14,8499,spatial_specificity,24.83948516845703,0.6450466513633728,0.10607422888278961
8499,14,8499,spatial_specificity,25.0,0.6733680367469788,0.09267818182706833
8499,14,8499,spatial_specificity,25.01999282836914,0.7126938700675964,0.0853314995765686
8499,14,8499,spatial_specificity,25.05992889404297,0.6544461250305176,0.1013089194893837
8499,14,8499,spatial_specificity,25.079872131347656,0.6874585151672363,0.08856314420700073
8499,14,8499,spatial_specificity,25.179357528686523,0.7121209502220154,0.08836035430431366
8499,14,8499,spatial_specificity,25.238859176635742,0.6600897908210754,0.11025307327508926
8499,14,8499,spatial_specificity,25.298221588134766,0.6832157969474792,0.09674403816461563
8499,14,8499,spatial_specificity,25.317977905273438,0.710978090763092,0.09123888611793518
8499,14,8499,spatial_specificity,25.455842971801758,0.6703640818595886,0.12027429789304733
8499,14,8499,spatial_specificity,25.495098114013672,0.685279369354248,0.10368688404560089
8499,14,8499,spatial_specificity,25.553865432739258,0.6745184659957886,0.1132509857416153
8499,14,8499,spatial_specificity,25.612497329711914,0.6777931451797485,0.12157292664051056
8499,14,8499,spatial_specificity,25.63201141357422,0.691868782043457,0.10402563959360123
8499,14,8499,spatial_specificity,25.709918975830078,0.7136003375053406,0.09780571609735489
8499,14,8499,spatial_specificity,25.806976318359375,0.6868692636489868,0.12311721593141556
8499,14,8499,spatial_specificity,25.942243576049805,0.6940317749977112,0.11713963001966476
8499,14,8499,spatial_specificity,25.961509704589844,0.7191995978355408,0.10223822295665741
8499,14,8499,spatial_specificity,26.0,0.7194594740867615,0.10150326788425446
8499,14,8499,spatial_specificity,26.019224166870117,0.7515212297439575,0.09010671824216843
8499,14,8499,spatial_specificity,26.076810836791992,0.7243103981018066,0.1030927300453186
8499,14,8499,spatial_specificity,26.172504425048828,0.7250837087631226,0.10639329999685287
8499,14,8499,spatial_specificity,26.248809814453125,0.7152780890464783,0.11575343459844589
8499,14,8499,spatial_specificity,26.305892944335938,0.7538096308708191,0.09564197063446045
8499,14,8499,spatial_specificity,26.400758743286133,0.7168089151382446,0.12415938824415207
8499,14,8499,spatial_specificity,26.419689178466797,0.7172676920890808,0.1262122541666031
8499,14,8499,spatial_specificity,26.476404190063477,0.7566576600074768,0.09728581458330154
8499,14,8499,spatial_specificity,26.570661544799805,0.7362150549888611,0.11042989045381546
8499,14,8499,spatial_specificity,26.62705421447754,0.7267714738845825,0.13007554411888123
8499,14,8499,spatial_specificity,26.68332862854004,0.7603083848953247,0.0985671803355217
8499,14,8499,spatial_specificity,26.832815170288086,0.7402492165565491,0.12451963871717453
8499,14,8499,spatial_specificity,26.870058059692383,0.7360572814941406,0.1330798715353012
8499,14,8499,spatial_specificity,26.90724754333496,0.7373262047767639,0.13239870965480804
8499,14,8499,spatial_specificity,26.925825119018555,0.7529151439666748,0.11375267803668976
8499,14,8499,spatial_specificity,27.0,0.7922777533531189,0.08261056244373322
8499,14,8499,spatial_specificity,27.018512725830078,0.7676830291748047,0.10275928676128387
8499,14,8499,spatial_specificity,27.073972702026367,0.7909801006317139,0.08474638313055038
8499,14,8499,spatial_specificity,27.166154861450195,0.7908790111541748,0.08562230318784714
8499,14,8499,spatial_specificity,27.202939987182617,0.7636573910713196,0.11517661064863205
8499,14,8499,spatial_specificity,27.294689178466797,0.7806164026260376,0.1047094538807869
8499,14,8499,spatial_specificity,27.312999725341797,0.7679610252380371,0.11808232963085175
8499,14,8499,spatial_specificity,27.459060668945312,0.7776210904121399,0.10458496958017349
8499,14,8499,spatial_specificity,27.51363182067871,0.7803459167480469,0.10445301979780197
8499,14,8499,spatial_specificity,27.58622932434082,0.7547979354858398,0.12770964205265045
8499,14,8499,spatial_specificity,27.658634185791016,0.7827818989753723,0.10678988695144653
8499,14,8499,spatial_specificity,27.730850219726562,0.7820382714271545,0.11798886209726334
8499,14,8499,spatial_specificity,27.784889221191406,0.781413197517395,0.12217025458812714
8499,14,8499,spatial_specificity,27.80287742614746,0.7775689959526062,0.12684141099452972
8499,14,8499,spatial_specificity,27.856775283813477,0.7959195971488953,0.10805762559175491
8499,14,8499,spatial_specificity,27.89265251159668,0.811225950717926,0.09212782233953476
8499,14,8499,spatial_specificity,28.0,0.8488469123840332,0.07303030043840408
8499,14,8499,spatial_specificity,28.017852783203125,0.8156247138977051,0.09494312852621078
8499,14,8499,spatial_specificity,28.07133674621582,0.8467910289764404,0.07445625960826874
8499,14,8499,spatial_specificity,28.160255432128906,0.8335213661193848,0.08275926858186722
8499,14,8499,spatial_specificity,28.17800521850586,0.8036954998970032,0.11551631987094879
8499,14,8499,spatial_specificity,28.231189727783203,0.8136877417564392,0.10859845578670502
8499,14,8499,spatial_specificity,28.284271240234375,0.8286163210868835,0.08944318443536758
8499,14,8499,spatial_specificity,28.301944732666016,0.8056426048278809,0.1179841086268425
8499,14,8499,spatial_specificity,28.319604873657227,0.7907224297523499,0.1252565085887909
8499,14,8499,spatial_specificity,28.42534065246582,0.7994758486747742,0.12465471774339676
8499,14,8499,spatial_specificity,28.44292640686035,0.8503997325897217,0.07741162180900574
8499,14,8499,spatial_specificity,28.460498809814453,0.8311554193496704,0.09498219937086105
8499,14,8499,spatial_specificity,28.60070037841797,0.8110936284065247,0.12181931734085083
8499,14,8499,spatial_specificity,28.635643005371094,0.839375913143158,0.0906035304069519
8499,14,8499,spatial_specificity,28.65309715270996,0.8202904462814331,0.11158358305692673
8499,14,8499,spatial_specificity,28.792360305786133,0.8420920968055725,0.09112256020307541
8499,14,8499,spatial_specificity,28.844409942626953,0.8196946382522583,0.11747191846370697
8499,14,8499,spatial_specificity,28.861740112304688,0.8592064380645752,0.07519391924142838
8499,14,8499,spatial_specificity,29.0,0.8413988947868347,0.09814149886369705
8499,14,8499,spatial_specificity,29.017236709594727,0.8885172605514526,0.06151234731078148
8499,14,8499,spatial_specificity,29.068883895874023,0.8482985496520996,0.0915602445602417
8499,14,8499,spatial_specificity,29.120439529418945,0.8659563064575195,0.07260603457689285
8499,14,8499,spatial_specificity,29.15475845336914,0.8601260185241699,0.08224222809076309
8499,14,8499,spatial_specificity,29.20616340637207,0.833586573600769,0.11391567438840866
8499,14,8499,spatial_specificity,29.27456283569336,0.8877832293510437,0.05381510406732559
8499,14,8499,spatial_specificity,29.4108829498291,0.8597974181175232,0.08779463171958923
8499,14,8499,spatial_specificity,29.42787742614746,0.8897904753684998,0.051696330308914185
8499,14,8499,spatial_specificity,29.529645919799805,0.8485554456710815,0.09699331223964691
8499,14,8499,spatial_specificity,29.546573638916016,0.8586612343788147,0.08584319800138474
8499,14,8499,spatial_specificity,29.614185333251953,0.8908666372299194,0.050234343856573105
8499,14,8499,spatial_specificity,29.681644439697266,0.8553035259246826,0.09853183478116989
8499,14,8499,spatial_specificity,29.698484420776367,0.841966450214386,0.1099151074886322
8499,14,8499,spatial_specificity,29.73213768005371,0.8575121760368347,0.08696077018976212
8499,14,8499,spatial_specificity,29.832868576049805,0.8668093085289001,0.07858267426490784
8499,14,8499,spatial_specificity,29.96664810180664,0.8585944175720215,0.08093255013227463
8499,14,8499,spatial_specificity,30.0,0.8711420893669128,0.08333244174718857
8499,14,8499,spatial_specificity,30.01666259765625,0.8791561722755432,0.06597904860973358
8499,14,8499,spatial_specificity,30.066593170166016,0.911067545413971,0.027849571779370308
8499,14,8499,spatial_specificity,30.08321762084961,0.8759058713912964,0.05707782879471779
8499,14,8499,spatial_specificity,30.149627685546875,0.9078487157821655,0.027938656508922577
8499,14,8499,spatial_specificity,30.232433319091797,0.857921302318573,0.09262637048959732
8499,14,8499,spatial_specificity,30.265491485595703,0.9050436615943909,0.02878149412572384
8499,14,8499,spatial_specificity,30.36445426940918,0.880096971988678,0.04833032190799713
8499,14,8499,spatial_specificity,30.4138126373291,0.8705810308456421,0.07582066208124161
8499,14,8499,spatial_specificity,30.463092803955078,0.8718465566635132,0.06563344597816467
8499,14,8499,spatial_specificity,30.479501724243164,0.8569608926773071,0.09243461489677429
8499,14,8499,spatial_specificity,30.528675079345703,0.860034704208374,0.08548477292060852
8499,14,8499,spatial_specificity,30.594118118286133,0.9039918780326843,0.030053406953811646
8499,14,8499,spatial_specificity,30.610454559326172,0.8627283573150635,0.08829618245363235
8499,14,8499,spatial_specificity,30.675724029541016,0.8828844428062439,0.05073511600494385
8499,14,8499,spatial_specificity,30.805843353271484,0.8779616355895996,0.06659165769815445
8499,14,8499,spatial_specificity,30.870698928833008,0.8792412281036377,0.06760188192129135
8499,14,8499,spatial_specificity,30.886890411376953,0.8738390803337097,0.0771215632557869
8499,14,8499,spatial_specificity,31.0,0.9303675889968872,0.013133777305483818
8499,14,8499,spatial_specificity,31.016124725341797,0.8976919651031494,0.0364229641854763
8499,14,8499,spatial_specificity,31.048349380493164,0.9032402634620667,0.03234272822737694
8499,14,8499,spatial_specificity,31.064449310302734,0.8846675753593445,0.06560114771127701
8499,14,8499,spatial_specificity,31.11269760131836,0.8633107542991638,0.08865693211555481
8499,14,8499,spatial_specificity,31.14482307434082,0.8794423937797546,0.07293742150068283
8499,14,8499,spatial_specificity,31.240999221801758,0.8678381443023682,0.08318276703357697
8499,14,8499,spatial_specificity,31.256999969482422,0.9183805584907532,0.015176479704678059
8499,14,8499,spatial_specificity,31.30495262145996,0.8749494552612305,0.06442619860172272
8499,14,8499,spatial_specificity,31.320920944213867,0.8984791040420532,0.03188386559486389
8499,14,8499,spatial_specificity,31.384708404541016,0.8813273906707764,0.06260386854410172
8499,14,8499,spatial_specificity,31.400636672973633,0.8812530040740967,0.0663885697722435
8499,14,8499,spatial_specificity,31.575305938720703,0.9038830399513245,0.016594810411334038
8499,14,8499,spatial_specificity,31.62277603149414,0.8771604299545288,0.058925092220306396
8499,14,8499,spatial_specificity,31.764760971069336,0.8753992915153503,0.06084976717829704
8499,14,8499,spatial_specificity,31.780498504638672,0.8825780749320984,0.03995829448103905
8499,14,8499,spatial_specificity,31.827659606933594,0.8551398515701294,0.0818614661693573
8499,14,8499,spatial_specificity,31.890438079833984,0.8581225872039795,0.079757921397686
8499,14,8499,spatial_specificity,31.906112670898438,0.8745297193527222,0.0688636377453804
8499,14,8499,spatial_specificity,31.95309066772461,0.8872143030166626,0.034617409110069275
8499,14,8499,spatial_specificity,32.015621185302734,0.8702564835548401,0.0652347132563591
8499,14,8499,spatial_specificity,32.202484130859375,0.8744977116584778,0.05821068957448006
8499,14,8499,spatial_specificity,32.24903106689453,0.880876362323761,0.058464985340833664
8499,14,8499,spatial_specificity,32.280025482177734,0.8887001276016235,0.02294708974659443
8499,14,8499,spatial_specificity,32.31098937988281,0.884027898311615,0.03749243542551994
8499,14,8499,spatial_specificity,32.4499626159668,0.8769675493240356,0.06894289702177048
8499,14,8499,spatial_specificity,32.526912689208984,0.8527901768684387,0.08481653034687042
8499,14,8499,spatial_specificity,32.557640075683594,0.8552190661430359,0.08301207423210144
8499,14,8499,spatial_specificity,32.572994232177734,0.8875480890274048,0.02507828176021576
8499,14,8499,spatial_specificity,32.649654388427734,0.8636640906333923,0.05897194892168045
8499,14,8499,spatial_specificity,32.69556427001953,0.8692051768302917,0.04345826059579849
8499,14,8499,spatial_specificity,32.75667953491211,0.8709794282913208,0.06453894078731537
8499,14,8499,spatial_specificity,32.80244064331055,0.865273654460907,0.0653594434261322
8499,14,8499,spatial_specificity,32.893768310546875,0.8861312866210938,0.02999189868569374
8499,14,8499,spatial_specificity,33.0151481628418,0.8697018623352051,0.06407515704631805
8499,14,8499,spatial_specificity,33.105892181396484,0.8811995387077332,0.050986554473638535
8499,14,8499,spatial_specificity,33.12099075317383,0.8732709288597107,0.05720378831028938
8499,14,8499,spatial_specificity,33.241539001464844,0.8536420464515686,0.056250352412462234
8499,14,8499,spatial_specificity,33.2866325378418,0.8435942530632019,0.046200867742300034
8499,14,8499,spatial_specificity,33.30165100097656,0.8518641591072083,0.06244559958577156
8499,14,8499,spatial_specificity,33.42155075073242,0.8559730648994446,0.057214777916669846
8499,14,8499,spatial_specificity,33.541019439697266,0.8590535521507263,0.027164557948708534
8499,14,8499,spatial_specificity,33.60059356689453,0.8457173705101013,0.04814174771308899
8499,14,8499,spatial_specificity,33.615474700927734,0.8578845858573914,0.02671191282570362
8499,14,8499,spatial_specificity,33.83784866333008,0.8540115356445312,0.03787918761372566
8499,14,8499,spatial_specificity,33.941123962402344,0.862583339214325,0.050172366201877594
8499,14,8499,spatial_specificity,33.97057342529297,0.8632752895355225,0.04956508427858353
8499,14,8499,spatial_specificity,34.0,0.8626949191093445,0.022705718874931335
8499,14,8499,spatial_specificity,34.01470184326172,0.8774128556251526,0.00808127410709858
8499,14,8499,spatial_specificity,34.058773040771484,0.8531410098075867,0.04615626484155655
8499,14,8499,spatial_specificity,34.13209533691406,0.8614839911460876,0.027889423072338104
8499,14,8499,spatial_specificity,34.20526123046875,0.8583602905273438,0.04006730392575264
8499,14,8499,spatial_specificity,34.4093017578125,0.8427321910858154,0.011917948722839355
8499,14,8499,spatial_specificity,34.438350677490234,0.8799078464508057,0.006393748801201582
8499,14,8499,spatial_specificity,34.48188018798828,0.8567034006118774,0.007469445466995239
8499,14,8499,spatial_specificity,34.65544891357422,0.8372553586959839,0.01655396819114685
8499,14,8499,spatial_specificity,34.66987228393555,0.8526762127876282,0.003687918186187744
8499,14,8499,spatial_specificity,34.71310806274414,0.839505672454834,0.013605117797851562
8499,14,8499,spatial_specificity,34.828147888183594,0.8469144105911255,0.009571492671966553
8499,14,8499,spatial_specificity,34.885528564453125,0.8785786628723145,0.003154844045639038
8499,14,8499,spatial_specificity,34.98571014404297,0.8638885021209717,0.004356116056442261
8499,14,8499,spatial_specificity,35.0,0.8538177609443665,0.0034443140029907227
8499,14,8499,spatial_specificity,35.22782897949219,0.8614280819892883,0.0016318559646606445
8499,14,8499,spatial_specificity,35.35533905029297,0.8604755401611328,0.001319199800491333
8499,14,8499,spatial_specificity,35.38361358642578,0.8543215394020081,0.003779470920562744
8499,14,8499,spatial_specificity,35.46829605102539,0.8582544326782227,0.0013183951377868652
8499,14,8499,spatial_specificity,35.510562896728516,0.870374858379364,0.0010821819305419922
8499,14,8499,spatial_specificity,35.60898971557617,0.8625562191009521,0.001636415719985962
8499,14,8499,spatial_specificity,35.80502700805664,0.8676459789276123,0.00414043664932251
8499,14,8499,spatial_specificity,35.84689712524414,0.8878874182701111,0.0018347501754760742
8499,14,8499,spatial_specificity,36.055511474609375,0.8755298852920532,0.0009358525276184082
8499,14,8499,spatial_specificity,36.06937789916992,0.8676650524139404,0.0029603540897369385
8499,14,8499,spatial_specificity,36.12478256225586,0.8685296773910522,0.004013121128082275
8499,14,8499,spatial_specificity,36.2353401184082,0.8699562549591064,0.004985511302947998
8499,14,8499,spatial_specificity,36.359317779541016,0.8929821252822876,0.002290695905685425
8499,14,8499,spatial_specificity,36.400550842285156,0.8733795881271362,0.005260288715362549
8499,14,8499,spatial_specificity,36.619667053222656,0.8801208734512329,0.002775520086288452
8499,14,8499,spatial_specificity,36.769554138183594,0.8780364394187927,0.006646692752838135
8499,14,8499,spatial_specificity,36.79673767089844,0.8774514198303223,0.005671560764312744
8499,14,8499,spatial_specificity,36.878177642822266,0.8774963617324829,0.006458491086959839
8499,14,8499,spatial_specificity,36.8917350769043,0.8994476199150085,0.003710806369781494
8499,14,8499,spatial_specificity,37.013511657714844,0.8777968883514404,0.005270868539810181
8499,14,8499,spatial_specificity,37.202152252197266,0.8844034671783447,0.005357593297958374
8499,14,8499,spatial_specificity,37.44329071044922,0.9026110768318176,0.00660860538482666
8499,14,8499,spatial_specificity,37.48332977294922,0.883459746837616,0.005434691905975342
8499,14,8499,spatial_specificity,37.53664779663086,0.8827434778213501,0.00438198447227478
8499,14,8499,spatial_specificity,37.643062591552734,0.8812640905380249,0.0026252567768096924
8499,14,8499,spatial_specificity,37.80211639404297,0.8874278664588928,0.007683217525482178
8499,14,8499,spatial_specificity,38.01315689086914,0.9088891744613647,0.014204531908035278
8499,14,8499,spatial_specificity,38.18376541137695,0.8873673677444458,0.0015146136283874512
8499,14,8499,spatial_specificity,38.20994567871094,0.8861559629440308,0.0014400184154510498
8499,14,8499,spatial_specificity,38.28837966918945,0.8852238655090332,0.000820547342300415
8499,14,8499,spatial_specificity,38.41874694824219,0.890606164932251,0.011353015899658203
8499,14,8499,spatial_specificity,38.60051727294922,0.9127073287963867,0.018400490283966064
8499,14,8499,spatial_specificity,38.897300720214844,0.8895524144172668,0.0030032992362976074
8499,14,8499,spatial_specificity,38.94868469238281,0.8884215354919434,0.0035123229026794434
8499,14,8499,spatial_specificity,39.051246643066406,0.8944517374038696,0.015011340379714966
8499,14,8499,spatial_specificity,39.20458984375,0.9129500389099121,0.018877476453781128
8499,14,8499,spatial_specificity,39.59798049926758,0.8915530443191528,0.007304072380065918
8499,14,8499,spatial_specificity,39.623226165771484,0.8917865753173828,0.007778346538543701
8499,14,8499,spatial_specificity,39.69886779785156,0.8974876403808594,0.016833752393722534
8499,14,8499,spatial_specificity,39.824615478515625,0.9105933904647827,0.016512900590896606
8499,14,8499,spatial_specificity,40.31128692626953,0.8933587074279785,0.012146711349487305
8499,14,8499,spatial_specificity,40.360870361328125,0.900424599647522,0.02124306559562683
8499,14,8499,spatial_specificity,40.45985794067383,0.8916721940040588,0.0
8499,14,8499,spatial_specificity,41.01219177246094,0.8963335752487183,0.017627984285354614
8499,14,8499,spatial_specificity,41.03656768798828,0.9010576009750366,0.024859458208084106
8499,14,8499,spatial_specificity,41.1096076965332,0.8907814025878906,0.0
8499,14,8499,spatial_specificity,41.72529220581055,0.902946949005127,0.02750501036643982
8499,14,8499,spatial_specificity,41.773197174072266,0.8909979462623596,0.0
8499,14,8499,spatial_specificity,42.42640686035156,0.9077938199043274,0.029634535312652588
8499,14,8499,spatial_specificity,42.44997024536133,0.8896186947822571,0.0
8499,14,8499,spatial_specificity,43.13930892944336,0.8998101949691772,0.0
8999,15,8999,cls_effective_rank,,15.938560485839844,1.098067283630371
8999,15,8999,patch_effective_rank,,84.97537994384766,13.33602523803711
8999,15,8999,mean_off_diagonal_similarity,,0.6391173005104065,0.03150321543216705
8999,15,8999,spatial_specificity_correlation,,-0.18375924229621887,0.05780324339866638
8999,15,8999,spatial_specificity,1.0,0.9452391862869263,0.005781752057373524
8999,15,8999,spatial_specificity,1.4142135381698608,0.9160802960395813,0.008393362164497375
8999,15,8999,spatial_specificity,2.0,0.8781687021255493,0.012861832045018673
8999,15,8999,spatial_specificity,2.2360680103302,0.8616684675216675,0.013608978129923344
8999,15,8999,spatial_specificity,2.8284270763397217,0.8256931304931641,0.01572437398135662
8999,15,8999,spatial_specificity,3.0,0.8182932138442993,0.0179132167249918
8999,15,8999,spatial_specificity,3.1622776985168457,0.8091675639152527,0.017541227862238884
8999,15,8999,spatial_specificity,3.605551242828369,0.7874380350112915,0.017793459817767143
8999,15,8999,spatial_specificity,4.0,0.7711895704269409,0.02090587466955185
8999,15,8999,spatial_specificity,4.123105525970459,0.765731155872345,0.020599110051989555
8999,15,8999,spatial_specificity,4.242640495300293,0.7600100040435791,0.018725350499153137
8999,15,8999,spatial_specificity,4.4721360206604,0.7522377967834473,0.020313678309321404
8999,15,8999,spatial_specificity,5.0,0.7328061461448669,0.021509718149900436
8999,15,8999,spatial_specificity,5.099019527435303,0.7307993769645691,0.02272898331284523
8999,15,8999,spatial_specificity,5.385164737701416,0.7211348414421082,0.023199109360575676
8999,15,8999,spatial_specificity,5.656854152679443,0.7089806795120239,0.023527484387159348
8999,15,8999,spatial_specificity,5.830952167510986,0.7053709030151367,0.024614516645669937
8999,15,8999,spatial_specificity,6.0,0.7056752443313599,0.02442265674471855
8999,15,8999,spatial_specificity,6.082762241363525,0.7024269104003906,0.024599172174930573
8999,15,8999,spatial_specificity,6.324555397033691,0.6947025060653687,0.025814756751060486
8999,15,8999,spatial_specificity,6.4031243324279785,0.6862772107124329,0.02698485553264618
8999,15,8999,spatial_specificity,6.7082037925720215,0.6818960905075073,0.02789030596613884
8999,15,8999,spatial_specificity,7.0,0.6827390789985657,0.026042478159070015
8999,15,8999,spatial_specificity,7.071067810058594,0.6755245327949524,0.027273263782262802
8999,15,8999,spatial_specificity,7.211102485656738,0.6657851934432983,0.030458873137831688
8999,15,8999,spatial_specificity,7.280109882354736,0.67303866147995,0.02807101607322693
8999,15,8999,spatial_specificity,7.6157732009887695,0.6620466113090515,0.030585845932364464
8999,15,8999,spatial_specificity,7.8102498054504395,0.6491479873657227,0.03323366492986679
8999,15,8999,spatial_specificity,8.0,0.6651285290718079,0.027827316895127296
8999,15,8999,spatial_specificity,8.062257766723633,0.6552724242210388,0.030526451766490936
8999,15,8999,spatial_specificity,8.246211051940918,0.6556216478347778,0.03025897406041622
8999,15,8999,spatial_specificity,8.485280990600586,0.6338328123092651,0.03616749867796898
8999,15,8999,spatial_specificity,8.5440034866333,0.6458746194839478,0.03291749954223633
8999,15,8999,spatial_specificity,8.602325439453125,0.6338791847229004,0.036202572286129
8999,15,8999,spatial_specificity,8.9442720413208,0.6340022087097168,0.03571418300271034
8999,15,8999,spatial_specificity,9.0,0.6522243022918701,0.02942393720149994
8999,15,8999,spatial_specificity,9.05538558959961,0.6491019129753113,0.03035561740398407
8999,15,8999,spatial_specificity,9.219544410705566,0.6317141652107239,0.03548972308635712
8999,15,8999,spatial_specificity,9.433980941772461,0.6214257478713989,0.03887283802032471
8999,15,8999,spatial_specificity,9.486832618713379,0.6337890028953552,0.035046208649873734
8999,15,8999,spatial_specificity,9.848857879638672,0.6231397390365601,0.03804666921496391
8999,15,8999,spatial_specificity,9.899495124816895,0.6091102361679077,0.04252466559410095
8999,15,8999,spatial_specificity,10.0,0.6211753487586975,0.03758130967617035
8999,15,8999,spatial_specificity,10.049875259399414,0.6398832201957703,0.03205491229891777
8999,15,8999,spatial_specificity,10.198039054870605,0.6335493326187134,0.03432440385222435
8999,15,8999,spatial_specificity,10.29563045501709,0.6121849417686462,0.04133276641368866
8999,15,8999,spatial_specificity,10.440306663513184,0.625167965888977,0.03713449835777283
8999,15,8999,spatial_specificity,10.630146026611328,0.6000902056694031,0.045608896762132645
8999,15,8999,spatial_specificity,10.770329475402832,0.6153643727302551,0.0404520221054554
8999,15,8999,spatial_specificity,10.816654205322266,0.6020733118057251,0.04480734467506409
8999,15,8999,spatial_specificity,11.0,0.6369158029556274,0.032487254589796066
8999,15,8999,spatial_specificity,11.045360565185547,0.6338925361633301,0.033658888190984726
8999,15,8999,spatial_specificity,11.180339813232422,0.6167615652084351,0.03966028615832329
8999,15,8999,spatial_specificity,11.313708305358887,0.5920472741127014,0.048852287232875824
8999,15,8999,spatial_specificity,11.401754379272461,0.6067233085632324,0.04335133731365204
8999,15,8999,spatial_specificity,11.661904335021973,0.5965660810470581,0.04730849713087082
8999,15,8999,spatial_specificity,11.704700469970703,0.6105862855911255,0.04249795898795128
8999,15,8999,spatial_specificity,12.0,0.6335932016372681,0.034074023365974426
8999,15,8999,spatial_specificity,12.041594505310059,0.6089222431182861,0.04221385717391968
8999,15,8999,spatial_specificity,12.083045959472656,0.6012774109840393,0.04607413709163666
8999,15,8999,spatial_specificity,12.16552448272705,0.6246692538261414,0.03795034810900688
8999,15,8999,spatial_specificity,12.206555366516113,0.5889039039611816,0.05053593963384628
8999,15,8999,spatial_specificity,12.369317054748535,0.6169127225875854,0.04091035947203636
8999,15,8999,spatial_specificity,12.529964447021484,0.5928497314453125,0.049674227833747864
8999,15,8999,spatial_specificity,12.649110794067383,0.6081417798995972,0.04416719079017639
8999,15,8999,spatial_specificity,12.727921485900879,0.5811699032783508,0.05406385660171509
8999,15,8999,spatial_specificity,12.806248664855957,0.5824903249740601,0.053448233753442764
8999,15,8999,spatial_specificity,13.0,0.6105531454086304,0.04289237782359123
8999,15,8999,spatial_specificity,13.038405418395996,0.6082138419151306,0.043781034648418427
8999,15,8999,spatial_specificity,13.152946472167969,0.6237459778785706,0.03946312516927719
8999,15,8999,spatial_specificity,13.34166431427002,0.6161958575248718,0.04221576824784279
8999,15,8999,spatial_specificity,13.416407585144043,0.5910950899124146,0.050997499376535416
8999,15,8999,spatial_specificity,13.45362377166748,0.5775716304779053,0.05575500801205635
8999,15,8999,spatial_specificity,13.601469993591309,0.5939396619796753,0.049852367490530014
8999,15,8999,spatial_specificity,13.892444610595703,0.5841702222824097,0.053928159177303314
8999,15,8999,spatial_specificity,13.928387641906738,0.5988874435424805,0.04852660000324249
8999,15,8999,spatial_specificity,14.0,0.6327160000801086,0.03795379772782326
8999,15,8999,spatial_specificity,14.03566837310791,0.6300435066223145,0.03889230638742447
8999,15,8999,spatial_specificity,14.142135620117188,0.6078583002090454,0.04512105882167816
8999,15,8999,spatial_specificity,14.21267032623291,0.5751925706863403,0.05706465244293213
8999,15,8999,spatial_specificity,14.317821502685547,0.6039104461669922,0.047173287719488144
8999,15,8999,spatial_specificity,14.422204971313477,0.5785187482833862,0.05624371021986008
8999,15,8999,spatial_specificity,14.560219764709473,0.6083656549453735,0.045959603041410446
8999,15,8999,spatial_specificity,14.764822959899902,0.5839337110519409,0.05445653572678566
8999,15,8999,spatial_specificity,14.866068840026855,0.5858479738235474,0.05338963493704796
8999,15,8999,spatial_specificity,15.0,0.5940596461296082,0.04952966421842575
8999,15,8999,spatial_specificity,15.033296585083008,0.6302525997161865,0.03943471238017082
8999,15,8999,spatial_specificity,15.132745742797852,0.6246932744979858,0.04102340713143349
8999,15,8999,spatial_specificity,15.231546401977539,0.5919589996337891,0.05160652846097946
8999,15,8999,spatial_specificity,15.264337539672852,0.5781244039535522,0.05649338662624359
8999,15,8999,spatial_specificity,15.297059059143066,0.6172458529472351,0.043280716985464096
8999,15,8999,spatial_specificity,15.524174690246582,0.6091588139533997,0.045728493481874466
8999,15,8999,spatial_specificity,15.55634880065918,0.5690649151802063,0.05888160318136215
8999,15,8999,spatial_specificity,15.620499610900879,0.5700779557228088,0.05876502767205238
8999,15,8999,spatial_specificity,15.65247631072998,0.5847491025924683,0.05403580516576767
8999,15,8999,spatial_specificity,15.81138801574707,0.5870313048362732,0.05275331437587738
8999,15,8999,spatial_specificity,16.0,0.6315938234329224,0.03797629475593567
8999,15,8999,spatial_specificity,16.031219482421875,0.6292238235473633,0.03867181017994881
8999,15,8999,spatial_specificity,16.124515533447266,0.6016944050788879,0.04640528932213783
8999,15,8999,spatial_specificity,16.155494689941406,0.5927968621253967,0.05037805438041687
8999,15,8999,spatial_specificity,16.278820037841797,0.5926430225372314,0.04903528466820717
8999,15,8999,spatial_specificity,16.401220321655273,0.5694254040718079,0.058237649500370026
8999,15,8999,spatial_specificity,16.492422103881836,0.6087456941604614,0.043884508311748505
8999,15,8999,spatial_specificity,16.552946090698242,0.5857141017913818,0.05225130543112755
8999,15,8999,spatial_specificity,16.6433162689209,0.5734007358551025,0.056518130004405975
8999,15,8999,spatial_specificity,16.76305389404297,0.6005512475967407,0.045721329748630524
8999,15,8999,spatial_specificity,16.970561981201172,0.5654377937316895,0.05844521149992943
8999,15,8999,spatial_specificity,17.0,0.5967224836349487,0.04503582790493965
8999,15,8999,spatial_specificity,17.029386520385742,0.5975760221481323,0.04421607777476311
8999,15,8999,spatial_specificity,17.0880069732666,0.5926198363304138,0.04758031293749809
8999,15,8999,spatial_specificity,17.11724281311035,0.6221990585327148,0.0376092903316021
8999,15,8999,spatial_specificity,17.20465087890625,0.5692517161369324,0.05633629858493805
8999,15,8999,spatial_specificity,17.262676239013672,0.6155017614364624,0.039023373275995255
8999,15,8999,spatial_specificity,17.464248657226562,0.5968745350837708,0.044329527765512466
8999,15,8999,spatial_specificity,17.492855072021484,0.5738756656646729,0.05326160416007042
8999,15,8999,spatial_specificity,17.69180679321289,0.5640568733215332,0.05671890079975128
8999,15,8999,spatial_specificity,17.72004508972168,0.5996587872505188,0.04211365804076195
8999,15,8999,spatial_specificity,17.804494857788086,0.5657632350921631,0.05524447560310364
8999,15,8999,spatial_specificity,17.8885440826416,0.5794462561607361,0.04918702319264412
8999,15,8999,spatial_specificity,18.0,0.6260272860527039,0.034339744597673416
8999,15,8999,spatial_specificity,18.027755737304688,0.5956394076347351,0.04089488834142685
8999,15,8999,spatial_specificity,18.11077117919922,0.6192986965179443,0.035211872309446335
8999,15,8999,spatial_specificity,18.248287200927734,0.6129150390625,0.03631465509533882
8999,15,8999,spatial_specificity,18.357559204101562,0.5739139318466187,0.048780858516693115
8999,15,8999,spatial_specificity,18.384777069091797,0.5777748823165894,0.047253772616386414
8999,15,8999,spatial_specificity,18.439088821411133,0.5847787261009216,0.04367261379957199
8999,15,8999,spatial_specificity,18.601076126098633,0.5654644966125488,0.051110606640577316
8999,15,8999,spatial_specificity,18.681541442871094,0.5983937978744507,0.03844159469008446
8999,15,8999,spatial_specificity,18.788293838500977,0.579184353351593,0.044368915259838104
8999,15,8999,spatial_specificity,18.867961883544922,0.5691426992416382,0.04770856723189354
8999,15,8999,spatial_specificity,18.973665237426758,0.591231644153595,0.03958793357014656
8999,15,8999,spatial_specificity,19.0,0.622357189655304,0.033364929258823395
8999,15,8999,spatial_specificity,19.02629852294922,0.6202367544174194,0.03334740921854973
8999,15,8999,spatial_specificity,19.10497283935547,0.5891682505607605,0.03759123012423515
8999,15,8999,spatial_specificity,19.209373474121094,0.5627948045730591,0.048878494650125504
8999,15,8999,spatial_specificity,19.235383987426758,0.5922486782073975,0.0367584303021431
8999,15,8999,spatial_specificity,19.313207626342773,0.5845636129379272,0.04009542241692543
8999,15,8999,spatial_specificity,19.416488647460938,0.5847259163856506,0.03825140371918678
8999,15,8999,spatial_specificity,19.646883010864258,0.5968227982521057,0.03565622866153717
8999,15,8999,spatial_specificity,19.697715759277344,0.578909695148468,0.0398438386619091
8999,15,8999,spatial_specificity,19.72308349609375,0.5691660642623901,0.04252792149782181
8999,15,8999,spatial_specificity,19.79899024963379,0.5597509741783142,0.04650786891579628
8999,15,8999,spatial_specificity,19.84943389892578,0.5605034828186035,0.045973777770996094
8999,15,8999,spatial_specificity,19.92485809326172,0.5907286405563354,0.03593749925494194
8999,15,8999,spatial_specificity,20.0,0.5828327536582947,0.034256137907505035
8999,15,8999,spatial_specificity,20.02498435974121,0.61833655834198,0.033629775047302246
8999,15,8999,spatial_specificity,20.099750518798828,0.614104151725769,0.03333088383078575
8999,15,8999,spatial_specificity,20.124610900878906,0.5738468170166016,0.039282239973545074
8999,15,8999,spatial_specificity,20.2237491607666,0.6087300777435303,0.033472683280706406
8999,15,8999,spatial_specificity,20.248456954956055,0.5754808187484741,0.038181256502866745
8999,15,8999,spatial_specificity,20.39607810974121,0.6029926538467407,0.033373840153217316
8999,15,8999,spatial_specificity,20.51828384399414,0.5591406226158142,0.042962923645973206
8999,15,8999,spatial_specificity,20.59126091003418,0.5701982975006104,0.0384468249976635
8999,15,8999,spatial_specificity,20.615528106689453,0.5794229507446289,0.03569746017456055
8999,15,8999,spatial_specificity,20.808650970458984,0.5645386576652527,0.03990798816084862
8999,15,8999,spatial_specificity,20.880613327026367,0.5916194915771484,0.034359872341156006
8999,15,8999,spatial_specificity,21.0,0.6215804815292358,0.03718925267457962
8999,15,8999,spatial_specificity,21.02379608154297,0.5983232259750366,0.03125091269612312
8999,15,8999,spatial_specificity,21.095022201538086,0.592796802520752,0.031153960153460503
8999,15,8999,spatial_specificity,21.189619064331055,0.587044358253479,0.03502846136689186
8999,15,8999,spatial_specificity,21.21320343017578,0.5943688154220581,0.032084859907627106
8999,15,8999,spatial_specificity,21.260292053222656,0.5607327222824097,0.040850188583135605
8999,15,8999,spatial_specificity,21.3775577545166,0.606259822845459,0.03416259586811066
8999,15,8999,spatial_specificity,21.40093421936035,0.5638638734817505,0.03995005041360855
8999,15,8999,spatial_specificity,21.470911026000977,0.5732029676437378,0.03713797777891159
8999,15,8999,spatial_specificity,21.540658950805664,0.5836517810821533,0.036149103194475174
8999,15,8999,spatial_specificity,21.587032318115234,0.6012913584709167,0.03438869118690491
8999,15,8999,spatial_specificity,21.63330841064453,0.5680388808250427,0.03953315317630768
8999,15,8999,spatial_specificity,21.840330123901367,0.5975827574729919,0.0362095832824707
8999,15,8999,spatial_specificity,21.931711196899414,0.5725936889648438,0.04050879180431366
8999,15,8999,spatial_specificity,21.954498291015625,0.5733453035354614,0.04045530781149864
8999,15,8999,spatial_specificity,22.0,0.6288523077964783,0.04214730113744736
8999,15,8999,spatial_specificity,22.022714614868164,0.5970501899719238,0.034933071583509445
8999,15,8999,spatial_specificity,22.090721130371094,0.6238616108894348,0.041363827884197235
8999,15,8999,spatial_specificity,22.135944366455078,0.5948804616928101,0.03918915241956711
8999,15,8999,spatial_specificity,22.203603744506836,0.5954899787902832,0.037749938666820526
8999,15,8999,spatial_specificity,22.360679626464844,0.5999208688735962,0.04016055539250374
8999,15,8999,spatial_specificity,22.472204208374023,0.5851143002510071,0.04522775858640671
8999,15,8999,spatial_specificity,22.56102752685547,0.614506721496582,0.0438530407845974
8999,15,8999,spatial_specificity,22.627416610717773,0.5718932151794434,0.05094704031944275
8999,15,8999,spatial_specificity,22.671567916870117,0.5731328725814819,0.051320839673280716
8999,15,8999,spatial_specificity,22.803508758544922,0.5943050384521484,0.049021121114492416
8999,15,8999,spatial_specificity,22.825424194335938,0.5860441327095032,0.052166420966386795
8999,15,8999,spatial_specificity,22.847320556640625,0.5955613851547241,0.05141724273562431
8999,15,8999,spatial_specificity,23.0,0.6454432606697083,0.05599288269877434
8999,15,8999,spatial_specificity,23.021728515625,0.613863468170166,0.05051962658762932
8999,15,8999,spatial_specificity,23.086793899536133,0.6275267004966736,0.0537458099424839
8999,15,8999,spatial_specificity,23.194828033447266,0.6408010721206665,0.05812010169029236
8999,15,8999,spatial_specificity,23.25940704345703,0.6000276803970337,0.06093081459403038
8999,15,8999,spatial_specificity,23.323808670043945,0.5926214456558228,0.06388018280267715
8999,15,8999,spatial_specificity,23.345233917236328,0.6134424209594727,0.05909760296344757
8999,15,8999,spatial_specificity,23.409400939941406,0.613825261592865,0.06322788447141647
8999,15,8999,spatial_specificity,23.430747985839844,0.5901187658309937,0.06670843809843063
8999,15,8999,spatial_specificity,23.53720474243164,0.6374927163124084,0.06565658003091812
8999,15,8999,spatial_specificity,23.600847244262695,0.5947057008743286,0.0705452561378479
8999,15,8999,spatial_specificity,23.706539154052734,0.6068569421768188,0.07292082160711288
8999,15,8999,spatial_specificity,23.769729614257812,0.6276842951774597,0.07134716212749481
8999,15,8999,spatial_specificity,23.853721618652344,0.6035149693489075,0.07652077078819275
8999,15,8999,spatial_specificity,24.0,0.6728865504264832,0.07158016413450241
8999,15,8999,spatial_specificity,24.020824432373047,0.6715477108955383,0.07194162160158157
8999,15,8999,spatial_specificity,24.0416316986084,0.6285136938095093,0.07793140411376953
8999,15,8999,spatial_specificity,24.083189010620117,0.6406844854354858,0.07356249541044235
8999,15,8999,spatial_specificity,24.166091918945312,0.6247678399085999,0.08234404027462006
8999,15,8999,spatial_specificity,24.1867733001709,0.6425544023513794,0.07634150981903076
8999,15,8999,spatial_specificity,24.207435607910156,0.6146000623703003,0.08694376796483994
8999,15,8999,spatial_specificity,24.3310489654541,0.6674658060073853,0.07780779153108597
8999,15,8999,spatial_specificity,24.351591110229492,0.6416534185409546,0.08320707082748413
8999,15,8999,spatial_specificity,24.413110733032227,0.6209243535995483,0.09083298593759537
8999,15,8999,spatial_specificity,24.515300750732422,0.6668635606765747,0.08123553544282913
8999,15,8999,spatial_specificity,24.59674835205078,0.633621335029602,0.09058208018541336
8999,15,8999,spatial_specificity,24.698179244995117,0.639297604560852,0.09219709038734436
8999,15,8999,spatial_specificity,24.73863410949707,0.6669429540634155,0.0851544588804245
8999,15,8999,spatial_specificity,24.75883674621582,0.6367408633232117,0.1027219220995903
8999,15,8999,spatial_specificity,24.83948516845703,0.6392343640327454,0.1046261414885521
8999,15,8999,spatial_specificity,25.0,0.6665608286857605,0.09219163656234741
8999,15,8999,spatial_specificity,25.01999282836914,0.705289363861084,0.08638576418161392
8999,15,8999,spatial_specificity,25.05992889404297,0.6476083993911743,0.10012099146842957
8999,15,8999,spatial_specificity,25.079872131347656,0.6801803708076477,0.08862954378128052
8999,15,8999,spatial_specificity,25.179357528686523,0.704845130443573,0.08938594907522202
8999,15,8999,spatial_specificity,25.238859176635742,0.6535750031471252,0.10876313596963882
8999,15,8999,spatial_specificity,25.298221588134766,0.6760526895523071,0.09668879210948944
8999,15,8999,spatial_specificity,25.317977905273438,0.7038012742996216,0.09238311648368835
8999,15,8999,spatial_specificity,25.455842971801758,0.664176344871521,0.11883939057588577
8999,15,8999,spatial_specificity,25.495098114013672,0.6784379482269287,0.1031738668680191
8999,15,8999,spatial_specificity,25.553865432739258,0.6676629781723022,0.11196157336235046
8999,15,8999,spatial_specificity,25.612497329711914,0.6712853312492371,0.12005877494812012
8999,15,8999,spatial_specificity,25.63201141357422,0.6847129464149475,0.10384596884250641
8999,15,8999,spatial_specificity,25.709918975830078,0.7064458727836609,0.09875208884477615
8999,15,8999,spatial_specificity,25.806976318359375,0.6799808740615845,0.12166164815425873
8999,15,8999,spatial_specificity,25.942243576049805,0.686790943145752,0.11643809080123901
8999,15,8999,spatial_specificity,25.961509704589844,0.7121057510375977,0.10304520279169083
8999,15,8999,spatial_specificity,26.0,0.7120527625083923,0.10206038504838943
8999,15,8999,spatial_specificity,26.019224166870117,0.7441527247428894,0.09194397926330566
8999,15,8999,spatial_specificity,26.076810836791992,0.7171367406845093,0.10344716906547546
8999,15,8999,spatial_specificity,26.172504425048828,0.7179286479949951,0.106473907828331
8999,15,8999,spatial_specificity,26.248809814453125,0.7080336809158325,0.11514879763126373
8999,15,8999,spatial_specificity,26.305892944335938,0.7468613386154175,0.09768599271774292
8999,15,8999,spatial_specificity,26.400758743286133,0.7093414664268494,0.12339424341917038
8999,15,8999,spatial_specificity,26.419689178466797,0.7097410559654236,0.12567710876464844
8999,15,8999,spatial_specificity,26.476404190063477,0.7498452067375183,0.09937091171741486
8999,15,8999,spatial_specificity,26.570661544799805,0.7291383743286133,0.1111297756433487
8999,15,8999,spatial_specificity,26.62705421447754,0.7191632390022278,0.12902884185314178
8999,15,8999,spatial_specificity,26.68332862854004,0.7536316514015198,0.10054856538772583
8999,15,8999,spatial_specificity,26.832815170288086,0.7328407168388367,0.12443619221448898
8999,15,8999,spatial_specificity,26.870058059692383,0.7282953858375549,0.13120415806770325
8999,15,8999,spatial_specificity,26.90724754333496,0.7294406890869141,0.13056358695030212
8999,15,8999,spatial_specificity,26.925825119018555,0.7458142042160034,0.11413543671369553
8999,15,8999,spatial_specificity,27.0,0.7857591509819031,0.0857870802283287
8999,15,8999,spatial_specificity,27.018512725830078,0.760452151298523,0.10324519127607346
8999,15,8999,spatial_specificity,27.073972702026367,0.7843934893608093,0.08787637203931808
8999,15,8999,spatial_specificity,27.166154861450195,0.7843161225318909,0.08867499232292175
8999,15,8999,spatial_specificity,27.202939987182617,0.7566114664077759,0.11507350951433182
8999,15,8999,spatial_specificity,27.294689178466797,0.7737768888473511,0.10572368651628494
8999,15,8999,spatial_specificity,27.312999725341797,0.7612272500991821,0.11834970861673355
8999,15,8999,spatial_specificity,27.459060668945312,0.7706979513168335,0.10499721765518188
8999,15,8999,spatial_specificity,27.51363182067871,0.7739577293395996,0.10534027218818665
8999,15,8999,spatial_specificity,27.58622932434082,0.7475445866584778,0.12556010484695435
8999,15,8999,spatial_specificity,27.658634185791016,0.7760713696479797,0.10642120987176895
8999,15,8999,spatial_specificity,27.730850219726562,0.7754852175712585,0.11766908317804337
8999,15,8999,spatial_specificity,27.784889221191406,0.7745230793952942,0.1214740052819252
8999,15,8999,spatial_specificity,27.80287742614746,0.7704529166221619,0.12503844499588013
8999,15,8999,spatial_specificity,27.856775283813477,0.7898852825164795,0.10844504088163376
8999,15,8999,spatial_specificity,27.89265251159668,0.8058401346206665,0.09405084699392319
8999,15,8999,spatial_specificity,28.0,0.8442332744598389,0.07561960816383362
8999,15,8999,spatial_specificity,28.017852783203125,0.8097825050354004,0.0953279584646225
8999,15,8999,spatial_specificity,28.07133674621582,0.8422746062278748,0.07691624760627747
8999,15,8999,spatial_specificity,28.160255432128906,0.8287429213523865,0.08454431593418121
8999,15,8999,spatial_specificity,28.17800521850586,0.7978610992431641,0.11510442942380905
8999,15,8999,spatial_specificity,28.231189727783203,0.8079397678375244,0.10848598182201385
8999,15,8999,spatial_specificity,28.284271240234375,0.823373019695282,0.08938596397638321
8999,15,8999,spatial_specificity,28.301944732666016,0.799619197845459,0.11729205399751663
8999,15,8999,spatial_specificity,28.319604873657227,0.7846835255622864,0.12306448817253113
8999,15,8999,spatial_specificity,28.42534065246582,0.7936087250709534,0.12280891835689545
8999,15,8999,spatial_specificity,28.44292640686035,0.8464503884315491,0.07902269065380096
8999,15,8999,spatial_specificity,28.460498809814453,0.826434850692749,0.09572888165712357
8999,15,8999,spatial_specificity,28.60070037841797,0.8055276870727539,0.12026523053646088
8999,15,8999,spatial_specificity,28.635643005371094,0.8352162837982178,0.09119191765785217
8999,15,8999,spatial_specificity,28.65309715270996,0.8154512047767639,0.11129389703273773
8999,15,8999,spatial_specificity,28.792360305786133,0.8381513357162476,0.09151185303926468
8999,15,8999,spatial_specificity,28.844409942626953,0.8153952360153198,0.11676942557096481
8999,15,8999,spatial_specificity,28.861740112304688,0.8560853600502014,0.0764833614230156
8999,15,8999,spatial_specificity,29.0,0.8380077481269836,0.09738849848508835
8999,15,8999,spatial_specificity,29.017236709594727,0.8860697150230408,0.06192700192332268
8999,15,8999,spatial_specificity,29.068883895874023,0.8451945185661316,0.09115999937057495
8999,15,8999,spatial_specificity,29.120439529418945,0.8630817532539368,0.07325761020183563
8999,15,8999,spatial_specificity,29.15475845336914,0.8571245074272156,0.08228015154600143
8999,15,8999,spatial_specificity,29.20616340637207,0.8299908638000488,0.11236841231584549
8999,15,8999,spatial_specificity,29.27456283569336,0.8856751918792725,0.05434105917811394
8999,15,8999,spatial_specificity,29.4108829498291,0.8568726778030396,0.08698321878910065
8999,15,8999,spatial_specificity,29.42787742614746,0.8881238102912903,0.05238452926278114
8999,15,8999,spatial_specificity,29.529645919799805,0.845845639705658,0.09606875479221344
8999,15,8999,spatial_specificity,29.546573638916016,0.856404185295105,0.08518092334270477
8999,15,8999,spatial_specificity,29.614185333251953,0.8893526196479797,0.050555747002363205
8999,15,8999,spatial_specificity,29.681644439697266,0.8533854484558105,0.09770912677049637
8999,15,8999,spatial_specificity,29.698484420776367,0.8385397791862488,0.10760938376188278
8999,15,8999,spatial_specificity,29.73213768005371,0.8549085855484009,0.08536123484373093
8999,15,8999,spatial_specificity,29.832868576049805,0.8644738793373108,0.0771191418170929
8999,15,8999,spatial_specificity,29.96664810180664,0.8570626378059387,0.07982326298952103
8999,15,8999,spatial_specificity,30.0,0.8694946765899658,0.08181322365999222
8999,15,8999,spatial_specificity,30.01666259765625,0.8780280351638794,0.06516961008310318
8999,15,8999,spatial_specificity,30.066593170166016,0.9106396436691284,0.027690434828400612
8999,15,8999,spatial_specificity,30.08321762084961,0.8744314908981323,0.05591803416609764
8999,15,8999,spatial_specificity,30.149627685546875,0.9076769948005676,0.027807066217064857
8999,15,8999,spatial_specificity,30.232433319091797,0.8569085597991943,0.0909922793507576
8999,15,8999,spatial_specificity,30.265491485595703,0.9045746326446533,0.028086509555578232
8999,15,8999,spatial_specificity,30.36445426940918,0.8791813850402832,0.047111231833696365
8999,15,8999,spatial_specificity,30.4138126373291,0.8693685531616211,0.07421118021011353
8999,15,8999,spatial_specificity,30.463092803955078,0.8710452318191528,0.06451630592346191
8999,15,8999,spatial_specificity,30.479501724243164,0.8559302687644958,0.09111281484365463
8999,15,8999,spatial_specificity,30.528675079345703,0.8594739437103271,0.08387088030576706
8999,15,8999,spatial_specificity,30.594118118286133,0.9038221836090088,0.02795294299721718
8999,15,8999,spatial_specificity,30.610454559326172,0.8621318340301514,0.08700783550739288
8999,15,8999,spatial_specificity,30.675724029541016,0.8827064037322998,0.04993249848484993
8999,15,8999,spatial_specificity,30.805843353271484,0.8777770400047302,0.0651261955499649
8999,15,8999,spatial_specificity,30.870698928833008,0.8788447976112366,0.06672056764364243
8999,15,8999,spatial_specificity,30.886890411376953,0.8733940124511719,0.07589401304721832
8999,15,8999,spatial_specificity,31.0,0.9318639039993286,0.008634660392999649
8999,15,8999,spatial_specificity,31.016124725341797,0.8974034786224365,0.0355803482234478
8999,15,8999,spatial_specificity,31.048349380493164,0.9034439921379089,0.030803721398115158
8999,15,8999,spatial_specificity,31.064449310302734,0.884739339351654,0.0645449161529541
8999,15,8999,spatial_specificity,31.11269760131836,0.8643905520439148,0.08842543512582779
8999,15,8999,spatial_specificity,31.14482307434082,0.8792547583580017,0.07218749821186066
8999,15,8999,spatial_specificity,31.240999221801758,0.8687934875488281,0.08271666616201401
8999,15,8999,spatial_specificity,31.256999969482422,0.9217404127120972,0.011476515792310238
8999,15,8999,spatial_specificity,31.30495262145996,0.875043511390686,0.06422825157642365
8999,15,8999,spatial_specificity,31.320920944213867,0.8993112444877625,0.031862616539001465
8999,15,8999,spatial_specificity,31.384708404541016,0.8814666271209717,0.06256958842277527
8999,15,8999,spatial_specificity,31.400636672973633,0.882969319820404,0.06661573052406311
8999,15,8999,spatial_specificity,31.575305938720703,0.9079398512840271,0.012606571428477764
8999,15,8999,spatial_specificity,31.62277603149414,0.8773124814033508,0.058770786970853806
8999,15,8999,spatial_specificity,31.764760971069336,0.8748677968978882,0.06166486814618111
8999,15,8999,spatial_specificity,31.780498504638672,0.8816348314285278,0.04260104522109032
8999,15,8999,spatial_specificity,31.827659606933594,0.8546858429908752,0.0816115066409111
8999,15,8999,spatial_specificity,31.890438079833984,0.8581934571266174,0.07967393100261688
8999,15,8999,spatial_specificity,31.906112670898438,0.8749333620071411,0.06945371627807617
8999,15,8999,spatial_specificity,31.95309066772461,0.8857909440994263,0.03726853057742119
8999,15,8999,spatial_specificity,32.015621185302734,0.8689327836036682,0.0651005432009697
8999,15,8999,spatial_specificity,32.202484130859375,0.8740173578262329,0.060723114758729935
8999,15,8999,spatial_specificity,32.24903106689453,0.8794366717338562,0.05982333421707153
8999,15,8999,spatial_specificity,32.280025482177734,0.8966032266616821,0.023224562406539917
8999,15,8999,spatial_specificity,32.31098937988281,0.8870021104812622,0.041849154978990555
8999,15,8999,spatial_specificity,32.4499626159668,0.8707267045974731,0.06613587588071823
8999,15,8999,spatial_specificity,32.526912689208984,0.8519107699394226,0.08246732503175735
8999,15,8999,spatial_specificity,32.557640075683594,0.8546222448348999,0.08059808611869812
8999,15,8999,spatial_specificity,32.572994232177734,0.8959306478500366,0.026204420253634453
8999,15,8999,spatial_specificity,32.649654388427734,0.8573011755943298,0.05864415317773819
8999,15,8999,spatial_specificity,32.69556427001953,0.8672868609428406,0.04745784401893616
8999,15,8999,spatial_specificity,32.75667953491211,0.8724676966667175,0.06386245042085648
8999,15,8999,spatial_specificity,32.80244064331055,0.8597195148468018,0.06337608397006989
8999,15,8999,spatial_specificity,32.893768310546875,0.8908940553665161,0.02934175729751587
8999,15,8999,spatial_specificity,33.0151481628418,0.8694136738777161,0.06167135387659073
8999,15,8999,spatial_specificity,33.105892181396484,0.8836029171943665,0.0523860864341259
8999,15,8999,spatial_specificity,33.12099075317383,0.8753340244293213,0.05794934928417206
8999,15,8999,spatial_specificity,33.241539001464844,0.8535474538803101,0.054080743342638016
8999,15,8999,spatial_specificity,33.2866325378418,0.8467423915863037,0.04725370928645134
8999,15,8999,spatial_specificity,33.30165100097656,0.8511639833450317,0.05958838388323784
8999,15,8999,spatial_specificity,33.42155075073242,0.8552278876304626,0.05420871078968048
8999,15,8999,spatial_specificity,33.541019439697266,0.8613638281822205,0.030365368351340294
8999,15,8999,spatial_specificity,33.60059356689453,0.8485882878303528,0.048452071845531464
8999,15,8999,spatial_specificity,33.615474700927734,0.86151123046875,0.030866017565131187
8999,15,8999,spatial_specificity,33.83784866333008,0.8567487597465515,0.03922687843441963
8999,15,8999,spatial_specificity,33.941123962402344,0.8606961369514465,0.048460207879543304
8999,15,8999,spatial_specificity,33.97057342529297,0.86066073179245,0.047195129096508026
8999,15,8999,spatial_specificity,34.0,0.864372968673706,0.026366904377937317
8999,15,8999,spatial_specificity,34.01470184326172,0.8839417099952698,0.013916603289544582
8999,15,8999,spatial_specificity,34.058773040771484,0.8544281125068665,0.04651375114917755
8999,15,8999,spatial_specificity,34.13209533691406,0.8628571629524231,0.030912892892956734
8999,15,8999,spatial_specificity,34.20526123046875,0.8595626354217529,0.0407397635281086
8999,15,8999,spatial_specificity,34.4093017578125,0.8417264223098755,0.004946917295455933
8999,15,8999,spatial_specificity,34.438350677490234,0.8853999972343445,0.011350113898515701
8999,15,8999,spatial_specificity,34.48188018798828,0.854353666305542,0.002095252275466919
8999,15,8999,spatial_specificity,34.65544891357422,0.8348443508148193,0.009045153856277466
8999,15,8999,spatial_specificity,34.66987228393555,0.8505836725234985,0.0033444762229919434
8999,15,8999,spatial_specificity,34.71310806274414,0.8371381759643555,0.005876988172531128
8999,15,8999,spatial_specificity,34.828147888183594,0.8443458080291748,0.0017766356468200684
8999,15,8999,spatial_specificity,34.885528564453125,0.8813726305961609,0.007607400417327881
8999,15,8999,spatial_specificity,34.98571014404297,0.8612910509109497,0.001032322645187378
8999,15,8999,spatial_specificity,35.0,0.8515069484710693,0.003942579030990601
8999,15,8999,spatial_specificity,35.22782897949219,0.8584285974502563,0.00920259952545166
8999,15,8999,spatial_specificity,35.35533905029297,0.857715904712677,0.0065732598304748535
8999,15,8999,spatial_specificity,35.38361358642578,0.8501186370849609,0.004802584648132324
8999,15,8999,spatial_specificity,35.46829605102539,0.8542174100875854,0.007154732942581177
8999,15,8999,spatial_specificity,35.510562896728516,0.8678659200668335,0.004980117082595825
8999,15,8999,spatial_specificity,35.60898971557617,0.8587785959243774,0.00971001386642456
8999,15,8999,spatial_specificity,35.80502700805664,0.8638502359390259,0.012109547853469849
8999,15,8999,spatial_specificity,35.84689712524414,0.8893556594848633,0.0073178112506866455
8999,15,8999,spatial_specificity,36.055511474609375,0.8730822205543518,0.005642712116241455
8999,15,8999,spatial_specificity,36.06937789916992,0.8624383211135864,0.012402266263961792
8999,15,8999,spatial_specificity,36.12478256225586,0.862958550453186,0.013362258672714233
8999,15,8999,spatial_specificity,36.2353401184082,0.8650245666503906,0.013895183801651001
8999,15,8999,spatial_specificity,36.359317779541016,0.8944070935249329,0.008007049560546875
8999,15,8999,spatial_specificity,36.400550842285156,0.8686184287071228,0.01375579833984375
8999,15,8999,spatial_specificity,36.619667053222656,0.877305269241333,0.00396004319190979
8999,15,8999,spatial_specificity,36.769554138183594,0.8717913627624512,0.01677730679512024
8999,15,8999,spatial_specificity,36.79673767089844,0.8713576197624207,0.015779733657836914
8999,15,8999,spatial_specificity,36.878177642822266,0.8715400099754333,0.016208767890930176
8999,15,8999,spatial_specificity,36.8917350769043,0.9011803269386292,0.0020485520362854004
8999,15,8999,spatial_specificity,37.013511657714844,0.8721711039543152,0.01415342092514038
8999,15,8999,spatial_specificity,37.202152252197266,0.8815251588821411,0.0014090538024902344
8999,15,8999,spatial_specificity,37.44329071044922,0.9044543504714966,0.001230090856552124
8999,15,8999,spatial_specificity,37.48332977294922,0.8767732977867126,0.016321957111358643
8999,15,8999,spatial_specificity,37.53664779663086,0.8768740892410278,0.014542758464813232
8999,15,8999,spatial_specificity,37.643062591552734,0.875378429889679,0.011984944343566895
8999,15,8999,spatial_specificity,37.80211639404297,0.8847870230674744,0.001005709171295166
8999,15,8999,spatial_specificity,38.01315689086914,0.9118723273277283,0.010074973106384277
8999,15,8999,spatial_specificity,38.18376541137695,0.8809772729873657,0.013043791055679321
8999,15,8999,spatial_specificity,38.20994567871094,0.8802925944328308,0.01207953691482544
8999,15,8999,spatial_specificity,38.28837966918945,0.8803448677062988,0.008625298738479614
8999,15,8999,spatial_specificity,38.41874694824219,0.888422966003418,0.004736721515655518
8999,15,8999,spatial_specificity,38.60051727294922,0.9130874872207642,0.011506646871566772
8999,15,8999,spatial_specificity,38.897300720214844,0.8846124410629272,0.00811883807182312
8999,15,8999,spatial_specificity,38.94868469238281,0.8840818405151367,0.0062246620655059814
8999,15,8999,spatial_specificity,39.051246643066406,0.8934663534164429,0.00857725739479065
8999,15,8999,spatial_specificity,39.20458984375,0.9161829948425293,0.014872848987579346
8999,15,8999,spatial_specificity,39.59798049926758,0.8884992599487305,0.0032501816749572754
8999,15,8999,spatial_specificity,39.623226165771484,0.8889802694320679,0.0019704997539520264
8999,15,8999,spatial_specificity,39.69886779785156,0.8972203731536865,0.010090798139572144
8999,15,8999,spatial_specificity,39.824615478515625,0.9129431247711182,0.011342406272888184
8999,15,8999,spatial_specificity,40.31128692626953,0.8925033211708069,0.003054976463317871
8999,15,8999,spatial_specificity,40.360870361328125,0.9016888737678528,0.014554262161254883
8999,15,8999,spatial_specificity,40.45985794067383,0.8976531624794006,0.0
8999,15,8999,spatial_specificity,41.01219177246094,0.8974248170852661,0.00991937518119812
8999,15,8999,spatial_specificity,41.03656768798828,0.9032291769981384,0.018337666988372803
8999,15,8999,spatial_specificity,41.1096076965332,0.898384690284729,0.0
8999,15,8999,spatial_specificity,41.72529220581055,0.9055284261703491,0.021304339170455933
8999,15,8999,spatial_specificity,41.773197174072266,0.8985803127288818,0.0
8999,15,8999,spatial_specificity,42.42640686035156,0.9111515879631042,0.023500502109527588
8999,15,8999,spatial_specificity,42.44997024536133,0.8977000117301941,0.0
8999,15,8999,spatial_specificity,43.13930892944336,0.9058077335357666,0.0
9499,16,9499,cls_effective_rank,,15.997993469238281,1.101214051246643
9499,16,9499,patch_effective_rank,,86.27128601074219,13.816880226135254
9499,16,9499,mean_off_diagonal_similarity,,0.6230054497718811,0.03326297551393509
9499,16,9499,spatial_specificity_correlation,,-0.1703348457813263,0.06212537735700607
9499,16,9499,spatial_specificity,1.0,0.9421083331108093,0.005925089120864868
9499,16,9499,spatial_specificity,1.4142135381698608,0.9110556840896606,0.0087900934740901
9499,16,9499,spatial_specificity,2.0,0.8705366253852844,0.01350779365748167
9499,16,9499,spatial_specificity,2.2360680103302,0.8529540300369263,0.014402072876691818
9499,16,9499,spatial_specificity,2.8284270763397217,0.8147075772285461,0.016710635274648666
9499,16,9499,spatial_specificity,3.0,0.8067891001701355,0.018578538671135902
9499,16,9499,spatial_specificity,3.1622776985168457,0.7970926761627197,0.018322700634598732
9499,16,9499,spatial_specificity,3.605551242828369,0.774053692817688,0.018783757463097572
9499,16,9499,spatial_specificity,4.0,0.7570480108261108,0.021759474650025368
9499,16,9499,spatial_specificity,4.123105525970459,0.7512465119361877,0.02155623771250248
9499,16,9499,spatial_specificity,4.242640495300293,0.745069146156311,0.019915107637643814
9499,16,9499,spatial_specificity,4.4721360206604,0.7369582653045654,0.02152974344789982
9499,16,9499,spatial_specificity,5.0,0.7165747880935669,0.022887954488396645
9499,16,9499,spatial_specificity,5.099019527435303,0.7146768569946289,0.024030303582549095
9499,16,9499,spatial_specificity,5.385164737701416,0.7043852806091309,0.024764614179730415
9499,16,9499,spatial_specificity,5.656854152679443,0.6913535594940186,0.025264723226428032
9499,16,9499,spatial_specificity,5.830952167510986,0.6876904964447021,0.026402734220027924
9499,16,9499,spatial_specificity,6.0,0.6885750889778137,0.02601037174463272
9499,16,9499,spatial_specificity,6.082762241363525,0.6851080656051636,0.02623838745057583
9499,16,9499,spatial_specificity,6.324555397033691,0.6768337488174438,0.02766035869717598
9499,16,9499,spatial_specificity,6.4031243324279785,0.6675984263420105,0.029052695259451866
9499,16,9499,spatial_specificity,6.7082037925720215,0.6632152795791626,0.029978275299072266
9499,16,9499,spatial_specificity,7.0,0.6647839546203613,0.027838071808218956
9499,16,9499,spatial_specificity,7.071067810058594,0.6569322347640991,0.029307790100574493
9499,16,9499,spatial_specificity,7.211102485656738,0.6462447047233582,0.032877855002880096
9499,16,9499,spatial_specificity,7.280109882354736,0.6544092893600464,0.030098717659711838
9499,16,9499,spatial_specificity,7.6157732009887695,0.6426798105239868,0.0328897200524807
9499,16,9499,spatial_specificity,7.8102498054504395,0.6288929581642151,0.03605230152606964
9499,16,9499,spatial_specificity,8.0,0.6467400193214417,0.029732057824730873
9499,16,9499,spatial_specificity,8.062257766723633,0.6359186172485352,0.03283913433551788
9499,16,9499,spatial_specificity,8.246211051940918,0.636561930179596,0.032347362488508224
9499,16,9499,spatial_specificity,8.485280990600586,0.6130220293998718,0.03941380977630615
9499,16,9499,spatial_specificity,8.5440034866333,0.6261522769927979,0.03531886637210846
9499,16,9499,spatial_specificity,8.602325439453125,0.6131512522697449,0.03935534879565239
9499,16,9499,spatial_specificity,8.9442720413208,0.6135751008987427,0.038587816059589386
9499,16,9499,spatial_specificity,9.0,0.633716344833374,0.031256601214408875
9499,16,9499,spatial_specificity,9.05538558959961,0.6303783655166626,0.032183967530727386
9499,16,9499,spatial_specificity,9.219544410705566,0.6115533113479614,0.038321416825056076
9499,16,9499,spatial_specificity,9.433980941772461,0.6004588007926941,0.04225415363907814
9499,16,9499,spatial_specificity,9.486832618713379,0.6140156388282776,0.03743591532111168
9499,16,9499,spatial_specificity,9.848857879638672,0.6027207970619202,0.04098398610949516
9499,16,9499,spatial_specificity,9.899495124816895,0.5877127051353455,0.0466136634349823
9499,16,9499,spatial_specificity,10.0,0.6008376479148865,0.040711890906095505
9499,16,9499,spatial_specificity,10.049875259399414,0.6212801933288574,0.033772487193346024
9499,16,9499,spatial_specificity,10.198039054870605,0.6145000457763672,0.03623182326555252
9499,16,9499,spatial_specificity,10.29563045501709,0.591288685798645,0.044824402779340744
9499,16,9499,spatial_specificity,10.440306663513184,0.605558454990387,0.03943123668432236
9499,16,9499,spatial_specificity,10.630146026611328,0.578589141368866,0.050056785345077515
9499,16,9499,spatial_specificity,10.770329475402832,0.5951588749885559,0.04329680651426315
9499,16,9499,spatial_specificity,10.816654205322266,0.5808730721473694,0.04883067309856415
9499,16,9499,spatial_specificity,11.0,0.6187034845352173,0.03400682657957077
9499,16,9499,spatial_specificity,11.045360565185547,0.6155223846435547,0.035220444202423096
9499,16,9499,spatial_specificity,11.180339813232422,0.597046971321106,0.04222610220313072
9499,16,9499,spatial_specificity,11.313708305358887,0.570491373538971,0.05369138345122337
9499,16,9499,spatial_specificity,11.401754379272461,0.5863803625106812,0.046671122312545776
9499,16,9499,spatial_specificity,11.661904335021973,0.5755575299263,0.05128375068306923
9499,16,9499,spatial_specificity,11.704700469970703,0.590726912021637,0.04512292519211769
9499,16,9499,spatial_specificity,12.0,0.6157327890396118,0.035350289195775986
9499,16,9499,spatial_specificity,12.041594505310059,0.5891922116279602,0.0452594980597496
9499,16,9499,spatial_specificity,12.083045959472656,0.5809382200241089,0.049318280071020126
9499,16,9499,spatial_specificity,12.16552448272705,0.6062990427017212,0.039496541023254395
9499,16,9499,spatial_specificity,12.206555366516113,0.5676781535148621,0.05498611554503441
9499,16,9499,spatial_specificity,12.369317054748535,0.5980485677719116,0.04279351234436035
9499,16,9499,spatial_specificity,12.529964447021484,0.5721675753593445,0.05347594618797302
9499,16,9499,spatial_specificity,12.649110794067383,0.5887246131896973,0.046550948172807693
9499,16,9499,spatial_specificity,12.727921485900879,0.5596547722816467,0.059022799134254456
9499,16,9499,spatial_specificity,12.806248664855957,0.5611485242843628,0.0581689290702343
9499,16,9499,spatial_specificity,13.0,0.5915375351905823,0.04517415910959244
9499,16,9499,spatial_specificity,13.038405418395996,0.5890690684318542,0.046335410326719284
9499,16,9499,spatial_specificity,13.152946472167969,0.6059104800224304,0.04081445932388306
9499,16,9499,spatial_specificity,13.34166431427002,0.5978881120681763,0.04391241818666458
9499,16,9499,spatial_specificity,13.416407585144043,0.5708455443382263,0.05451380833983421
9499,16,9499,spatial_specificity,13.45362377166748,0.5562211871147156,0.060540564358234406
9499,16,9499,spatial_specificity,13.601469993591309,0.574012815952301,0.053121428936719894
9499,16,9499,spatial_specificity,13.892444610595703,0.5636974573135376,0.05781251937150955
9499,16,9499,spatial_specificity,13.928387641906738,0.5795458555221558,0.05124150961637497
9499,16,9499,spatial_specificity,14.0,0.6160308718681335,0.038798436522483826
9499,16,9499,spatial_specificity,14.03566837310791,0.6132006049156189,0.039811987429857254
9499,16,9499,spatial_specificity,14.142135620117188,0.5893493294715881,0.04727979376912117
9499,16,9499,spatial_specificity,14.21267032623291,0.5541486144065857,0.06157456338405609
9499,16,9499,spatial_specificity,14.317821502685547,0.5852097868919373,0.04945540428161621
9499,16,9499,spatial_specificity,14.422204971313477,0.5578932166099548,0.0603564977645874
9499,16,9499,spatial_specificity,14.560219764709473,0.5901502370834351,0.047905467450618744
9499,16,9499,spatial_specificity,14.764822959899902,0.56395423412323,0.05799805372953415
9499,16,9499,spatial_specificity,14.866068840026855,0.5660954713821411,0.05676955357193947
9499,16,9499,spatial_specificity,15.0,0.5750048756599426,0.052332162857055664
9499,16,9499,spatial_specificity,15.033296585083008,0.6140021085739136,0.04012065753340721
9499,16,9499,spatial_specificity,15.132745742797852,0.6080469489097595,0.04189455881714821
9499,16,9499,spatial_specificity,15.231546401977539,0.572868824005127,0.05442449450492859
9499,16,9499,spatial_specificity,15.264337539672852,0.5580048561096191,0.06028156727552414
9499,16,9499,spatial_specificity,15.297059059143066,0.6000902652740479,0.044466283172369
9499,16,9499,spatial_specificity,15.524174690246582,0.5915071368217468,0.04734082147479057
9499,16,9499,spatial_specificity,15.55634880065918,0.5486075282096863,0.06303150951862335
9499,16,9499,spatial_specificity,15.620499610900879,0.549666166305542,0.06284058839082718
9499,16,9499,spatial_specificity,15.65247631072998,0.5653868913650513,0.05721918120980263
9499,16,9499,spatial_specificity,15.81138801574707,0.5679510235786438,0.05568775162100792
9499,16,9499,spatial_specificity,16.0,0.6159809827804565,0.03851226717233658
9499,16,9499,spatial_specificity,16.031219482421875,0.613480806350708,0.039214543998241425
9499,16,9499,spatial_specificity,16.124515533447266,0.5839285254478455,0.048285000026226044
9499,16,9499,spatial_specificity,16.155494689941406,0.574386715888977,0.0528281107544899
9499,16,9499,spatial_specificity,16.278820037841797,0.5743953585624695,0.05127737671136856
9499,16,9499,spatial_specificity,16.401220321655273,0.5496280193328857,0.06199966371059418
9499,16,9499,spatial_specificity,16.492422103881836,0.5917243361473083,0.04522200673818588
9499,16,9499,spatial_specificity,16.552946090698242,0.5670725703239441,0.055013272911310196
9499,16,9499,spatial_specificity,16.6433162689209,0.5540337562561035,0.05997922271490097
9499,16,9499,spatial_specificity,16.76305389404297,0.5831238031387329,0.04747239127755165
9499,16,9499,spatial_specificity,16.970561981201172,0.5459405183792114,0.06196778267621994
9499,16,9499,spatial_specificity,17.0,0.5792366862297058,0.04691575840115547
9499,16,9499,spatial_specificity,17.029386520385742,0.5803214311599731,0.04590821638703346
9499,16,9499,spatial_specificity,17.0880069732666,0.5748695135116577,0.04970463737845421
9499,16,9499,spatial_specificity,17.11724281311035,0.6066786050796509,0.03827350214123726
9499,16,9499,spatial_specificity,17.20465087890625,0.5502161383628845,0.059707049280405045
9499,16,9499,spatial_specificity,17.262676239013672,0.5996229648590088,0.0399145632982254
9499,16,9499,spatial_specificity,17.464248657226562,0.5797640085220337,0.0460851676762104
9499,16,9499,spatial_specificity,17.492855072021484,0.555310845375061,0.05626080930233002
9499,16,9499,spatial_specificity,17.69180679321289,0.5453022718429565,0.06003382056951523
9499,16,9499,spatial_specificity,17.72004508972168,0.5829761624336243,0.04366447031497955
9499,16,9499,spatial_specificity,17.804494857788086,0.5472574234008789,0.058413270860910416
9499,16,9499,spatial_specificity,17.8885440826416,0.5615235567092896,0.0517539381980896
9499,16,9499,spatial_specificity,18.0,0.6115400791168213,0.035353437066078186
9499,16,9499,spatial_specificity,18.027755737304688,0.5790941715240479,0.04253126680850983
9499,16,9499,spatial_specificity,18.11077117919922,0.6044818162918091,0.03624125197529793
9499,16,9499,spatial_specificity,18.248287200927734,0.5978218913078308,0.03750688582658768
9499,16,9499,spatial_specificity,18.357559204101562,0.5562416911125183,0.051461540162563324
9499,16,9499,spatial_specificity,18.384777069091797,0.5603891611099243,0.049746736884117126
9499,16,9499,spatial_specificity,18.439088821411133,0.5681594610214233,0.04564839228987694
9499,16,9499,spatial_specificity,18.601076126098633,0.5478957295417786,0.05399889498949051
9499,16,9499,spatial_specificity,18.681541442871094,0.5826248526573181,0.0401647612452507
9499,16,9499,spatial_specificity,18.788293838500977,0.5622200965881348,0.04672372341156006
9499,16,9499,spatial_specificity,18.867961883544922,0.5519999861717224,0.05041217431426048
9499,16,9499,spatial_specificity,18.973665237426758,0.5752838850021362,0.04163737967610359
9499,16,9499,spatial_specificity,19.0,0.6086841225624084,0.03522489219903946
9499,16,9499,spatial_specificity,19.02629852294922,0.606465756893158,0.03518837317824364
9499,16,9499,spatial_specificity,19.10497283935547,0.5737903714179993,0.03943268582224846
9499,16,9499,spatial_specificity,19.209373474121094,0.5460586547851562,0.05176423117518425
9499,16,9499,spatial_specificity,19.235383987426758,0.5768817663192749,0.03868790343403816
9499,16,9499,spatial_specificity,19.313207626342773,0.5685659646987915,0.04235966131091118
9499,16,9499,spatial_specificity,19.416488647460938,0.5692993998527527,0.04037098214030266
9499,16,9499,spatial_specificity,19.646883010864258,0.5821540355682373,0.037917982786893845
9499,16,9499,spatial_specificity,19.697715759277344,0.5631737112998962,0.0423046350479126
9499,16,9499,spatial_specificity,19.72308349609375,0.5532194375991821,0.0452289879322052
9499,16,9499,spatial_specificity,19.79899024963379,0.5440142154693604,0.04944074526429176
9499,16,9499,spatial_specificity,19.84943389892578,0.5448281168937683,0.048875417560338974
9499,16,9499,spatial_specificity,19.92485809326172,0.5760074853897095,0.0383559875190258
9499,16,9499,spatial_specificity,20.0,0.5684178471565247,0.036692846566438675
9499,16,9499,spatial_specificity,20.02498435974121,0.6056870222091675,0.03645062819123268
9499,16,9499,spatial_specificity,20.099750518798828,0.6013168096542358,0.03612576052546501
9499,16,9499,spatial_specificity,20.124610900878906,0.5586274266242981,0.04206513240933418
9499,16,9499,spatial_specificity,20.2237491607666,0.5956617593765259,0.03635650873184204
9499,16,9499,spatial_specificity,20.248456954956055,0.5606880187988281,0.04094140604138374
9499,16,9499,spatial_specificity,20.39607810974121,0.589752197265625,0.03632543981075287
9499,16,9499,spatial_specificity,20.51828384399414,0.544782280921936,0.046209827065467834
9499,16,9499,spatial_specificity,20.59126091003418,0.5557994842529297,0.04165012761950493
9499,16,9499,spatial_specificity,20.615528106689453,0.5655713677406311,0.03864084929227829
9499,16,9499,spatial_specificity,20.808650970458984,0.5507246255874634,0.04327625408768654
9499,16,9499,spatial_specificity,20.880613327026367,0.5784436464309692,0.03745857626199722
9499,16,9499,spatial_specificity,21.0,0.6102948784828186,0.040712155401706696
9499,16,9499,spatial_specificity,21.02379608154297,0.585930347442627,0.03477281704545021
9499,16,9499,spatial_specificity,21.095022201538086,0.5804088711738586,0.03474464640021324
9499,16,9499,spatial_specificity,21.189619064331055,0.5742460489273071,0.038428135216236115
9499,16,9499,spatial_specificity,21.21320343017578,0.5823514461517334,0.03569208085536957
9499,16,9499,spatial_specificity,21.260292053222656,0.5479885935783386,0.04465920478105545
9499,16,9499,spatial_specificity,21.3775577545166,0.5946487784385681,0.037852730602025986
9499,16,9499,spatial_specificity,21.40093421936035,0.5514489412307739,0.043782491236925125
9499,16,9499,spatial_specificity,21.470911026000977,0.5607039928436279,0.041092850267887115
9499,16,9499,spatial_specificity,21.540658950805664,0.5714525580406189,0.03991137817502022
9499,16,9499,spatial_specificity,21.587032318115234,0.5897512435913086,0.03796640783548355
9499,16,9499,spatial_specificity,21.63330841064453,0.5560966730117798,0.043449364602565765
9499,16,9499,spatial_specificity,21.840330123901367,0.5864279270172119,0.03986464813351631
9499,16,9499,spatial_specificity,21.931711196899414,0.5613815188407898,0.044648244976997375
9499,16,9499,spatial_specificity,21.954498291015625,0.5621325373649597,0.044560424983501434
9499,16,9499,spatial_specificity,22.0,0.6190999746322632,0.04577895626425743
9499,16,9499,spatial_specificity,22.022714614868164,0.5867050886154175,0.03881528973579407
9499,16,9499,spatial_specificity,22.090721130371094,0.6139497756958008,0.04494098201394081
9499,16,9499,spatial_specificity,22.135944366455078,0.5843117833137512,0.04296593368053436
9499,16,9499,spatial_specificity,22.203603744506836,0.5853359699249268,0.041456710547208786
9499,16,9499,spatial_specificity,22.360679626464844,0.5899417400360107,0.04381304234266281
9499,16,9499,spatial_specificity,22.472204208374023,0.5752771496772766,0.049069929867982864
9499,16,9499,spatial_specificity,22.56102752685547,0.6050151586532593,0.04706808179616928
9499,16,9499,spatial_specificity,22.627416610717773,0.5626527667045593,0.05482058599591255
9499,16,9499,spatial_specificity,22.671567916870117,0.5639761686325073,0.0551903136074543
9499,16,9499,spatial_specificity,22.803508758544922,0.5853714346885681,0.05236940458416939
9499,16,9499,spatial_specificity,22.825424194335938,0.5770860910415649,0.05565632879734039
9499,16,9499,spatial_specificity,22.847320556640625,0.5864752531051636,0.05496729537844658
9499,16,9499,spatial_specificity,23.0,0.6371679902076721,0.05830574780702591
9499,16,9499,spatial_specificity,23.021728515625,0.6055699586868286,0.05314507335424423
9499,16,9499,spatial_specificity,23.086793899536133,0.6190431118011475,0.05639755725860596
9499,16,9499,spatial_specificity,23.194828033447266,0.6325247883796692,0.060365911573171616
9499,16,9499,spatial_specificity,23.25940704345703,0.5918310880661011,0.06379921734333038
9499,16,9499,spatial_specificity,23.323808670043945,0.5847529172897339,0.0665927454829216
9499,16,9499,spatial_specificity,23.345233917236328,0.6056081056594849,0.06140484660863876
9499,16,9499,spatial_specificity,23.409400939941406,0.6056360602378845,0.06607511639595032
9499,16,9499,spatial_specificity,23.430747985839844,0.582748532295227,0.06916072964668274
9499,16,9499,spatial_specificity,23.53720474243164,0.6294251084327698,0.06786075234413147
9499,16,9499,spatial_specificity,23.600847244262695,0.5875317454338074,0.0726848617196083
9499,16,9499,spatial_specificity,23.706539154052734,0.5993448495864868,0.07499592751264572
9499,16,9499,spatial_specificity,23.769729614257812,0.6198214292526245,0.07361779361963272
9499,16,9499,spatial_specificity,23.853721618652344,0.5965017080307007,0.07830595225095749
9499,16,9499,spatial_specificity,24.0,0.6657217741012573,0.07349884510040283
9499,16,9499,spatial_specificity,24.020824432373047,0.6643429398536682,0.07390786707401276
9499,16,9499,spatial_specificity,24.0416316986084,0.6211318969726562,0.07979021221399307
9499,16,9499,spatial_specificity,24.083189010620117,0.6339207291603088,0.07505674660205841
9499,16,9499,spatial_specificity,24.166091918945312,0.6173401474952698,0.08414362370967865
9499,16,9499,spatial_specificity,24.1867733001709,0.6354013681411743,0.07802930474281311
9499,16,9499,spatial_specificity,24.207435607910156,0.6082940101623535,0.08819229155778885
9499,16,9499,spatial_specificity,24.3310489654541,0.6600925326347351,0.08001265674829483
9499,16,9499,spatial_specificity,24.351591110229492,0.6339684724807739,0.08535103499889374
9499,16,9499,spatial_specificity,24.413110733032227,0.6144816875457764,0.09192853420972824
9499,16,9499,spatial_specificity,24.515300750732422,0.6594691276550293,0.08372090011835098
9499,16,9499,spatial_specificity,24.59674835205078,0.6265237331390381,0.0921463593840599
9499,16,9499,spatial_specificity,24.698179244995117,0.6322588324546814,0.0937948077917099
9499,16,9499,spatial_specificity,24.73863410949707,0.6594821214675903,0.08777555823326111
9499,16,9499,spatial_specificity,24.75883674621582,0.6307280659675598,0.10367230325937271
9499,16,9499,spatial_specificity,24.83948516845703,0.6330429911613464,0.1054420918226242
9499,16,9499,spatial_specificity,25.0,0.6596783399581909,0.09415027499198914
9499,16,9499,spatial_specificity,25.01999282836914,0.6985117197036743,0.08927147090435028
9499,16,9499,spatial_specificity,25.05992889404297,0.6406391859054565,0.10168854892253876
9499,16,9499,spatial_specificity,25.079872131347656,0.6730992197990417,0.09106222540140152
9499,16,9499,spatial_specificity,25.179357528686523,0.6978476643562317,0.0922393947839737
9499,16,9499,spatial_specificity,25.238859176635742,0.6468807458877563,0.10998012870550156
9499,16,9499,spatial_specificity,25.298221588134766,0.6686666011810303,0.09916368871927261
9499,16,9499,spatial_specificity,25.317977905273438,0.6967183947563171,0.09531617909669876
9499,16,9499,spatial_specificity,25.455842971801758,0.6573468446731567,0.11976591497659683
9499,16,9499,spatial_specificity,25.495098114013672,0.6713353991508484,0.10524991899728775
9499,16,9499,spatial_specificity,25.553865432739258,0.6605525612831116,0.11349845677614212
9499,16,9499,spatial_specificity,25.612497329711914,0.6642559766769409,0.12123856693506241
9499,16,9499,spatial_specificity,25.63201141357422,0.6775175333023071,0.10615603625774384
9499,16,9499,spatial_specificity,25.709918975830078,0.6994746923446655,0.10184281319379807
9499,16,9499,spatial_specificity,25.806976318359375,0.6728521585464478,0.12297973781824112
9499,16,9499,spatial_specificity,25.942243576049805,0.679606556892395,0.11840363591909409
9499,16,9499,spatial_specificity,25.961509704589844,0.7054017782211304,0.10593454539775848
9499,16,9499,spatial_specificity,26.0,0.7050617933273315,0.10463511943817139
9499,16,9499,spatial_specificity,26.019224166870117,0.7372319102287292,0.09507580101490021
9499,16,9499,spatial_specificity,26.076810836791992,0.7101715803146362,0.10592957586050034
9499,16,9499,spatial_specificity,26.172504425048828,0.7108022570610046,0.10890220105648041
9499,16,9499,spatial_specificity,26.248809814453125,0.7010418772697449,0.11718202382326126
9499,16,9499,spatial_specificity,26.305892944335938,0.7405898571014404,0.10145016759634018
9499,16,9499,spatial_specificity,26.400758743286133,0.7022646069526672,0.12535783648490906
9499,16,9499,spatial_specificity,26.419689178466797,0.7027319073677063,0.1277664750814438
9499,16,9499,spatial_specificity,26.476404190063477,0.7440841794013977,0.10325141996145248
9499,16,9499,spatial_specificity,26.570661544799805,0.7233700752258301,0.1140683963894844
9499,16,9499,spatial_specificity,26.62705421447754,0.7119684219360352,0.1308058798313141
9499,16,9499,spatial_specificity,26.68332862854004,0.7484849095344543,0.1044391542673111
9499,16,9499,spatial_specificity,26.832815170288086,0.7265905141830444,0.1267879158258438
9499,16,9499,spatial_specificity,26.870058059692383,0.7207966446876526,0.13255122303962708
9499,16,9499,spatial_specificity,26.90724754333496,0.7219017744064331,0.1318831890821457
9499,16,9499,spatial_specificity,26.925825119018555,0.7402569055557251,0.11694274097681046
9499,16,9499,spatial_specificity,27.0,0.7803787589073181,0.08983400464057922
9499,16,9499,spatial_specificity,27.018512725830078,0.7540487051010132,0.10597416758537292
9499,16,9499,spatial_specificity,27.073972702026367,0.7790014147758484,0.09223239123821259
9499,16,9499,spatial_specificity,27.166154861450195,0.7792317867279053,0.09300661832094193
9499,16,9499,spatial_specificity,27.202939987182617,0.7510885000228882,0.11747781932353973
9499,16,9499,spatial_specificity,27.294689178466797,0.7688016891479492,0.1088549941778183
9499,16,9499,spatial_specificity,27.312999725341797,0.756505012512207,0.12098008394241333
9499,16,9499,spatial_specificity,27.459060668945312,0.7656897306442261,0.10781145840883255
9499,16,9499,spatial_specificity,27.51363182067871,0.7705326676368713,0.10875427722930908
9499,16,9499,spatial_specificity,27.58622932434082,0.7407834529876709,0.12630854547023773
9499,16,9499,spatial_specificity,27.658634185791016,0.771319568157196,0.10875504463911057
9499,16,9499,spatial_specificity,27.730850219726562,0.7713461518287659,0.12019837647676468
9499,16,9499,spatial_specificity,27.784889221191406,0.769861102104187,0.12363693118095398
9499,16,9499,spatial_specificity,27.80287742614746,0.7646776437759399,0.12610282003879547
9499,16,9499,spatial_specificity,27.856775283813477,0.7870170474052429,0.1116706132888794
9499,16,9499,spatial_specificity,27.89265251159668,0.803688108921051,0.09789057075977325
9499,16,9499,spatial_specificity,28.0,0.8411091566085815,0.07887830585241318
9499,16,9499,spatial_specificity,28.017852783203125,0.8059263825416565,0.09769898653030396
9499,16,9499,spatial_specificity,28.07133674621582,0.8396212458610535,0.08027121424674988
9499,16,9499,spatial_specificity,28.160255432128906,0.8268181085586548,0.08793836832046509
9499,16,9499,spatial_specificity,28.17800521850586,0.7948173880577087,0.11744111031293869
9499,16,9499,spatial_specificity,28.231189727783203,0.8056355714797974,0.11134939640760422
9499,16,9499,spatial_specificity,28.284271240234375,0.8212964534759521,0.091869056224823
9499,16,9499,spatial_specificity,28.301944732666016,0.7966859936714172,0.11940938979387283
9499,16,9499,spatial_specificity,28.319604873657227,0.7803031802177429,0.12353026121854782
9499,16,9499,spatial_specificity,28.42534065246582,0.789634644985199,0.12345345318317413
9499,16,9499,spatial_specificity,28.44292640686035,0.8454490900039673,0.08170272409915924
9499,16,9499,spatial_specificity,28.460498809814453,0.8246009349822998,0.09842132776975632
9499,16,9499,spatial_specificity,28.60070037841797,0.8024412393569946,0.12119075655937195
9499,16,9499,spatial_specificity,28.635643005371094,0.8342919945716858,0.0938342958688736
9499,16,9499,spatial_specificity,28.65309715270996,0.8133754730224609,0.11329638212919235
9499,16,9499,spatial_specificity,28.792360305786133,0.8374472260475159,0.09401760250329971
9499,16,9499,spatial_specificity,28.844409942626953,0.8125331401824951,0.11760321259498596
9499,16,9499,spatial_specificity,28.861740112304688,0.8560759425163269,0.07895148545503616
9499,16,9499,spatial_specificity,29.0,0.8366187810897827,0.098073810338974
9499,16,9499,spatial_specificity,29.017236709594727,0.8860052824020386,0.06390782445669174
9499,16,9499,spatial_specificity,29.068883895874023,0.8442796468734741,0.09231389313936234
9499,16,9499,spatial_specificity,29.120439529418945,0.8634955286979675,0.0752384215593338
9499,16,9499,spatial_specificity,29.15475845336914,0.85719895362854,0.0842628926038742
9499,16,9499,spatial_specificity,29.20616340637207,0.8279420137405396,0.1120421513915062
9499,16,9499,spatial_specificity,29.27456283569336,0.886824905872345,0.05623563379049301
9499,16,9499,spatial_specificity,29.4108829498291,0.8569756746292114,0.08801069855690002
9499,16,9499,spatial_specificity,29.42787742614746,0.8896639347076416,0.05418790504336357
9499,16,9499,spatial_specificity,29.529645919799805,0.8452199101448059,0.09691240638494492
9499,16,9499,spatial_specificity,29.546573638916016,0.8568878173828125,0.08667577803134918
9499,16,9499,spatial_specificity,29.614185333251953,0.8908669948577881,0.0521058514714241
9499,16,9499,spatial_specificity,29.681644439697266,0.8528966307640076,0.09802370518445969
9499,16,9499,spatial_specificity,29.698484420776367,0.8373656868934631,0.10612063109874725
9499,16,9499,spatial_specificity,29.73213768005371,0.8552957773208618,0.08533494919538498
9499,16,9499,spatial_specificity,29.832868576049805,0.8650076985359192,0.07729766517877579
9499,16,9499,spatial_specificity,29.96664810180664,0.8580332398414612,0.08106139302253723
9499,16,9499,spatial_specificity,30.0,0.8702058792114258,0.08194436132907867
9499,16,9499,spatial_specificity,30.01666259765625,0.8794058561325073,0.06679290533065796
9499,16,9499,spatial_specificity,30.066593170166016,0.9125306010246277,0.02919689565896988
9499,16,9499,spatial_specificity,30.08321762084961,0.8763332366943359,0.05758807808160782
9499,16,9499,spatial_specificity,30.149627685546875,0.9099661707878113,0.02932443842291832
9499,16,9499,spatial_specificity,30.232433319091797,0.8574795126914978,0.09075796604156494
9499,16,9499,spatial_specificity,30.265491485595703,0.9070549011230469,0.029440563172101974
9499,16,9499,spatial_specificity,30.36445426940918,0.8817226886749268,0.04965277388691902
9499,16,9499,spatial_specificity,30.4138126373291,0.8713311553001404,0.07460238039493561
9499,16,9499,spatial_specificity,30.463092803955078,0.8734087347984314,0.0660201758146286
9499,16,9499,spatial_specificity,30.479501724243164,0.8569358587265015,0.09007349610328674
9499,16,9499,spatial_specificity,30.528675079345703,0.8610060214996338,0.08410944789648056
9499,16,9499,spatial_specificity,30.594118118286133,0.9072789549827576,0.029492434114217758
9499,16,9499,spatial_specificity,30.610454559326172,0.863365113735199,0.0863824188709259
9499,16,9499,spatial_specificity,30.675724029541016,0.8854865431785583,0.05219997093081474
9499,16,9499,spatial_specificity,30.805843353271484,0.8810723423957825,0.06627479940652847
9499,16,9499,spatial_specificity,30.870698928833008,0.8810338973999023,0.06782182306051254
9499,16,9499,spatial_specificity,30.886890411376953,0.8750641345977783,0.07645539939403534
9499,16,9499,spatial_specificity,31.0,0.936965823173523,0.006789455655962229
9499,16,9499,spatial_specificity,31.016124725341797,0.9016199707984924,0.03824358433485031
9499,16,9499,spatial_specificity,31.048349380493164,0.9073569774627686,0.03305201977491379
9499,16,9499,spatial_specificity,31.064449310302734,0.8891205787658691,0.06610171496868134
9499,16,9499,spatial_specificity,31.11269760131836,0.8675333261489868,0.08792130649089813
9499,16,9499,spatial_specificity,31.14482307434082,0.883543074131012,0.07266079634428024
9499,16,9499,spatial_specificity,31.240999221801758,0.872266411781311,0.0825899988412857
9499,16,9499,spatial_specificity,31.256999969482422,0.9262408018112183,0.012169810011982918
9499,16,9499,spatial_specificity,31.30495262145996,0.878730297088623,0.06699372828006744
9499,16,9499,spatial_specificity,31.320920944213867,0.9034349322319031,0.035119086503982544
9499,16,9499,spatial_specificity,31.384708404541016,0.8848821520805359,0.06440980732440948
9499,16,9499,spatial_specificity,31.400636672973633,0.8871980905532837,0.06725283712148666
9499,16,9499,spatial_specificity,31.575305938720703,0.9128580689430237,0.015281622298061848
9499,16,9499,spatial_specificity,31.62277603149414,0.8820391893386841,0.06133271008729935
9499,16,9499,spatial_specificity,31.764760971069336,0.8792740702629089,0.06484830379486084
9499,16,9499,spatial_specificity,31.780498504638672,0.8858062624931335,0.046724800020456314
9499,16,9499,spatial_specificity,31.827659606933594,0.8591799736022949,0.08118109405040741
9499,16,9499,spatial_specificity,31.890438079833984,0.8627443313598633,0.07964662462472916
9499,16,9499,spatial_specificity,31.906112670898438,0.8805094957351685,0.0720403790473938
9499,16,9499,spatial_specificity,31.95309066772461,0.8891255259513855,0.042300034314394
9499,16,9499,spatial_specificity,32.015621185302734,0.8725640773773193,0.06496204435825348
9499,16,9499,spatial_specificity,32.202484130859375,0.8799959421157837,0.06404683738946915
9499,16,9499,spatial_specificity,32.24903106689453,0.885446310043335,0.06382737308740616
9499,16,9499,spatial_specificity,32.280025482177734,0.9018104672431946,0.027551734820008278
9499,16,9499,spatial_specificity,32.31098937988281,0.8916142582893372,0.04706968739628792
9499,16,9499,spatial_specificity,32.4499626159668,0.8725703358650208,0.06523610651493073
9499,16,9499,spatial_specificity,32.526912689208984,0.8536008596420288,0.08242238312959671
9499,16,9499,spatial_specificity,32.557640075683594,0.8563879132270813,0.08066213130950928
9499,16,9499,spatial_specificity,32.572994232177734,0.900769054889679,0.0306010190397501
9499,16,9499,spatial_specificity,32.649654388427734,0.8626781702041626,0.05942285805940628
9499,16,9499,spatial_specificity,32.69556427001953,0.8698871731758118,0.0515214167535305
9499,16,9499,spatial_specificity,32.75667953491211,0.8756147623062134,0.06624531745910645
9499,16,9499,spatial_specificity,32.80244064331055,0.8645941615104675,0.06367313861846924
9499,16,9499,spatial_specificity,32.893768310546875,0.8938976526260376,0.03325636312365532
9499,16,9499,spatial_specificity,33.0151481628418,0.8715691566467285,0.06278843432664871
9499,16,9499,spatial_specificity,33.105892181396484,0.8862608075141907,0.05721622332930565
9499,16,9499,spatial_specificity,33.12099075317383,0.8784338235855103,0.062163546681404114
9499,16,9499,spatial_specificity,33.241539001464844,0.8558628559112549,0.056160032749176025
9499,16,9499,spatial_specificity,33.2866325378418,0.8510992527008057,0.053313881158828735
9499,16,9499,spatial_specificity,33.30165100097656,0.8534472584724426,0.060922086238861084
9499,16,9499,spatial_specificity,33.42155075073242,0.857770562171936,0.05624077841639519
9499,16,9499,spatial_specificity,33.541019439697266,0.86433345079422,0.040004096925258636
9499,16,9499,spatial_specificity,33.60059356689453,0.8532175421714783,0.05386537313461304
9499,16,9499,spatial_specificity,33.615474700927734,0.8654115796089172,0.04006257653236389
9499,16,9499,spatial_specificity,33.83784866333008,0.8606881499290466,0.045473888516426086
9499,16,9499,spatial_specificity,33.941123962402344,0.862393856048584,0.050771843641996384
9499,16,9499,spatial_specificity,33.97057342529297,0.8617736101150513,0.049535393714904785
9499,16,9499,spatial_specificity,34.0,0.866912841796875,0.03638182207942009
9499,16,9499,spatial_specificity,34.01470184326172,0.8888694643974304,0.023270873352885246
9499,16,9499,spatial_specificity,34.058773040771484,0.8575188517570496,0.05077217519283295
9499,16,9499,spatial_specificity,34.13209533691406,0.8653237223625183,0.03880137950181961
9499,16,9499,spatial_specificity,34.20526123046875,0.8625573515892029,0.04605592414736748
9499,16,9499,spatial_specificity,34.4093017578125,0.8400207161903381,0.004063546657562256
9499,16,9499,spatial_specificity,34.438350677490234,0.88971346616745,0.019782651215791702
9499,16,9499,spatial_specificity,34.48188018798828,0.8493615984916687,0.0021818876266479492
9499,16,9499,spatial_specificity,34.65544891357422,0.8333883881568909,0.00918269157409668
9499,16,9499,spatial_specificity,34.66987228393555,0.8468886613845825,0.0044387876987457275
9499,16,9499,spatial_specificity,34.71310806274414,0.8356502056121826,0.00590139627456665
9499,16,9499,spatial_specificity,34.828147888183594,0.8420000672340393,0.0013785362243652344
9499,16,9499,spatial_specificity,34.885528564453125,0.8790903091430664,0.009054124355316162
9499,16,9499,spatial_specificity,34.98571014404297,0.8559895753860474,0.0007655620574951172
9499,16,9499,spatial_specificity,35.0,0.848588228225708,0.004508703947067261
9499,16,9499,spatial_specificity,35.22782897949219,0.8542742133140564,0.010214745998382568
9499,16,9499,spatial_specificity,35.35533905029297,0.8547465801239014,0.007151514291763306
9499,16,9499,spatial_specificity,35.38361358642578,0.8467594385147095,0.004961937665939331
9499,16,9499,spatial_specificity,35.46829605102539,0.8505309820175171,0.007471829652786255
9499,16,9499,spatial_specificity,35.510562896728516,0.862857460975647,0.005068600177764893
9499,16,9499,spatial_specificity,35.60898971557617,0.8547106981277466,0.010314136743545532
9499,16,9499,spatial_specificity,35.80502700805664,0.858799397945404,0.013170242309570312
9499,16,9499,spatial_specificity,35.84689712524414,0.8861406445503235,0.00981515645980835
9499,16,9499,spatial_specificity,36.055511474609375,0.8681973218917847,0.0062064528465271
9499,16,9499,spatial_specificity,36.06937789916992,0.8575573563575745,0.013100147247314453
9499,16,9499,spatial_specificity,36.12478256225586,0.8576682806015015,0.014218389987945557
9499,16,9499,spatial_specificity,36.2353401184082,0.8597679138183594,0.014918208122253418
9499,16,9499,spatial_specificity,36.359317779541016,0.8918478488922119,0.010967552661895752
9499,16,9499,spatial_specificity,36.400550842285156,0.8626236915588379,0.014990657567977905
9499,16,9499,spatial_specificity,36.619667053222656,0.8719582557678223,0.004893273115158081
9499,16,9499,spatial_specificity,36.769554138183594,0.8656165599822998,0.018092244863510132
9499,16,9499,spatial_specificity,36.79673767089844,0.8650763630867004,0.017399072647094727
9499,16,9499,spatial_specificity,36.878177642822266,0.864986777305603,0.01777493953704834
9499,16,9499,spatial_specificity,36.8917350769043,0.8990554213523865,0.005404293537139893
9499,16,9499,spatial_specificity,37.013511657714844,0.865286111831665,0.015658587217330933
9499,16,9499,spatial_specificity,37.202152252197266,0.876129150390625,0.002482682466506958
9499,16,9499,spatial_specificity,37.44329071044922,0.9030059576034546,0.001901179552078247
9499,16,9499,spatial_specificity,37.48332977294922,0.869672417640686,0.018717795610427856
9499,16,9499,spatial_specificity,37.53664779663086,0.8699041604995728,0.01688593626022339
9499,16,9499,spatial_specificity,37.643062591552734,0.8680619597434998,0.014164626598358154
9499,16,9499,spatial_specificity,37.80211639404297,0.8795808553695679,0.00019094347953796387
9499,16,9499,spatial_specificity,38.01315689086914,0.9107484817504883,0.007015973329544067
9499,16,9499,spatial_specificity,38.18376541137695,0.8736112117767334,0.016237109899520874
9499,16,9499,spatial_specificity,38.20994567871094,0.8731460571289062,0.015138775110244751
9499,16,9499,spatial_specificity,38.28837966918945,0.8733316659927368,0.011498063802719116
9499,16,9499,spatial_specificity,38.41874694824219,0.8833847045898438,0.0028944313526153564
9499,16,9499,spatial_specificity,38.60051727294922,0.9118829369544983,0.007362067699432373
9499,16,9499,spatial_specificity,38.897300720214844,0.8776770830154419,0.011843353509902954
9499,16,9499,spatial_specificity,38.94868469238281,0.8773930072784424,0.009924560785293579
9499,16,9499,spatial_specificity,39.051246643066406,0.8895982503890991,0.0060537755489349365
9499,16,9499,spatial_specificity,39.20458984375,0.9160988926887512,0.011244654655456543
9499,16,9499,spatial_specificity,39.59798049926758,0.8826628923416138,0.007316619157791138
9499,16,9499,spatial_specificity,39.623226165771484,0.8831865787506104,0.005891233682632446
9499,16,9499,spatial_specificity,39.69886779785156,0.8939231634140015,0.006474822759628296
9499,16,9499,spatial_specificity,39.824615478515625,0.9122798442840576,0.006119877099990845
9499,16,9499,spatial_specificity,40.31128692626953,0.8879359364509583,0.0010905861854553223
9499,16,9499,spatial_specificity,40.360870361328125,0.8991340398788452,0.01027032732963562
9499,16,9499,spatial_specificity,40.45985794067383,0.8993646502494812,0.0
9499,16,9499,spatial_specificity,41.01219177246094,0.8941124081611633,0.005656063556671143
9499,16,9499,spatial_specificity,41.03656768798828,0.9015735387802124,0.013523906469345093
9499,16,9499,spatial_specificity,41.1096076965332,0.9008882641792297,0.0
9499,16,9499,spatial_specificity,41.72529220581055,0.9036820530891418,0.015493810176849365
9499,16,9499,spatial_specificity,41.773197174072266,0.9027014374732971,0.0
9499,16,9499,spatial_specificity,42.42640686035156,0.9075794816017151,0.012754380702972412
9499,16,9499,spatial_specificity,42.44997024536133,0.9031543731689453,0.0
9499,16,9499,spatial_specificity,43.13930892944336,0.9116463661193848,0.0
9999,17,9999,cls_effective_rank,,16.03782081604004,1.1035795211791992
9999,17,9999,patch_effective_rank,,87.61000061035156,14.148390769958496
9999,17,9999,mean_off_diagonal_similarity,,0.6091644167900085,0.034942224621772766
9999,17,9999,spatial_specificity_correlation,,-0.1611841917037964,0.06481197476387024
9999,17,9999,spatial_specificity,1.0,0.9391557574272156,0.006228703074157238
9999,17,9999,spatial_specificity,1.4142135381698608,0.9064513444900513,0.009287914261221886
9999,17,9999,spatial_specificity,2.0,0.8636528253555298,0.014369126409292221
9999,17,9999,spatial_specificity,2.2360680103302,0.8451828956604004,0.015298346988856792
9999,17,9999,spatial_specificity,2.8284270763397217,0.8049839735031128,0.017711065709590912
9999,17,9999,spatial_specificity,3.0,0.7966436743736267,0.01958128623664379
9999,17,9999,spatial_specificity,3.1622776985168457,0.786497950553894,0.01931428536772728
9999,17,9999,spatial_specificity,3.605551242828369,0.7623488903045654,0.019827822223305702
9999,17,9999,spatial_specificity,4.0,0.7447779774665833,0.022802939638495445
9999,17,9999,spatial_specificity,4.123105525970459,0.7386976480484009,0.022573629394173622
9999,17,9999,spatial_specificity,4.242640495300293,0.7320767641067505,0.021024169400334358
9999,17,9999,spatial_specificity,4.4721360206604,0.7237427830696106,0.022604426369071007
9999,17,9999,spatial_specificity,5.0,0.7026498317718506,0.024062244221568108
9999,17,9999,spatial_specificity,5.099019527435303,0.7009351849555969,0.025208082050085068
9999,17,9999,spatial_specificity,5.385164737701416,0.6901600956916809,0.02599431201815605
9999,17,9999,spatial_specificity,5.656854152679443,0.6763777732849121,0.026550760492682457
9999,17,9999,spatial_specificity,5.830952167510986,0.6727416515350342,0.027725644409656525
9999,17,9999,spatial_specificity,6.0,0.674261212348938,0.027496416121721268
9999,17,9999,spatial_specificity,6.082762241363525,0.6706303358078003,0.027679303660988808
9999,17,9999,spatial_specificity,6.324555397033691,0.6619188785552979,0.029103655368089676
9999,17,9999,spatial_specificity,6.4031243324279785,0.6519151926040649,0.030536921694874763
9999,17,9999,spatial_specificity,6.7082037925720215,0.6476889848709106,0.031521160155534744
9999,17,9999,spatial_specificity,7.0,0.6500195264816284,0.029497677460312843
9999,17,9999,spatial_specificity,7.071067810058594,0.641595721244812,0.030955806374549866
9999,17,9999,spatial_specificity,7.211102485656738,0.6301037073135376,0.03461625799536705
9999,17,9999,spatial_specificity,7.280109882354736,0.6391268968582153,0.03171272203326225
9999,17,9999,spatial_specificity,7.6157732009887695,0.6268545985221863,0.034592464566230774
9999,17,9999,spatial_specificity,7.8102498054504395,0.6122980713844299,0.03804255649447441
9999,17,9999,spatial_specificity,8.0,0.6317895650863647,0.031448692083358765
9999,17,9999,spatial_specificity,8.062257766723633,0.6201934218406677,0.03466412052512169
9999,17,9999,spatial_specificity,8.246211051940918,0.6211408972740173,0.03398799151182175
9999,17,9999,spatial_specificity,8.485280990600586,0.5961565971374512,0.04167072847485542
9999,17,9999,spatial_specificity,8.5440034866333,0.6102380752563477,0.037085775285959244
9999,17,9999,spatial_specificity,8.602325439453125,0.5963930487632751,0.04158903285861015
9999,17,9999,spatial_specificity,8.9442720413208,0.5971554517745972,0.04064173996448517
9999,17,9999,spatial_specificity,9.0,0.6187527775764465,0.03289399668574333
9999,17,9999,spatial_specificity,9.05538558959961,0.615277886390686,0.033756986260414124
9999,17,9999,spatial_specificity,9.219544410705566,0.5953620076179504,0.04039013013243675
9999,17,9999,spatial_specificity,9.433980941772461,0.5836962461471558,0.044592782855033875
9999,17,9999,spatial_specificity,9.486832618713379,0.5981372594833374,0.03914887085556984
9999,17,9999,spatial_specificity,9.848857879638672,0.5863949060440063,0.04300137236714363
9999,17,9999,spatial_specificity,9.899495124816895,0.5707005262374878,0.049440279603004456
9999,17,9999,spatial_specificity,10.0,0.5845915079116821,0.04298001527786255
9999,17,9999,spatial_specificity,10.049875259399414,0.6062464714050293,0.03520362451672554
9999,17,9999,spatial_specificity,10.198039054870605,0.5991452932357788,0.0376804880797863
9999,17,9999,spatial_specificity,10.29563045501709,0.5746642351150513,0.04717123508453369
9999,17,9999,spatial_specificity,10.440306663513184,0.5898033380508423,0.041008979082107544
9999,17,9999,spatial_specificity,10.630146026611328,0.5616047382354736,0.05307474732398987
9999,17,9999,spatial_specificity,10.770329475402832,0.5789878368377686,0.045164309442043304
9999,17,9999,spatial_specificity,10.816654205322266,0.5640929937362671,0.05149664729833603
9999,17,9999,spatial_specificity,11.0,0.6038945913314819,0.03528251498937607
9999,17,9999,spatial_specificity,11.045360565185547,0.6005934476852417,0.0364646278321743
9999,17,9999,spatial_specificity,11.180339813232422,0.5811995267868042,0.0439639687538147
9999,17,9999,spatial_specificity,11.313708305358887,0.5535213351249695,0.056915659457445145
9999,17,9999,spatial_specificity,11.401754379272461,0.5701419115066528,0.048857953399419785
9999,17,9999,spatial_specificity,11.661904335021973,0.5588711500167847,0.05381886661052704
9999,17,9999,spatial_specificity,11.704700469970703,0.5747114419937134,0.046754393726587296
9999,17,9999,spatial_specificity,12.0,0.6011420488357544,0.03641435503959656
9999,17,9999,spatial_specificity,12.041594505310059,0.5733655095100403,0.0473448820412159
9999,17,9999,spatial_specificity,12.083045959472656,0.5645763278007507,0.05131911113858223
9999,17,9999,spatial_specificity,12.16552448272705,0.5912696123123169,0.04057822749018669
9999,17,9999,spatial_specificity,12.206555366516113,0.5508466362953186,0.05780426785349846
9999,17,9999,spatial_specificity,12.369317054748535,0.5826469659805298,0.04396911710500717
9999,17,9999,spatial_specificity,12.529964447021484,0.5555603504180908,0.05580027401447296
9999,17,9999,spatial_specificity,12.649110794067383,0.5728938579559326,0.047964781522750854
9999,17,9999,spatial_specificity,12.727921485900879,0.5426172018051147,0.06209409981966019
9999,17,9999,spatial_specificity,12.806248664855957,0.5441892743110657,0.061060450971126556
9999,17,9999,spatial_specificity,13.0,0.5759795904159546,0.046583760529756546
9999,17,9999,spatial_specificity,13.038405418395996,0.573476254940033,0.04796360433101654
9999,17,9999,spatial_specificity,13.152946472167969,0.5911418795585632,0.0417979471385479
9999,17,9999,spatial_specificity,13.34166431427002,0.5826941728591919,0.04499590024352074
9999,17,9999,spatial_specificity,13.416407585144043,0.5543457269668579,0.056518808007240295
9999,17,9999,spatial_specificity,13.45362377166748,0.5391329526901245,0.06333386898040771
9999,17,9999,spatial_specificity,13.601469993591309,0.5577296018600464,0.05500894412398338
9999,17,9999,spatial_specificity,13.892444610595703,0.5469743609428406,0.059929121285676956
9999,17,9999,spatial_specificity,13.928387641906738,0.5635151863098145,0.052771568298339844
9999,17,9999,spatial_specificity,14.0,0.6019812226295471,0.039532605558633804
9999,17,9999,spatial_specificity,14.03566837310791,0.5989973545074463,0.04053564369678497
9999,17,9999,spatial_specificity,14.142135620117188,0.5739346146583557,0.04855227470397949
9999,17,9999,spatial_specificity,14.21267032623291,0.5370352268218994,0.06402737647294998
9999,17,9999,spatial_specificity,14.317821502685547,0.5695286989212036,0.05072842910885811
9999,17,9999,spatial_specificity,14.422204971313477,0.5409703254699707,0.06249421462416649
9999,17,9999,spatial_specificity,14.560219764709473,0.5746957063674927,0.04899774491786957
9999,17,9999,spatial_specificity,14.764822959899902,0.5473479628562927,0.05976525694131851
9999,17,9999,spatial_specificity,14.866068840026855,0.5495717525482178,0.05850974842905998
9999,17,9999,spatial_specificity,15.0,0.5590055584907532,0.05371829867362976
9999,17,9999,spatial_specificity,15.033296585083008,0.5998622179031372,0.04064725339412689
9999,17,9999,spatial_specificity,15.132745742797852,0.5935360193252563,0.042452193796634674
9999,17,9999,spatial_specificity,15.231546401977539,0.5566712617874146,0.0557645782828331
9999,17,9999,spatial_specificity,15.264337539672852,0.5412031412124634,0.06210850924253464
9999,17,9999,spatial_specificity,15.297059059143066,0.5851280093193054,0.04515991732478142
9999,17,9999,spatial_specificity,15.524174690246582,0.5761058330535889,0.04820087179541588
9999,17,9999,spatial_specificity,15.55634880065918,0.5314287543296814,0.06509776413440704
9999,17,9999,spatial_specificity,15.620499610900879,0.5325525403022766,0.06481117010116577
9999,17,9999,spatial_specificity,15.65247631072998,0.5489442348480225,0.05864841490983963
9999,17,9999,spatial_specificity,15.81138801574707,0.5516070127487183,0.057047564536333084
9999,17,9999,spatial_specificity,16.0,0.6018613576889038,0.039143066853284836
9999,17,9999,spatial_specificity,16.031219482421875,0.5992456674575806,0.03978121653199196
9999,17,9999,spatial_specificity,16.124515533447266,0.5683698654174805,0.04913752153515816
9999,17,9999,spatial_specificity,16.155494689941406,0.5583057999610901,0.053939949721097946
9999,17,9999,spatial_specificity,16.278820037841797,0.5584348440170288,0.05234070494771004
9999,17,9999,spatial_specificity,16.401220321655273,0.5327491760253906,0.06369392573833466
9999,17,9999,spatial_specificity,16.492422103881836,0.576379656791687,0.04603089764714241
9999,17,9999,spatial_specificity,16.552946090698242,0.5508051514625549,0.05620763823390007
9999,17,9999,spatial_specificity,16.6433162689209,0.5373872518539429,0.06146055459976196
9999,17,9999,spatial_specificity,16.76305389404297,0.5674611926078796,0.04850276932120323
9999,17,9999,spatial_specificity,16.970561981201172,0.5290514826774597,0.06360332667827606
9999,17,9999,spatial_specificity,17.0,0.5636084079742432,0.04787607863545418
9999,17,9999,spatial_specificity,17.029386520385742,0.5648045539855957,0.04690321162343025
9999,17,9999,spatial_specificity,17.0880069732666,0.5589714646339417,0.05089541897177696
9999,17,9999,spatial_specificity,17.11724281311035,0.5921581983566284,0.03939133882522583
9999,17,9999,spatial_specificity,17.20465087890625,0.5336211919784546,0.06119672954082489
9999,17,9999,spatial_specificity,17.262676239013672,0.5848075151443481,0.0410977303981781
9999,17,9999,spatial_specificity,17.464248657226562,0.5641776919364929,0.047337912023067474
9999,17,9999,spatial_specificity,17.492855072021484,0.5389556884765625,0.057646751403808594
9999,17,9999,spatial_specificity,17.69180679321289,0.5287524461746216,0.06168685853481293
9999,17,9999,spatial_specificity,17.72004508972168,0.5675703883171082,0.04518241062760353
9999,17,9999,spatial_specificity,17.804494857788086,0.5308559536933899,0.0599798746407032
9999,17,9999,spatial_specificity,17.8885440826416,0.5454388856887817,0.0532095693051815
9999,17,9999,spatial_specificity,18.0,0.597517192363739,0.03775142505764961
9999,17,9999,spatial_specificity,18.027755737304688,0.5638155937194824,0.044071659445762634
9999,17,9999,spatial_specificity,18.11077117919922,0.5902287364006042,0.038541123270988464
9999,17,9999,spatial_specificity,18.248287200927734,0.5833662748336792,0.03984498232603073
9999,17,9999,spatial_specificity,18.357559204101562,0.5402641892433167,0.05311276391148567
9999,17,9999,spatial_specificity,18.384777069091797,0.544569194316864,0.05155074968934059
9999,17,9999,spatial_specificity,18.439088821411133,0.5528064966201782,0.047395188361406326
9999,17,9999,spatial_specificity,18.601076126098633,0.5319744944572449,0.055801719427108765
9999,17,9999,spatial_specificity,18.681541442871094,0.5677556991577148,0.042704928666353226
9999,17,9999,spatial_specificity,18.788293838500977,0.5466348528862,0.04875382035970688
9999,17,9999,spatial_specificity,18.867961883544922,0.5363131165504456,0.05238206684589386
9999,17,9999,spatial_specificity,18.973665237426758,0.5603157877922058,0.04427372291684151
9999,17,9999,spatial_specificity,19.0,0.5952422618865967,0.03899039700627327
9999,17,9999,spatial_specificity,19.02629852294922,0.592947244644165,0.03893520310521126
9999,17,9999,spatial_specificity,19.10497283935547,0.5592564344406128,0.04178226739168167
9999,17,9999,spatial_specificity,19.209373474121094,0.5306422710418701,0.053927186876535416
9999,17,9999,spatial_specificity,19.235383987426758,0.5623061060905457,0.04148023575544357
9999,17,9999,spatial_specificity,19.313207626342773,0.5536032915115356,0.04514424875378609
9999,17,9999,spatial_specificity,19.416488647460938,0.5546998381614685,0.04320013150572777
9999,17,9999,spatial_specificity,19.646883010864258,0.568090558052063,0.041671138256788254
9999,17,9999,spatial_specificity,19.697715759277344,0.5484248399734497,0.045291606336832047
9999,17,9999,spatial_specificity,19.72308349609375,0.5382895469665527,0.048043254762887955
9999,17,9999,spatial_specificity,19.79899024963379,0.5293055772781372,0.051934972405433655
9999,17,9999,spatial_specificity,19.84943389892578,0.5301414728164673,0.05146224424242973
9999,17,9999,spatial_specificity,19.92485809326172,0.5619599223136902,0.042073775082826614
9999,17,9999,spatial_specificity,20.0,0.5545838475227356,0.040051329880952835
9999,17,9999,spatial_specificity,20.02498435974121,0.5930468440055847,0.041378311812877655
9999,17,9999,spatial_specificity,20.099750518798828,0.5885690450668335,0.041058897972106934
9999,17,9999,spatial_specificity,20.124610900878906,0.5442527532577515,0.045493677258491516
9999,17,9999,spatial_specificity,20.2237491607666,0.582743763923645,0.04142070189118385
9999,17,9999,spatial_specificity,20.248456954956055,0.5466148257255554,0.04452086612582207
9999,17,9999,spatial_specificity,20.39607810974121,0.5767732858657837,0.04132969304919243
9999,17,9999,spatial_specificity,20.51828384399414,0.5310943126678467,0.049588918685913086
9999,17,9999,spatial_specificity,20.59126091003418,0.5420454740524292,0.04575393721461296
9999,17,9999,spatial_specificity,20.615528106689453,0.5522324442863464,0.04274426028132439
9999,17,9999,spatial_specificity,20.808650970458984,0.5374194979667664,0.047441527247428894
9999,17,9999,spatial_specificity,20.880613327026367,0.5656563639640808,0.04226505383849144
9999,17,9999,spatial_specificity,21.0,0.598849356174469,0.046278998255729675
9999,17,9999,spatial_specificity,21.02379608154297,0.573710560798645,0.040244147181510925
9999,17,9999,spatial_specificity,21.095022201538086,0.5681952238082886,0.04019560292363167
9999,17,9999,spatial_specificity,21.189619064331055,0.5618160963058472,0.04338346794247627
9999,17,9999,spatial_specificity,21.21320343017578,0.5704538822174072,0.041058119386434555
9999,17,9999,spatial_specificity,21.260292053222656,0.5356260538101196,0.04922689124941826
9999,17,9999,spatial_specificity,21.3775577545166,0.5830947756767273,0.043482862412929535
9999,17,9999,spatial_specificity,21.40093421936035,0.5393475294113159,0.04865462705492973
9999,17,9999,spatial_specificity,21.470911026000977,0.5485554933547974,0.04646717384457588
9999,17,9999,spatial_specificity,21.540658950805664,0.5595677495002747,0.045195240527391434
9999,17,9999,spatial_specificity,21.587032318115234,0.5783810019493103,0.04339753836393356
9999,17,9999,spatial_specificity,21.63330841064453,0.5444431304931641,0.0487201102077961
9999,17,9999,spatial_specificity,21.840330123901367,0.575417160987854,0.045210134238004684
9999,17,9999,spatial_specificity,21.931711196899414,0.5503696799278259,0.05010764300823212
9999,17,9999,spatial_specificity,21.954498291015625,0.5511304140090942,0.05026816204190254
9999,17,9999,spatial_specificity,22.0,0.6091699004173279,0.050962723791599274
9999,17,9999,spatial_specificity,22.022714614868164,0.5764121413230896,0.04429461061954498
9999,17,9999,spatial_specificity,22.090721130371094,0.6039919853210449,0.05016595125198364
9999,17,9999,spatial_specificity,22.135944366455078,0.5738109946250916,0.048326101154088974
9999,17,9999,spatial_specificity,22.203603744506836,0.5752848982810974,0.046829041093587875
9999,17,9999,spatial_specificity,22.360679626464844,0.5800150632858276,0.04917488619685173
9999,17,9999,spatial_specificity,22.472204208374023,0.5655025243759155,0.054516274482011795
9999,17,9999,spatial_specificity,22.56102752685547,0.5955479145050049,0.051770154386758804
9999,17,9999,spatial_specificity,22.627416610717773,0.5534849762916565,0.06007493659853935
9999,17,9999,spatial_specificity,22.671567916870117,0.5548989176750183,0.06043790280818939
9999,17,9999,spatial_specificity,22.803508758544922,0.5764504671096802,0.05722430348396301
9999,17,9999,spatial_specificity,22.825424194335938,0.5681065917015076,0.060781076550483704
9999,17,9999,spatial_specificity,22.847320556640625,0.5773473381996155,0.06008819118142128
9999,17,9999,spatial_specificity,23.0,0.6289349794387817,0.061600036919116974
9999,17,9999,spatial_specificity,23.021728515625,0.5972918272018433,0.05719595029950142
9999,17,9999,spatial_specificity,23.086793899536133,0.610619068145752,0.06023753061890602
9999,17,9999,spatial_specificity,23.194828033447266,0.6243149042129517,0.06360497325658798
9999,17,9999,spatial_specificity,23.25940704345703,0.5836266279220581,0.06816693395376205
9999,17,9999,spatial_specificity,23.323808670043945,0.5768754482269287,0.0707792267203331
9999,17,9999,spatial_specificity,23.345233917236328,0.5978291630744934,0.06502138078212738
9999,17,9999,spatial_specificity,23.409400939941406,0.5975396037101746,0.07009828090667725
9999,17,9999,spatial_specificity,23.430747985839844,0.5753414034843445,0.07308819890022278
9999,17,9999,spatial_specificity,23.53720474243164,0.6215461492538452,0.0709926038980484
9999,17,9999,spatial_specificity,23.600847244262695,0.5804191827774048,0.0762404277920723
9999,17,9999,spatial_specificity,23.706539154052734,0.5920051336288452,0.0784674733877182
9999,17,9999,spatial_specificity,23.769729614257812,0.6122463941574097,0.0768718421459198
9999,17,9999,spatial_specificity,23.853721618652344,0.589642345905304,0.08139652013778687
9999,17,9999,spatial_specificity,24.0,0.6588603258132935,0.0754145160317421
9999,17,9999,spatial_specificity,24.020824432373047,0.6574718356132507,0.07587333768606186
9999,17,9999,spatial_specificity,24.0416316986084,0.6141831278800964,0.08259907364845276
9999,17,9999,spatial_specificity,24.083189010620117,0.6273989081382751,0.07718901336193085
9999,17,9999,spatial_specificity,24.166091918945312,0.6104549765586853,0.0869351327419281
9999,17,9999,spatial_specificity,24.1867733001709,0.6286509037017822,0.08031483739614487
9999,17,9999,spatial_specificity,24.207435607910156,0.6022716760635376,0.09055140614509583
9999,17,9999,spatial_specificity,24.3310489654541,0.6531906723976135,0.08241018652915955
9999,17,9999,spatial_specificity,24.351591110229492,0.6270235180854797,0.08810074627399445
9999,17,9999,spatial_specificity,24.413110733032227,0.6084627509117126,0.0940621942281723
9999,17,9999,spatial_specificity,24.515300750732422,0.6526868343353271,0.08631369471549988
9999,17,9999,spatial_specificity,24.59674835205078,0.6202117204666138,0.09447066485881805
9999,17,9999,spatial_specificity,24.698179244995117,0.6260504722595215,0.09598913043737411
9999,17,9999,spatial_specificity,24.73863410949707,0.652816116809845,0.09045270085334778
9999,17,9999,spatial_specificity,24.75883674621582,0.6254206895828247,0.10536391288042068
9999,17,9999,spatial_specificity,24.83948516845703,0.6276358366012573,0.10705205053091049
9999,17,9999,spatial_specificity,25.0,0.653657078742981,0.09613100439310074
9999,17,9999,spatial_specificity,25.01999282836914,0.6923565864562988,0.09119924157857895
9999,17,9999,spatial_specificity,25.05992889404297,0.6347034573554993,0.10362295061349869
9999,17,9999,spatial_specificity,25.079872131347656,0.6669176816940308,0.09309742599725723
9999,17,9999,spatial_specificity,25.179357528686523,0.6916100978851318,0.09433593600988388
9999,17,9999,spatial_specificity,25.238859176635742,0.6413142681121826,0.11165075749158859
9999,17,9999,spatial_specificity,25.298221588134766,0.6624141931533813,0.101497583091259
9999,17,9999,spatial_specificity,25.317977905273438,0.6905627250671387,0.09746556729078293
9999,17,9999,spatial_specificity,25.455842971801758,0.6521121263504028,0.12151149660348892
9999,17,9999,spatial_specificity,25.495098114013672,0.6655540466308594,0.10720816254615784
9999,17,9999,spatial_specificity,25.553865432739258,0.6547697186470032,0.11523044854402542
9999,17,9999,spatial_specificity,25.612497329711914,0.6588667035102844,0.12294928729534149
9999,17,9999,spatial_specificity,25.63201141357422,0.671540379524231,0.10823803395032883
9999,17,9999,spatial_specificity,25.709918975830078,0.6936693787574768,0.10407920926809311
9999,17,9999,spatial_specificity,25.806976318359375,0.6673408150672913,0.12461540848016739
9999,17,9999,spatial_specificity,25.942243576049805,0.6737774014472961,0.12017511576414108
9999,17,9999,spatial_specificity,25.961509704589844,0.6998530626296997,0.1080789640545845
9999,17,9999,spatial_specificity,26.0,0.6993522644042969,0.1065240353345871
9999,17,9999,spatial_specificity,26.019224166870117,0.7314971685409546,0.09705904126167297
9999,17,9999,spatial_specificity,26.076810836791992,0.7045551538467407,0.10775727033615112
9999,17,9999,spatial_specificity,26.172504425048828,0.7052942514419556,0.11089973151683807
9999,17,9999,spatial_specificity,26.248809814453125,0.6955874562263489,0.11903733760118484
9999,17,9999,spatial_specificity,26.305892944335938,0.7354781031608582,0.10389266163110733
9999,17,9999,spatial_specificity,26.400758743286133,0.6967452764511108,0.12711896002292633
9999,17,9999,spatial_specificity,26.419689178466797,0.6972401142120361,0.12956276535987854
9999,17,9999,spatial_specificity,26.476404190063477,0.7393405437469482,0.10574904829263687
9999,17,9999,spatial_specificity,26.570661544799805,0.718437671661377,0.11614381521940231
9999,17,9999,spatial_specificity,26.62705421447754,0.7065331339836121,0.13267719745635986
9999,17,9999,spatial_specificity,26.68332862854004,0.7442130446434021,0.10703207552433014
9999,17,9999,spatial_specificity,26.832815170288086,0.7215899229049683,0.12883980572223663
9999,17,9999,spatial_specificity,26.870058059692383,0.7154259085655212,0.13462932407855988
9999,17,9999,spatial_specificity,26.90724754333496,0.7163835763931274,0.1336631178855896
9999,17,9999,spatial_specificity,26.925825119018555,0.7356377840042114,0.11913652718067169
9999,17,9999,spatial_specificity,27.0,0.775344729423523,0.09180842339992523
9999,17,9999,spatial_specificity,27.018512725830078,0.7489582300186157,0.10806075483560562
9999,17,9999,spatial_specificity,27.073972702026367,0.7741069197654724,0.09433428198099136
9999,17,9999,spatial_specificity,27.166154861450195,0.7745504379272461,0.0950932502746582
9999,17,9999,spatial_specificity,27.202939987182617,0.7466678619384766,0.11975488811731339
9999,17,9999,spatial_specificity,27.294689178466797,0.7646281123161316,0.11128908395767212
9999,17,9999,spatial_specificity,27.312999725341797,0.7524416446685791,0.12352614104747772
9999,17,9999,spatial_specificity,27.459060668945312,0.7611019015312195,0.10954050719738007
9999,17,9999,spatial_specificity,27.51363182067871,0.7667527794837952,0.11098495125770569
9999,17,9999,spatial_specificity,27.58622932434082,0.7351989150047302,0.127249613404274
9999,17,9999,spatial_specificity,27.658634185791016,0.7667787075042725,0.11025194823741913
9999,17,9999,spatial_specificity,27.730850219726562,0.7671831250190735,0.12243030965328217
9999,17,9999,spatial_specificity,27.784889221191406,0.7654403448104858,0.1257079392671585
9999,17,9999,spatial_specificity,27.80287742614746,0.7594574093818665,0.12735414505004883
9999,17,9999,spatial_specificity,27.856775283813477,0.783470630645752,0.11416271328926086
9999,17,9999,spatial_specificity,27.89265251159668,0.8007943630218506,0.10013832151889801
9999,17,9999,spatial_specificity,28.0,0.837985098361969,0.08079756051301956
9999,17,9999,spatial_specificity,28.017852783203125,0.8021664619445801,0.09958122670650482
9999,17,9999,spatial_specificity,28.07133674621582,0.8368458151817322,0.08232413232326508
9999,17,9999,spatial_specificity,28.160255432128906,0.8242185711860657,0.09014217555522919
9999,17,9999,spatial_specificity,28.17800521850586,0.7914891242980957,0.11996149271726608
9999,17,9999,spatial_specificity,28.231189727783203,0.8025492429733276,0.11393130570650101
9999,17,9999,spatial_specificity,28.284271240234375,0.818543016910553,0.09376690536737442
9999,17,9999,spatial_specificity,28.301944732666016,0.7934969067573547,0.1218314841389656
9999,17,9999,spatial_specificity,28.319604873657227,0.7756175994873047,0.12450110912322998
9999,17,9999,spatial_specificity,28.42534065246582,0.7852609753608704,0.12472836673259735
9999,17,9999,spatial_specificity,28.44292640686035,0.8435038328170776,0.08357556164264679
9999,17,9999,spatial_specificity,28.460498809814453,0.8217190504074097,0.10060353577136993
9999,17,9999,spatial_specificity,28.60070037841797,0.7986239790916443,0.12278149276971817
9999,17,9999,spatial_specificity,28.635643005371094,0.8321821689605713,0.09625657647848129
9999,17,9999,spatial_specificity,28.65309715270996,0.8107683658599854,0.1158122718334198
9999,17,9999,spatial_specificity,28.792360305786133,0.8354088664054871,0.09642411768436432
9999,17,9999,spatial_specificity,28.844409942626953,0.8088914155960083,0.11931410431861877
9999,17,9999,spatial_specificity,28.861740112304688,0.8546393513679504,0.08111675083637238
9999,17,9999,spatial_specificity,29.0,0.8338150978088379,0.09949877858161926
9999,17,9999,spatial_specificity,29.017236709594727,0.8850532174110413,0.06571894139051437
9999,17,9999,spatial_specificity,29.068883895874023,0.8421531915664673,0.09418278187513351
9999,17,9999,spatial_specificity,29.120439529418945,0.8621097207069397,0.07713392376899719
9999,17,9999,spatial_specificity,29.15475845336914,0.8557734489440918,0.08653546869754791
9999,17,9999,spatial_specificity,29.20616340637207,0.8246188759803772,0.11296968162059784
9999,17,9999,spatial_specificity,29.27456283569336,0.8862436413764954,0.05794777348637581
9999,17,9999,spatial_specificity,29.4108829498291,0.8549293875694275,0.08952872455120087
9999,17,9999,spatial_specificity,29.42787742614746,0.8889948129653931,0.05569354444742203
9999,17,9999,spatial_specificity,29.529645919799805,0.8427110910415649,0.09864775091409683
9999,17,9999,spatial_specificity,29.546573638916016,0.8553147315979004,0.08860805630683899
9999,17,9999,spatial_specificity,29.614185333251953,0.8900816440582275,0.05348897725343704
9999,17,9999,spatial_specificity,29.681644439697266,0.8506131172180176,0.0995168685913086
9999,17,9999,spatial_specificity,29.698484420776367,0.834416925907135,0.10637196153402328
9999,17,9999,spatial_specificity,29.73213768005371,0.85359787940979,0.08655381947755814
9999,17,9999,spatial_specificity,29.832868576049805,0.8635360598564148,0.07849983125925064
9999,17,9999,spatial_specificity,29.96664810180664,0.8562814593315125,0.08269590884447098
9999,17,9999,spatial_specificity,30.0,0.868908703327179,0.08309663087129593
9999,17,9999,spatial_specificity,30.01666259765625,0.8786068558692932,0.0685398057103157
9999,17,9999,spatial_specificity,30.066593170166016,0.9124478697776794,0.03041110932826996
9999,17,9999,spatial_specificity,30.08321762084961,0.8755836486816406,0.05951662361621857
9999,17,9999,spatial_specificity,30.149627685546875,0.910082221031189,0.030319925397634506
9999,17,9999,spatial_specificity,30.232433319091797,0.8552623391151428,0.09150514006614685
9999,17,9999,spatial_specificity,30.265491485595703,0.9073166251182556,0.030229177325963974
9999,17,9999,spatial_specificity,30.36445426940918,0.8814329504966736,0.05181853100657463
9999,17,9999,spatial_specificity,30.4138126373291,0.8705610632896423,0.07558802515268326
9999,17,9999,spatial_specificity,30.463092803955078,0.8721606135368347,0.06761595606803894
9999,17,9999,spatial_specificity,30.479501724243164,0.8553116321563721,0.08993682265281677
9999,17,9999,spatial_specificity,30.528675079345703,0.859143078327179,0.08473172783851624
9999,17,9999,spatial_specificity,30.594118118286133,0.9078029990196228,0.030515853315591812
9999,17,9999,spatial_specificity,30.610454559326172,0.8620702028274536,0.08667493611574173
9999,17,9999,spatial_specificity,30.675724029541016,0.8854420781135559,0.05464347079396248
9999,17,9999,spatial_specificity,30.805843353271484,0.8807143568992615,0.06748170405626297
9999,17,9999,spatial_specificity,30.870698928833008,0.8803514838218689,0.0691860169172287
9999,17,9999,spatial_specificity,30.886890411376953,0.8737859129905701,0.07733867317438126
9999,17,9999,spatial_specificity,31.0,0.9395373463630676,0.007938094437122345
9999,17,9999,spatial_specificity,31.016124725341797,0.9028461575508118,0.04067566618323326
9999,17,9999,spatial_specificity,31.048349380493164,0.9077973961830139,0.03484794870018959
9999,17,9999,spatial_specificity,31.064449310302734,0.8896527290344238,0.06764401495456696
9999,17,9999,spatial_specificity,31.11269760131836,0.8663448095321655,0.08755838125944138
9999,17,9999,spatial_specificity,31.14482307434082,0.8838368058204651,0.07341807335615158
9999,17,9999,spatial_specificity,31.240999221801758,0.8711467981338501,0.08265123516321182
9999,17,9999,spatial_specificity,31.256999969482422,0.9284301996231079,0.01292829867452383
9999,17,9999,spatial_specificity,31.30495262145996,0.8793689012527466,0.06918370723724365
9999,17,9999,spatial_specificity,31.320920944213867,0.9040164947509766,0.03760295361280441
9999,17,9999,spatial_specificity,31.384708404541016,0.8847618699073792,0.06565950810909271
9999,17,9999,spatial_specificity,31.400636672973633,0.8874826431274414,0.06808442622423172
9999,17,9999,spatial_specificity,31.575305938720703,0.9166608452796936,0.018599607050418854
9999,17,9999,spatial_specificity,31.62277603149414,0.8827446699142456,0.06336323916912079
9999,17,9999,spatial_specificity,31.764760971069336,0.8804398775100708,0.06699642539024353
9999,17,9999,spatial_specificity,31.780498504638672,0.8882083892822266,0.050051163882017136
9999,17,9999,spatial_specificity,31.827659606933594,0.8580663204193115,0.08092451840639114
9999,17,9999,spatial_specificity,31.890438079833984,0.8620783090591431,0.07985434681177139
9999,17,9999,spatial_specificity,31.906112670898438,0.8806927800178528,0.07412219792604446
9999,17,9999,spatial_specificity,31.95309066772461,0.8908635377883911,0.04613609239459038
9999,17,9999,spatial_specificity,32.015621185302734,0.8718101978302002,0.06582428514957428
9999,17,9999,spatial_specificity,32.202484130859375,0.8805621266365051,0.06682369112968445
9999,17,9999,spatial_specificity,32.24903106689453,0.8860672116279602,0.06664185971021652
9999,17,9999,spatial_specificity,32.280025482177734,0.9058794975280762,0.03146814927458763
9999,17,9999,spatial_specificity,32.31098937988281,0.8928946256637573,0.051757726818323135
9999,17,9999,spatial_specificity,32.4499626159668,0.8703723549842834,0.06483045220375061
9999,17,9999,spatial_specificity,32.526912689208984,0.8530739545822144,0.08268257975578308
9999,17,9999,spatial_specificity,32.557640075683594,0.8557645678520203,0.08092065155506134
9999,17,9999,spatial_specificity,32.572994232177734,0.9043822288513184,0.03466145321726799
9999,17,9999,spatial_specificity,32.649654388427734,0.8630079030990601,0.06094759702682495
9999,17,9999,spatial_specificity,32.69556427001953,0.8690193295478821,0.056488845497369766
9999,17,9999,spatial_specificity,32.75667953491211,0.8760865330696106,0.06766130775213242
9999,17,9999,spatial_specificity,32.80244064331055,0.8651676177978516,0.0644693672657013
9999,17,9999,spatial_specificity,32.893768310546875,0.8959236741065979,0.037374284118413925
9999,17,9999,spatial_specificity,33.0151481628418,0.8716686367988586,0.06378070265054703
9999,17,9999,spatial_specificity,33.105892181396484,0.8873542547225952,0.060384601354599
9999,17,9999,spatial_specificity,33.12099075317383,0.880165696144104,0.06526746600866318
9999,17,9999,spatial_specificity,33.241539001464844,0.8549911975860596,0.05663590505719185
9999,17,9999,spatial_specificity,33.2866325378418,0.8532314896583557,0.056610528379678726
9999,17,9999,spatial_specificity,33.30165100097656,0.8526929020881653,0.060966722667217255
9999,17,9999,spatial_specificity,33.42155075073242,0.8569925427436829,0.05651224032044411
9999,17,9999,spatial_specificity,33.541019439697266,0.8654077053070068,0.0450703501701355
9999,17,9999,spatial_specificity,33.60059356689453,0.8556875586509705,0.05696588009595871
9999,17,9999,spatial_specificity,33.615474700927734,0.8667299151420593,0.04512014985084534
9999,17,9999,spatial_specificity,33.83784866333008,0.8628020882606506,0.049636125564575195
9999,17,9999,spatial_specificity,33.941123962402344,0.8609997034072876,0.05186907574534416
9999,17,9999,spatial_specificity,33.97057342529297,0.8592404723167419,0.050726648420095444
9999,17,9999,spatial_specificity,34.0,0.8681082725524902,0.04253429174423218
9999,17,9999,spatial_specificity,34.01470184326172,0.8909292221069336,0.02810840494930744
9999,17,9999,spatial_specificity,34.058773040771484,0.8595109581947327,0.05395202711224556
9999,17,9999,spatial_specificity,34.13209533691406,0.8668479919433594,0.04442403465509415
9999,17,9999,spatial_specificity,34.20526123046875,0.8643336296081543,0.04985734075307846
9999,17,9999,spatial_specificity,34.4093017578125,0.8379961252212524,3.4421696909703314e-05
9999,17,9999,spatial_specificity,34.438350677490234,0.8927523493766785,0.025255590677261353
9999,17,9999,spatial_specificity,34.48188018798828,0.8456181287765503,0.0006828010082244873
9999,17,9999,spatial_specificity,34.65544891357422,0.8317242860794067,0.005170941352844238
9999,17,9999,spatial_specificity,34.66987228393555,0.8437671065330505,0.008386671543121338
9999,17,9999,spatial_specificity,34.71310806274414,0.8339245319366455,0.001962512731552124
9999,17,9999,spatial_specificity,34.828147888183594,0.8396602869033813,0.002735823392868042
9999,17,9999,spatial_specificity,34.885528564453125,0.878068208694458,0.009068161249160767
9999,17,9999,spatial_specificity,34.98571014404297,0.8519532680511475,0.0031453967094421387
9999,17,9999,spatial_specificity,35.0,0.8458645343780518,0.008385777473449707
9999,17,9999,spatial_specificity,35.22782897949219,0.8506598472595215,0.013935744762420654
9999,17,9999,spatial_specificity,35.35533905029297,0.8522084951400757,0.010270267724990845
9999,17,9999,spatial_specificity,35.38361358642578,0.8439363241195679,0.008990615606307983
9999,17,9999,spatial_specificity,35.46829605102539,0.8475431799888611,0.01137232780456543
9999,17,9999,spatial_specificity,35.510562896728516,0.8587411642074585,0.007166147232055664
9999,17,9999,spatial_specificity,35.60898971557617,0.8512271046638489,0.014053642749786377
9999,17,9999,spatial_specificity,35.80502700805664,0.8546743392944336,0.016737550497055054
9999,17,9999,spatial_specificity,35.84689712524414,0.8846889734268188,0.010016143321990967
9999,17,9999,spatial_specificity,36.055511474609375,0.8642115592956543,0.008066147565841675
9999,17,9999,spatial_specificity,36.06937789916992,0.8539103865623474,0.017176926136016846
9999,17,9999,spatial_specificity,36.12478256225586,0.853769063949585,0.018235236406326294
9999,17,9999,spatial_specificity,36.2353401184082,0.8556902408599854,0.018802344799041748
9999,17,9999,spatial_specificity,36.359317779541016,0.8911468982696533,0.010856777429580688
9999,17,9999,spatial_specificity,36.400550842285156,0.8579267263412476,0.018571317195892334
9999,17,9999,spatial_specificity,36.619667053222656,0.867786169052124,0.00668063759803772
9999,17,9999,spatial_specificity,36.769554138183594,0.8611200451850891,0.022174537181854248
9999,17,9999,spatial_specificity,36.79673767089844,0.8607391119003296,0.02144142985343933
9999,17,9999,spatial_specificity,36.878177642822266,0.8602241277694702,0.021567970514297485
9999,17,9999,spatial_specificity,36.8917350769043,0.8987663984298706,0.0052724480628967285
9999,17,9999,spatial_specificity,37.013511657714844,0.8602246046066284,0.018991827964782715
9999,17,9999,spatial_specificity,37.202152252197266,0.8721342086791992,0.003982335329055786
9999,17,9999,spatial_specificity,37.44329071044922,0.9033406972885132,0.0016832053661346436
9999,17,9999,spatial_specificity,37.48332977294922,0.8649494647979736,0.022786766290664673
9999,17,9999,spatial_specificity,37.53664779663086,0.8649966716766357,0.02067321538925171
9999,17,9999,spatial_specificity,37.643062591552734,0.8630021810531616,0.017343729734420776
9999,17,9999,spatial_specificity,37.80211639404297,0.8757947683334351,0.001299440860748291
9999,17,9999,spatial_specificity,38.01315689086914,0.9110668897628784,0.006952553987503052
9999,17,9999,spatial_specificity,38.18376541137695,0.8690922856330872,0.019935309886932373
9999,17,9999,spatial_specificity,38.20994567871094,0.8683091402053833,0.018975287675857544
9999,17,9999,spatial_specificity,38.28837966918945,0.8685266971588135,0.014677077531814575
9999,17,9999,spatial_specificity,38.41874694824219,0.8798555135726929,0.0016620755195617676
9999,17,9999,spatial_specificity,38.60051727294922,0.9122977256774902,0.0065228939056396484
9999,17,9999,spatial_specificity,38.897300720214844,0.8733569383621216,0.015259802341461182
9999,17,9999,spatial_specificity,38.94868469238281,0.8728331327438354,0.013183444738388062
9999,17,9999,spatial_specificity,39.051246643066406,0.886741578578949,0.00451427698135376
9999,17,9999,spatial_specificity,39.20458984375,0.9174243211746216,0.010187745094299316
9999,17,9999,spatial_specificity,39.59798049926758,0.8788013458251953,0.010455876588821411
9999,17,9999,spatial_specificity,39.623226165771484,0.8794364929199219,0.008785903453826904
9999,17,9999,spatial_specificity,39.69886779785156,0.8913823962211609,0.004336833953857422
9999,17,9999,spatial_specificity,39.824615478515625,0.9134661555290222,0.004325687885284424
9999,17,9999,spatial_specificity,40.31128692626953,0.8846977949142456,0.003750711679458618
9999,17,9999,spatial_specificity,40.360870361328125,0.8970474004745483,0.007703691720962524
9999,17,9999,spatial_specificity,40.45985794067383,0.9014459252357483,0.0
9999,17,9999,spatial_specificity,41.01219177246094,0.8913247585296631,0.0028147995471954346
9999,17,9999,spatial_specificity,41.03656768798828,0.8997980356216431,0.010552972555160522
9999,17,9999,spatial_specificity,41.1096076965332,0.90362149477005,0.0
9999,17,9999,spatial_specificity,41.72529220581055,0.901778519153595,0.011256098747253418
9999,17,9999,spatial_specificity,41.773197174072266,0.9069535732269287,0.0
9999,17,9999,spatial_specificity,42.42640686035156,0.9044874310493469,0.0036267638206481934
9999,17,9999,spatial_specificity,42.44997024536133,0.908390998840332,0.0
9999,17,9999,spatial_specificity,43.13930892944336,0.9229173064231873,0.0
10499,18,10499,cls_effective_rank,,16.05865478515625,1.1039179563522339
10499,18,10499,patch_effective_rank,,88.84101867675781,14.285472869873047
10499,18,10499,mean_off_diagonal_similarity,,0.5995358228683472,0.03506609797477722
10499,18,10499,spatial_specificity_correlation,,-0.1547270119190216,0.06665259599685669
10499,18,10499,spatial_specificity,1.0,0.9367908239364624,0.00644309725612402
10499,18,10499,spatial_specificity,1.4142135381698608,0.9028347134590149,0.009693502448499203
10499,18,10499,spatial_specificity,2.0,0.8584181070327759,0.014955601654946804
10499,18,10499,spatial_specificity,2.2360680103302,0.8393190503120422,0.015962110832333565
10499,18,10499,spatial_specificity,2.8284270763397217,0.7977631092071533,0.018494121730327606
10499,18,10499,spatial_specificity,3.0,0.7891315817832947,0.020111583173274994
10499,18,10499,spatial_specificity,3.1622776985168457,0.7786545753479004,0.0198348555713892
10499,18,10499,spatial_specificity,3.605551242828369,0.7537498474121094,0.020332597196102142
10499,18,10499,spatial_specificity,4.0,0.7357969284057617,0.023007264360785484
10499,18,10499,spatial_specificity,4.123105525970459,0.7295082807540894,0.022683119401335716
10499,18,10499,spatial_specificity,4.242640495300293,0.722641110420227,0.02128405123949051
10499,18,10499,spatial_specificity,4.4721360206604,0.7141340970993042,0.02260899357497692
10499,18,10499,spatial_specificity,5.0,0.6926373839378357,0.023910701274871826
10499,18,10499,spatial_specificity,5.099019527435303,0.6909840703010559,0.02504877559840679
10499,18,10499,spatial_specificity,5.385164737701416,0.6799406409263611,0.0256937425583601
10499,18,10499,spatial_specificity,5.656854152679443,0.6657846570014954,0.026188548654317856
10499,18,10499,spatial_specificity,5.830952167510986,0.662133514881134,0.027306482195854187
10499,18,10499,spatial_specificity,6.0,0.6640565991401672,0.027368219569325447
10499,18,10499,spatial_specificity,6.082762241363525,0.6602886915206909,0.027476871386170387
10499,18,10499,spatial_specificity,6.324555397033691,0.6513360738754272,0.02876604162156582
10499,18,10499,spatial_specificity,6.4031243324279785,0.6409116387367249,0.0300530306994915
10499,18,10499,spatial_specificity,6.7082037925720215,0.6367745399475098,0.031069720163941383
10499,18,10499,spatial_specificity,7.0,0.6396287679672241,0.029390973970294
10499,18,10499,spatial_specificity,7.071067810058594,0.6308423280715942,0.03065195493400097
10499,18,10499,spatial_specificity,7.211102485656738,0.6188694834709167,0.03414960205554962
10499,18,10499,spatial_specificity,7.280109882354736,0.6284276843070984,0.03143414109945297
10499,18,10499,spatial_specificity,7.6157732009887695,0.6158518195152283,0.03421942889690399
10499,18,10499,spatial_specificity,7.8102498054504395,0.6008073091506958,0.03762839734554291
10499,18,10499,spatial_specificity,8.0,0.621399462223053,0.03130229189991951
10499,18,10499,spatial_specificity,8.062257766723633,0.6093061566352844,0.03437681496143341
10499,18,10499,spatial_specificity,8.246211051940918,0.6104671955108643,0.03371170163154602
10499,18,10499,spatial_specificity,8.485280990600586,0.584536612033844,0.04137856513261795
10499,18,10499,spatial_specificity,8.5440034866333,0.5992698669433594,0.036781758069992065
10499,18,10499,spatial_specificity,8.602325439453125,0.5848627090454102,0.04132666811347008
10499,18,10499,spatial_specificity,8.9442720413208,0.585907518863678,0.040403224527835846
10499,18,10499,spatial_specificity,9.0,0.60840904712677,0.03270335495471954
10499,18,10499,spatial_specificity,9.05538558959961,0.6048545837402344,0.03351180627942085
10499,18,10499,spatial_specificity,9.219544410705566,0.5842441916465759,0.04020952433347702
10499,18,10499,spatial_specificity,9.433980941772461,0.5722507834434509,0.044471338391304016
10499,18,10499,spatial_specificity,9.486832618713379,0.5872595310211182,0.03890666365623474
10499,18,10499,spatial_specificity,9.848857879638672,0.5752589106559753,0.04284810647368431
10499,18,10499,spatial_specificity,9.899495124816895,0.5590718388557434,0.04957148805260658
10499,18,10499,spatial_specificity,10.0,0.5734845399856567,0.042940571904182434
10499,18,10499,spatial_specificity,10.049875259399414,0.5959096550941467,0.03495175018906593
10499,18,10499,spatial_specificity,10.198039054870605,0.5886257290840149,0.03742170333862305
10499,18,10499,spatial_specificity,10.29563045501709,0.5633453726768494,0.04718056321144104
10499,18,10499,spatial_specificity,10.440306663513184,0.5790508389472961,0.04077694192528725
10499,18,10499,spatial_specificity,10.630146026611328,0.5500278472900391,0.05340421572327614
10499,18,10499,spatial_specificity,10.770329475402832,0.5679830312728882,0.04506399482488632
10499,18,10499,spatial_specificity,10.816654205322266,0.5526604056358337,0.05170955881476402
10499,18,10499,spatial_specificity,11.0,0.5937612056732178,0.03509369492530823
10499,18,10499,spatial_specificity,11.045360565185547,0.5903815031051636,0.03624944016337395
10499,18,10499,spatial_specificity,11.180339813232422,0.5704057812690735,0.04387027397751808
10499,18,10499,spatial_specificity,11.313708305358887,0.5419477224349976,0.05745657533407211
10499,18,10499,spatial_specificity,11.401754379272461,0.5590683817863464,0.048965711146593094
10499,18,10499,spatial_specificity,11.661904335021973,0.5474669337272644,0.05409392714500427
10499,18,10499,spatial_specificity,11.704700469970703,0.563809335231781,0.04663269966840744
10499,18,10499,spatial_specificity,12.0,0.5912135243415833,0.03625679016113281
10499,18,10499,spatial_specificity,12.041594505310059,0.5625535249710083,0.047501903027296066
10499,18,10499,spatial_specificity,12.083045959472656,0.5534031391143799,0.051396824419498444
10499,18,10499,spatial_specificity,12.16552448272705,0.5810364484786987,0.04031584784388542
10499,18,10499,spatial_specificity,12.206555366516113,0.5392877459526062,0.05827239528298378
10499,18,10499,spatial_specificity,12.369317054748535,0.5721399188041687,0.04372598975896835
10499,18,10499,spatial_specificity,12.529964447021484,0.5441579818725586,0.05607194826006889
10499,18,10499,spatial_specificity,12.649110794067383,0.5620542764663696,0.04783060774207115
10499,18,10499,spatial_specificity,12.727921485900879,0.5308667421340942,0.06268162280321121
10499,18,10499,spatial_specificity,12.806248664855957,0.532467246055603,0.06160243600606918
10499,18,10499,spatial_specificity,13.0,0.5653102397918701,0.04648447781801224
10499,18,10499,spatial_specificity,13.038405418395996,0.5627759695053101,0.04797496646642685
10499,18,10499,spatial_specificity,13.152946472167969,0.5810803174972534,0.04153567552566528
10499,18,10499,spatial_specificity,13.34166431427002,0.5722736120223999,0.04474359378218651
10499,18,10499,spatial_specificity,13.416407585144043,0.5429003238677979,0.056688908487558365
10499,18,10499,spatial_specificity,13.45362377166748,0.5272096395492554,0.06382682174444199
10499,18,10499,spatial_specificity,13.601469993591309,0.5464081168174744,0.05511324107646942
10499,18,10499,spatial_specificity,13.892444610595703,0.5352440476417542,0.06016707047820091
10499,18,10499,spatial_specificity,13.928387641906738,0.5523666143417358,0.05271374434232712
10499,18,10499,spatial_specificity,14.0,0.5924568176269531,0.039206795394420624
10499,18,10499,spatial_specificity,14.03566837310791,0.5893653035163879,0.040187470614910126
10499,18,10499,spatial_specificity,14.142135620117188,0.5632768869400024,0.0483698807656765
10499,18,10499,spatial_specificity,14.21267032623291,0.5249251127243042,0.0643969476222992
10499,18,10499,spatial_specificity,14.317821502685547,0.5586211681365967,0.050558559596538544
10499,18,10499,spatial_specificity,14.422204971313477,0.5289581418037415,0.06274387985467911
10499,18,10499,spatial_specificity,14.560219764709473,0.5639532804489136,0.048705846071243286
10499,18,10499,spatial_specificity,14.764822959899902,0.5355625748634338,0.05987162888050079
10499,18,10499,spatial_specificity,14.866068840026855,0.5378371477127075,0.05853667110204697
10499,18,10499,spatial_specificity,15.0,0.5477068424224854,0.053600721061229706
10499,18,10499,spatial_specificity,15.033296585083008,0.5902520418167114,0.040135785937309265
10499,18,10499,spatial_specificity,15.132745742797852,0.5836014747619629,0.04191436618566513
10499,18,10499,spatial_specificity,15.231546401977539,0.5451733469963074,0.05564010515809059
10499,18,10499,spatial_specificity,15.264337539672852,0.5291472673416138,0.062256645411252975
10499,18,10499,spatial_specificity,15.297059059143066,0.5747938752174377,0.044646769762039185
10499,18,10499,spatial_specificity,15.524174690246582,0.5653442144393921,0.04775276780128479
10499,18,10499,spatial_specificity,15.55634880065918,0.5189273953437805,0.06531952321529388
10499,18,10499,spatial_specificity,15.620499610900879,0.5201171636581421,0.06499224156141281
10499,18,10499,spatial_specificity,15.65247631072998,0.5371500849723816,0.05858604982495308
10499,18,10499,spatial_specificity,15.81138801574707,0.5398851037025452,0.05691209062933922
10499,18,10499,spatial_specificity,16.0,0.5922624468803406,0.03868147358298302
10499,18,10499,spatial_specificity,16.031219482421875,0.5895455479621887,0.03923233225941658
10499,18,10499,spatial_specificity,16.124515533447266,0.5573805570602417,0.04875342175364494
10499,18,10499,spatial_specificity,16.155494689941406,0.546789288520813,0.05364493653178215
10499,18,10499,spatial_specificity,16.278820037841797,0.5470222234725952,0.052047379314899445
10499,18,10499,spatial_specificity,16.401220321655273,0.5203573107719421,0.06379882991313934
10499,18,10499,spatial_specificity,16.492422103881836,0.5656365156173706,0.04553545266389847
10499,18,10499,spatial_specificity,16.552946090698242,0.5390452146530151,0.055986035615205765
10499,18,10499,spatial_specificity,16.6433162689209,0.5251999497413635,0.061491452157497406
10499,18,10499,spatial_specificity,16.76305389404297,0.5563586950302124,0.04812583699822426
10499,18,10499,spatial_specificity,16.970561981201172,0.5165137648582458,0.06379159539937973
10499,18,10499,spatial_specificity,17.0,0.5524646043777466,0.0476192943751812
10499,18,10499,spatial_specificity,17.029386520385742,0.5537588000297546,0.046699728816747665
10499,18,10499,spatial_specificity,17.0880069732666,0.5476098656654358,0.05059743672609329
10499,18,10499,spatial_specificity,17.11724281311035,0.5822585821151733,0.039215411990880966
10499,18,10499,spatial_specificity,17.20465087890625,0.5213615894317627,0.06128406152129173
10499,18,10499,spatial_specificity,17.262676239013672,0.5746098756790161,0.040897637605667114
10499,18,10499,spatial_specificity,17.464248657226562,0.5531280636787415,0.047129467129707336
10499,18,10499,spatial_specificity,17.492855072021484,0.5269438028335571,0.05766609311103821
10499,18,10499,spatial_specificity,17.69180679321289,0.5163921117782593,0.0619807094335556
10499,18,10499,spatial_specificity,17.72004508972168,0.55672687292099,0.04510059580206871
10499,18,10499,spatial_specificity,17.804494857788086,0.5186426043510437,0.060204312205314636
10499,18,10499,spatial_specificity,17.8885440826416,0.5337491631507874,0.05319296568632126
10499,18,10499,spatial_specificity,18.0,0.5881081819534302,0.03848399221897125
10499,18,10499,spatial_specificity,18.027755737304688,0.5529915690422058,0.044177111238241196
10499,18,10499,spatial_specificity,18.11077117919922,0.5805984139442444,0.03909418731927872
10499,18,10499,spatial_specificity,18.248287200927734,0.5735034942626953,0.04036901146173477
10499,18,10499,spatial_specificity,18.357559204101562,0.528564989566803,0.05326616019010544
10499,18,10499,spatial_specificity,18.384777069091797,0.5330837965011597,0.05178731679916382
10499,18,10499,spatial_specificity,18.439088821411133,0.5417576432228088,0.0476764477789402
10499,18,10499,spatial_specificity,18.601076126098633,0.520149827003479,0.05624916031956673
10499,18,10499,spatial_specificity,18.681541442871094,0.557420551776886,0.04325283691287041
10499,18,10499,spatial_specificity,18.788293838500977,0.53543621301651,0.04907340556383133
10499,18,10499,spatial_specificity,18.867961883544922,0.5247648358345032,0.05283463001251221
10499,18,10499,spatial_specificity,18.973665237426758,0.5498307347297668,0.044842056930065155
10499,18,10499,spatial_specificity,19.0,0.5863593816757202,0.04042750969529152
10499,18,10499,spatial_specificity,19.02629852294922,0.583984375,0.040331341326236725
10499,18,10499,spatial_specificity,19.10497283935547,0.5489371418952942,0.042527180165052414
10499,18,10499,spatial_specificity,19.209373474121094,0.5191717743873596,0.054711710661649704
10499,18,10499,spatial_specificity,19.235383987426758,0.552104651927948,0.04225965589284897
10499,18,10499,spatial_specificity,19.313207626342773,0.5430587530136108,0.04583640396595001
10499,18,10499,spatial_specificity,19.416488647460938,0.544343113899231,0.04409342631697655
10499,18,10499,spatial_specificity,19.646883010864258,0.5584737658500671,0.042868178337812424
10499,18,10499,spatial_specificity,19.697715759277344,0.537958562374115,0.04620342701673508
10499,18,10499,spatial_specificity,19.72308349609375,0.5274292230606079,0.049017127603292465
10499,18,10499,spatial_specificity,19.79899024963379,0.5183560252189636,0.05303744599223137
10499,18,10499,spatial_specificity,19.84943389892578,0.5192185640335083,0.05260159447789192
10499,18,10499,spatial_specificity,19.92485809326172,0.5522921681404114,0.043282605707645416
10499,18,10499,spatial_specificity,20.0,0.5447389483451843,0.04144991189241409
10499,18,10499,spatial_specificity,20.02498435974121,0.5848566889762878,0.043326616287231445
10499,18,10499,spatial_specificity,20.099750518798828,0.5802801847457886,0.04296289011836052
10499,18,10499,spatial_specificity,20.124610900878906,0.5339982509613037,0.04675707966089249
10499,18,10499,spatial_specificity,20.2237491607666,0.5742724537849426,0.04334869608283043
10499,18,10499,spatial_specificity,20.248456954956055,0.5366170406341553,0.04588404670357704
10499,18,10499,spatial_specificity,20.39607810974121,0.5681730508804321,0.043205924332141876
10499,18,10499,spatial_specificity,20.51828384399414,0.5209525227546692,0.05122336000204086
10499,18,10499,spatial_specificity,20.59126091003418,0.5322136878967285,0.04751398786902428
10499,18,10499,spatial_specificity,20.615528106689453,0.5428807139396667,0.04442356526851654
10499,18,10499,spatial_specificity,20.808650970458984,0.5277303457260132,0.04941459372639656
10499,18,10499,spatial_specificity,20.880613327026367,0.5570929050445557,0.044130850583314896
10499,18,10499,spatial_specificity,21.0,0.5917418003082275,0.04861868917942047
10499,18,10499,spatial_specificity,21.02379608154297,0.5656164884567261,0.042576950043439865
10499,18,10499,spatial_specificity,21.095022201538086,0.5599843263626099,0.04259026423096657
10499,18,10499,spatial_specificity,21.189619064331055,0.5534397959709167,0.04544590413570404
10499,18,10499,spatial_specificity,21.21320343017578,0.56251060962677,0.04339851066470146
10499,18,10499,spatial_specificity,21.260292053222656,0.5265815854072571,0.05158146470785141
10499,18,10499,spatial_specificity,21.3775577545166,0.5756868124008179,0.045828502625226974
10499,18,10499,spatial_specificity,21.40093421936035,0.5305884480476379,0.05114128813147545
10499,18,10499,spatial_specificity,21.470911026000977,0.5400611162185669,0.0490579828619957
10499,18,10499,spatial_specificity,21.540658950805664,0.5514948964118958,0.04759436845779419
10499,18,10499,spatial_specificity,21.587032318115234,0.5710338950157166,0.045727428048849106
10499,18,10499,spatial_specificity,21.63330841064453,0.5361379384994507,0.05139882117509842
10499,18,10499,spatial_specificity,21.840330123901367,0.568252444267273,0.047618940472602844
10499,18,10499,spatial_specificity,21.931711196899414,0.5426196455955505,0.05292282626032829
10499,18,10499,spatial_specificity,21.954498291015625,0.543421745300293,0.05323464423418045
10499,18,10499,spatial_specificity,22.0,0.6032508611679077,0.053271159529685974
10499,18,10499,spatial_specificity,22.022714614868164,0.5696016550064087,0.04694425314664841
10499,18,10499,spatial_specificity,22.090721130371094,0.5979806184768677,0.05252574756741524
10499,18,10499,spatial_specificity,22.135944366455078,0.5668553113937378,0.05094681307673454
10499,18,10499,spatial_specificity,22.203603744506836,0.5686255097389221,0.04953334853053093
10499,18,10499,spatial_specificity,22.360679626464844,0.5734966397285461,0.05195225775241852
10499,18,10499,spatial_specificity,22.472204208374023,0.5587614178657532,0.05748308077454567
10499,18,10499,spatial_specificity,22.56102752685547,0.5896125435829163,0.05424058437347412
10499,18,10499,spatial_specificity,22.627416610717773,0.5468595027923584,0.06312340497970581
10499,18,10499,spatial_specificity,22.671567916870117,0.548378586769104,0.06348230689764023
10499,18,10499,spatial_specificity,22.803508758544922,0.5703908205032349,0.06003705412149429
10499,18,10499,spatial_specificity,22.825424194335938,0.5618076324462891,0.06381195783615112
10499,18,10499,spatial_specificity,22.847320556640625,0.5711105465888977,0.063107930123806
10499,18,10499,spatial_specificity,23.0,0.6241481900215149,0.06343889981508255
10499,18,10499,spatial_specificity,23.021728515625,0.5919142961502075,0.059628766030073166
10499,18,10499,spatial_specificity,23.086793899536133,0.6053469777107239,0.06262281537055969
10499,18,10499,spatial_specificity,23.194828033447266,0.6194155812263489,0.0656638890504837
10499,18,10499,spatial_specificity,23.25940704345703,0.5779393911361694,0.07107115536928177
10499,18,10499,spatial_specificity,23.323808670043945,0.5712720155715942,0.07359248399734497
10499,18,10499,spatial_specificity,23.345233917236328,0.5926527976989746,0.06749992817640305
10499,18,10499,spatial_specificity,23.409400939941406,0.5920982360839844,0.07287559658288956
10499,18,10499,spatial_specificity,23.430747985839844,0.5699484944343567,0.07582118362188339
10499,18,10499,spatial_specificity,23.53720474243164,0.6166378259658813,0.07321131229400635
10499,18,10499,spatial_specificity,23.600847244262695,0.5752757787704468,0.0788470208644867
10499,18,10499,spatial_specificity,23.706539154052734,0.5868301391601562,0.0810995101928711
10499,18,10499,spatial_specificity,23.769729614257812,0.6072276830673218,0.07935214787721634
10499,18,10499,spatial_specificity,23.853721618652344,0.5846951007843018,0.08384563028812408
10499,18,10499,spatial_specificity,24.0,0.6548601984977722,0.0771220400929451
10499,18,10499,spatial_specificity,24.020824432373047,0.6534473896026611,0.07752946764230728
10499,18,10499,spatial_specificity,24.0416316986084,0.6094370484352112,0.08489115536212921
10499,18,10499,spatial_specificity,24.083189010620117,0.6230387091636658,0.07908917218446732
10499,18,10499,spatial_specificity,24.166091918945312,0.6056314706802368,0.08931580185890198
10499,18,10499,spatial_specificity,24.1867733001709,0.6241711378097534,0.08227232843637466
10499,18,10499,spatial_specificity,24.207435607910156,0.5977408289909363,0.09271121025085449
10499,18,10499,spatial_specificity,24.3310489654541,0.6488322019577026,0.08423629403114319
10499,18,10499,spatial_specificity,24.351591110229492,0.622363269329071,0.0903521403670311
10499,18,10499,spatial_specificity,24.413110733032227,0.6039669513702393,0.09612105041742325
10499,18,10499,spatial_specificity,24.515300750732422,0.6482728123664856,0.08822808414697647
10499,18,10499,spatial_specificity,24.59674835205078,0.615648627281189,0.09657265990972519
10499,18,10499,spatial_specificity,24.698179244995117,0.6216195225715637,0.09799877554178238
10499,18,10499,spatial_specificity,24.73863410949707,0.6484251022338867,0.0924484059214592
10499,18,10499,spatial_specificity,24.75883674621582,0.6213296055793762,0.10716573894023895
10499,18,10499,spatial_specificity,24.83948516845703,0.62345951795578,0.10884895920753479
10499,18,10499,spatial_specificity,25.0,0.6495077610015869,0.09791277348995209
10499,18,10499,spatial_specificity,25.01999282836914,0.6885159015655518,0.09251873940229416
10499,18,10499,spatial_specificity,25.05992889404297,0.6303826570510864,0.1055154949426651
10499,18,10499,spatial_specificity,25.079872131347656,0.662798285484314,0.0947616696357727
10499,18,10499,spatial_specificity,25.179357528686523,0.6875898241996765,0.09576714038848877
10499,18,10499,spatial_specificity,25.238859176635742,0.6371856927871704,0.11346129328012466
10499,18,10499,spatial_specificity,25.298221588134766,0.6581817865371704,0.10327007621526718
10499,18,10499,spatial_specificity,25.317977905273438,0.6865760087966919,0.09894434362649918
10499,18,10499,spatial_specificity,25.455842971801758,0.648077130317688,0.12325932085514069
10499,18,10499,spatial_specificity,25.495098114013672,0.6615158319473267,0.10894636064767838
10499,18,10499,spatial_specificity,25.553865432739258,0.6506325602531433,0.11701592057943344
10499,18,10499,spatial_specificity,25.612497329711914,0.6548808813095093,0.1247972920536995
10499,18,10499,spatial_specificity,25.63201141357422,0.6674723625183105,0.10983960330486298
10499,18,10499,spatial_specificity,25.709918975830078,0.6898878812789917,0.10558133572340012
10499,18,10499,spatial_specificity,25.806976318359375,0.6633681654930115,0.1263504922389984
10499,18,10499,spatial_specificity,25.942243576049805,0.6697715520858765,0.1217755675315857
10499,18,10499,spatial_specificity,25.961509704589844,0.6961873173713684,0.10945993661880493
10499,18,10499,spatial_specificity,26.0,0.695663571357727,0.10785209387540817
10499,18,10499,spatial_specificity,26.019224166870117,0.7280166745185852,0.09826820343732834
10499,18,10499,spatial_specificity,26.076810836791992,0.700873851776123,0.1091960147023201
10499,18,10499,spatial_specificity,26.172504425048828,0.7016297578811646,0.11248231679201126
10499,18,10499,spatial_specificity,26.248809814453125,0.6919025182723999,0.12054702639579773
10499,18,10499,spatial_specificity,26.305892944335938,0.7323566675186157,0.10526885837316513
10499,18,10499,spatial_specificity,26.400758743286133,0.6930676698684692,0.12860877811908722
10499,18,10499,spatial_specificity,26.419689178466797,0.6936192512512207,0.13105367124080658
10499,18,10499,spatial_specificity,26.476404190063477,0.7364345788955688,0.10710423439741135
10499,18,10499,spatial_specificity,26.570661544799805,0.7152782678604126,0.11737921833992004
10499,18,10499,spatial_specificity,26.62705421447754,0.7028554677963257,0.13431954383850098
10499,18,10499,spatial_specificity,26.68332862854004,0.7416172027587891,0.10843706130981445
10499,18,10499,spatial_specificity,26.832815170288086,0.7185084819793701,0.13024351000785828
10499,18,10499,spatial_specificity,26.870058059692383,0.7118762135505676,0.13645949959754944
10499,18,10499,spatial_specificity,26.90724754333496,0.712836503982544,0.1353803277015686
10499,18,10499,spatial_specificity,26.925825119018555,0.7327669262886047,0.12050403654575348
10499,18,10499,spatial_specificity,27.0,0.7722741365432739,0.09272902458906174
10499,18,10499,spatial_specificity,27.018512725830078,0.7457703351974487,0.10941613465547562
10499,18,10499,spatial_specificity,27.073972702026367,0.7712022662162781,0.09522727131843567
10499,18,10499,spatial_specificity,27.166154861450195,0.7718558311462402,0.09606123715639114
10499,18,10499,spatial_specificity,27.202939987182617,0.7439322471618652,0.1212078109383583
10499,18,10499,spatial_specificity,27.294689178466797,0.7621466517448425,0.1126447468996048
10499,18,10499,spatial_specificity,27.312999725341797,0.7500634789466858,0.12507975101470947
10499,18,10499,spatial_specificity,27.459060668945312,0.7583683729171753,0.1105324849486351
10499,18,10499,spatial_specificity,27.51363182067871,0.7644060850143433,0.1119854673743248
10499,18,10499,spatial_specificity,27.58622932434082,0.7317924499511719,0.12825383245944977
10499,18,10499,spatial_specificity,27.658634185791016,0.7640792727470398,0.11113421618938446
10499,18,10499,spatial_specificity,27.730850219726562,0.7646336555480957,0.12361516803503036
10499,18,10499,spatial_specificity,27.784889221191406,0.762836754322052,0.12701936066150665
10499,18,10499,spatial_specificity,27.80287742614746,0.7563661932945251,0.12836547195911407
10499,18,10499,spatial_specificity,27.856775283813477,0.7812125086784363,0.11527601629495621
10499,18,10499,spatial_specificity,27.89265251159668,0.7991144061088562,0.10108233243227005
10499,18,10499,spatial_specificity,28.0,0.8362288475036621,0.08162850141525269
10499,18,10499,spatial_specificity,28.017852783203125,0.7999745607376099,0.10055137425661087
10499,18,10499,spatial_specificity,28.07133674621582,0.8354981541633606,0.08325830847024918
10499,18,10499,spatial_specificity,28.160255432128906,0.822771430015564,0.09100762754678726
10499,18,10499,spatial_specificity,28.17800521850586,0.7894206643104553,0.12137402594089508
10499,18,10499,spatial_specificity,28.231189727783203,0.8005118370056152,0.11514140665531158
10499,18,10499,spatial_specificity,28.284271240234375,0.8169448971748352,0.09459172189235687
10499,18,10499,spatial_specificity,28.301944732666016,0.7915783524513245,0.12330486625432968
10499,18,10499,spatial_specificity,28.319604873657227,0.7725870013237,0.12504678964614868
10499,18,10499,spatial_specificity,28.42534065246582,0.7824368476867676,0.1254378706216812
10499,18,10499,spatial_specificity,28.44292640686035,0.8425926566123962,0.08421012759208679
10499,18,10499,spatial_specificity,28.460498809814453,0.8199307918548584,0.10146638005971909
10499,18,10499,spatial_specificity,28.60070037841797,0.7962127923965454,0.12364429235458374
10499,18,10499,spatial_specificity,28.635643005371094,0.8308995366096497,0.09734605252742767
10499,18,10499,spatial_specificity,28.65309715270996,0.8090882897377014,0.11716794222593307
10499,18,10499,spatial_specificity,28.792360305786133,0.8340324759483337,0.09745509922504425
10499,18,10499,spatial_specificity,28.844409942626953,0.8064353466033936,0.1200164183974266
10499,18,10499,spatial_specificity,28.861740112304688,0.8538286685943604,0.08189092576503754
10499,18,10499,spatial_specificity,29.0,0.8319510221481323,0.09996533393859863
10499,18,10499,spatial_specificity,29.017236709594727,0.8849382400512695,0.06613554060459137
10499,18,10499,spatial_specificity,29.068883895874023,0.8406532406806946,0.09488356113433838
10499,18,10499,spatial_specificity,29.120439529418945,0.8613842129707336,0.07795796543359756
10499,18,10499,spatial_specificity,29.15475845336914,0.8549149036407471,0.08760285377502441
10499,18,10499,spatial_specificity,29.20616340637207,0.8221112489700317,0.11300309002399445
10499,18,10499,spatial_specificity,29.27456283569336,0.8862298130989075,0.0586710125207901
10499,18,10499,spatial_specificity,29.4108829498291,0.8536294102668762,0.09023116528987885
10499,18,10499,spatial_specificity,29.42787742614746,0.8888799548149109,0.05642220005393028
10499,18,10499,spatial_specificity,29.529645919799805,0.8407573103904724,0.0992913618683815
10499,18,10499,spatial_specificity,29.546573638916016,0.8540934324264526,0.08960120379924774
10499,18,10499,spatial_specificity,29.614185333251953,0.8896892070770264,0.054221343249082565
10499,18,10499,spatial_specificity,29.681644439697266,0.8486572504043579,0.09986875206232071
10499,18,10499,spatial_specificity,29.698484420776367,0.831706166267395,0.105512835085392
10499,18,10499,spatial_specificity,29.73213768005371,0.8521069288253784,0.08684740960597992
10499,18,10499,spatial_specificity,29.832868576049805,0.8622374534606934,0.07880409806966782
10499,18,10499,spatial_specificity,29.96664810180664,0.854854941368103,0.08345171064138412
10499,18,10499,spatial_specificity,30.0,0.8674226999282837,0.08321017026901245
10499,18,10499,spatial_specificity,30.01666259765625,0.8777178525924683,0.06937718391418457
10499,18,10499,spatial_specificity,30.066593170166016,0.9123681783676147,0.031211217865347862
10499,18,10499,spatial_specificity,30.08321762084961,0.8750308752059937,0.060771580785512924
10499,18,10499,spatial_specificity,30.149627685546875,0.9101234078407288,0.031008144840598106
10499,18,10499,spatial_specificity,30.232433319091797,0.8527427911758423,0.09107940644025803
10499,18,10499,spatial_specificity,30.265491485595703,0.9073238372802734,0.03096979856491089
10499,18,10499,spatial_specificity,30.36445426940918,0.8806728720664978,0.053208138793706894
10499,18,10499,spatial_specificity,30.4138126373291,0.8691321015357971,0.07568787038326263
10499,18,10499,spatial_specificity,30.463092803955078,0.8710187077522278,0.06855528801679611
10499,18,10499,spatial_specificity,30.479501724243164,0.8534082770347595,0.08894288539886475
10499,18,10499,spatial_specificity,30.528675079345703,0.8568697571754456,0.08436387777328491
10499,18,10499,spatial_specificity,30.594118118286133,0.9078054428100586,0.03179555386304855
10499,18,10499,spatial_specificity,30.610454559326172,0.8603683114051819,0.08613719791173935
10499,18,10499,spatial_specificity,30.675724029541016,0.8846935629844666,0.056098680943250656
10499,18,10499,spatial_specificity,30.805843353271484,0.8798384666442871,0.06824026256799698
10499,18,10499,spatial_specificity,30.870698928833008,0.8791515827178955,0.07007060199975967
10499,18,10499,spatial_specificity,30.886890411376953,0.8720152974128723,0.0775134414434433
10499,18,10499,spatial_specificity,31.0,0.9407756328582764,0.009380766190588474
10499,18,10499,spatial_specificity,31.016124725341797,0.9029346108436584,0.04242369532585144
10499,18,10499,spatial_specificity,31.048349380493164,0.9076464772224426,0.036625705659389496
10499,18,10499,spatial_specificity,31.064449310302734,0.889116108417511,0.06864602118730545
10499,18,10499,spatial_specificity,31.11269760131836,0.8644243478775024,0.0865107998251915
10499,18,10499,spatial_specificity,31.14482307434082,0.8830446600914001,0.07360590994358063
10499,18,10499,spatial_specificity,31.240999221801758,0.8693681955337524,0.08216334134340286
10499,18,10499,spatial_specificity,31.256999969482422,0.9294906854629517,0.014074165374040604
10499,18,10499,spatial_specificity,31.30495262145996,0.8789206743240356,0.07076907902956009
10499,18,10499,spatial_specificity,31.320920944213867,0.9035733938217163,0.039477862417697906
10499,18,10499,spatial_specificity,31.384708404541016,0.8838724493980408,0.0667707771062851
10499,18,10499,spatial_specificity,31.400636672973633,0.8865966200828552,0.06862107664346695
10499,18,10499,spatial_specificity,31.575305938720703,0.9187371730804443,0.020832538604736328
10499,18,10499,spatial_specificity,31.62277603149414,0.8824192881584167,0.0648866668343544
10499,18,10499,spatial_specificity,31.764760971069336,0.8803192377090454,0.06831052899360657
10499,18,10499,spatial_specificity,31.780498504638672,0.8894003629684448,0.05169294402003288
10499,18,10499,spatial_specificity,31.827659606933594,0.8547358512878418,0.08004125207662582
10499,18,10499,spatial_specificity,31.890438079833984,0.8589969873428345,0.07928318530321121
10499,18,10499,spatial_specificity,31.906112670898438,0.8791741728782654,0.07552997767925262
10499,18,10499,spatial_specificity,31.95309066772461,0.8916990160942078,0.04801373928785324
10499,18,10499,spatial_specificity,32.015621185302734,0.86866694688797,0.0667199119925499
10499,18,10499,spatial_specificity,32.202484130859375,0.8797959685325623,0.06872376799583435
10499,18,10499,spatial_specificity,32.24903106689453,0.8848947286605835,0.06857534497976303
10499,18,10499,spatial_specificity,32.280025482177734,0.9079266786575317,0.03379460424184799
10499,18,10499,spatial_specificity,32.31098937988281,0.8932955265045166,0.054712146520614624
10499,18,10499,spatial_specificity,32.4499626159668,0.8676268458366394,0.06552821397781372
10499,18,10499,spatial_specificity,32.526912689208984,0.8549030423164368,0.08382460474967957
10499,18,10499,spatial_specificity,32.557640075683594,0.8574424982070923,0.08212611824274063
10499,18,10499,spatial_specificity,32.572994232177734,0.9060284495353699,0.03682985156774521
10499,18,10499,spatial_specificity,32.649654388427734,0.8638706207275391,0.06254158169031143
10499,18,10499,spatial_specificity,32.69556427001953,0.8692803382873535,0.05948616936802864
10499,18,10499,spatial_specificity,32.75667953491211,0.8767698407173157,0.06981811672449112
10499,18,10499,spatial_specificity,32.80244064331055,0.8663691878318787,0.06593996286392212
10499,18,10499,spatial_specificity,32.893768310546875,0.8974584341049194,0.040223561227321625
10499,18,10499,spatial_specificity,33.0151481628418,0.8731069564819336,0.06579457968473434
10499,18,10499,spatial_specificity,33.105892181396484,0.8868676424026489,0.06416919827461243
10499,18,10499,spatial_specificity,33.12099075317383,0.8813652992248535,0.06932849436998367
10499,18,10499,spatial_specificity,33.241539001464844,0.8567291498184204,0.05884101614356041
10499,18,10499,spatial_specificity,33.2866325378418,0.8549720644950867,0.06056467443704605
10499,18,10499,spatial_specificity,33.30165100097656,0.8548673987388611,0.06306196749210358
10499,18,10499,spatial_specificity,33.42155075073242,0.8589854836463928,0.05887680500745773
10499,18,10499,spatial_specificity,33.541019439697266,0.8647480010986328,0.050447240471839905
10499,18,10499,spatial_specificity,33.60059356689453,0.8585565686225891,0.0606512650847435
10499,18,10499,spatial_specificity,33.615474700927734,0.86712247133255,0.05003940314054489
10499,18,10499,spatial_specificity,33.83784866333008,0.8647081255912781,0.05405137687921524
10499,18,10499,spatial_specificity,33.941123962402344,0.8630930185317993,0.05471561476588249
10499,18,10499,spatial_specificity,33.97057342529297,0.8603851795196533,0.05373293533921242
10499,18,10499,spatial_specificity,34.0,0.8679608702659607,0.04844362661242485
10499,18,10499,spatial_specificity,34.01470184326172,0.8915596008300781,0.03185136616230011
10499,18,10499,spatial_specificity,34.058773040771484,0.8627740740776062,0.05796533823013306
10499,18,10499,spatial_specificity,34.13209533691406,0.8676581978797913,0.049921974539756775
10499,18,10499,spatial_specificity,34.20526123046875,0.8671307563781738,0.0543377548456192
10499,18,10499,spatial_specificity,34.4093017578125,0.8363437652587891,0.0033513009548187256
10499,18,10499,spatial_specificity,34.438350677490234,0.893772542476654,0.029688073322176933
10499,18,10499,spatial_specificity,34.48188018798828,0.8412116765975952,0.0035667717456817627
10499,18,10499,spatial_specificity,34.65544891357422,0.8316304087638855,0.0022753477096557617
10499,18,10499,spatial_specificity,34.66987228393555,0.8405688405036926,0.01184457540512085
10499,18,10499,spatial_specificity,34.71310806274414,0.8336138725280762,0.0010365843772888184
10499,18,10499,spatial_specificity,34.828147888183594,0.838510274887085,0.005945295095443726
10499,18,10499,spatial_specificity,34.885528564453125,0.8754976391792297,0.008776605129241943
10499,18,10499,spatial_specificity,34.98571014404297,0.8473093509674072,0.006122708320617676
10499,18,10499,spatial_specificity,35.0,0.8438255786895752,0.011631816625595093
10499,18,10499,spatial_specificity,35.22782897949219,0.8471006155014038,0.017537862062454224
10499,18,10499,spatial_specificity,35.35533905029297,0.8506580591201782,0.012622624635696411
10499,18,10499,spatial_specificity,35.38361358642578,0.8429070711135864,0.012149542570114136
10499,18,10499,spatial_specificity,35.46829605102539,0.8459222912788391,0.014623463153839111
10499,18,10499,spatial_specificity,35.510562896728516,0.8540452718734741,0.010354965925216675
10499,18,10499,spatial_specificity,35.60898971557617,0.8487023115158081,0.0174257755279541
10499,18,10499,spatial_specificity,35.80502700805664,0.8507907390594482,0.020469188690185547
10499,18,10499,spatial_specificity,35.84689712524414,0.8812896013259888,0.011146724224090576
10499,18,10499,spatial_specificity,36.055511474609375,0.8594068288803101,0.011354893445968628
10499,18,10499,spatial_specificity,36.06937789916992,0.8519689440727234,0.02060079574584961
10499,18,10499,spatial_specificity,36.12478256225586,0.8514763116836548,0.021721452474594116
10499,18,10499,spatial_specificity,36.2353401184082,0.8526824116706848,0.022463560104370117
10499,18,10499,spatial_specificity,36.359317779541016,0.8877677917480469,0.012536466121673584
10499,18,10499,spatial_specificity,36.400550842285156,0.8535133600234985,0.022617489099502563
10499,18,10499,spatial_specificity,36.619667053222656,0.8626421093940735,0.010090053081512451
10499,18,10499,spatial_specificity,36.769554138183594,0.8581986427307129,0.025913268327713013
10499,18,10499,spatial_specificity,36.79673767089844,0.8577027320861816,0.025256961584091187
10499,18,10499,spatial_specificity,36.878177642822266,0.8565549254417419,0.025371015071868896
10499,18,10499,spatial_specificity,36.8917350769043,0.8949564695358276,0.007515668869018555
10499,18,10499,spatial_specificity,37.013511657714844,0.855487048625946,0.023075580596923828
10499,18,10499,spatial_specificity,37.202152252197266,0.8670399188995361,0.007182180881500244
10499,18,10499,spatial_specificity,37.44329071044922,0.9001026153564453,0.003441751003265381
10499,18,10499,spatial_specificity,37.48332977294922,0.8611554503440857,0.026941299438476562
10499,18,10499,spatial_specificity,37.53664779663086,0.8607882261276245,0.02477005124092102
10499,18,10499,spatial_specificity,37.643062591552734,0.8580082654953003,0.0215606689453125
10499,18,10499,spatial_specificity,37.80211639404297,0.8710123896598816,0.003957211971282959
10499,18,10499,spatial_specificity,38.01315689086914,0.9081072211265564,0.005400240421295166
10499,18,10499,spatial_specificity,38.18376541137695,0.8647398948669434,0.02430635690689087
10499,18,10499,spatial_specificity,38.20994567871094,0.8637053966522217,0.023458361625671387
10499,18,10499,spatial_specificity,38.28837966918945,0.8633311986923218,0.019151240587234497
10499,18,10499,spatial_specificity,38.41874694824219,0.875277042388916,0.0008808672428131104
10499,18,10499,spatial_specificity,38.60051727294922,0.9099183678627014,0.005262494087219238
10499,18,10499,spatial_specificity,38.897300720214844,0.8684582114219666,0.01980501413345337
10499,18,10499,spatial_specificity,38.94868469238281,0.8674091696739197,0.017816662788391113
10499,18,10499,spatial_specificity,39.051246643066406,0.8826464414596558,0.002237290143966675
10499,18,10499,spatial_specificity,39.20458984375,0.9162591695785522,0.009547293186187744
10499,18,10499,spatial_specificity,39.59798049926758,0.8739296197891235,0.014725059270858765
10499,18,10499,spatial_specificity,39.623226165771484,0.8742603063583374,0.013092458248138428
10499,18,10499,spatial_specificity,39.69886779785156,0.8875463008880615,0.002119690179824829
10499,18,10499,spatial_specificity,39.824615478515625,0.9129263162612915,0.004063814878463745
10499,18,10499,spatial_specificity,40.31128692626953,0.8799288272857666,0.007446706295013428
10499,18,10499,spatial_specificity,40.360870361328125,0.8936585187911987,0.00586286187171936
10499,18,10499,spatial_specificity,40.45985794067383,0.9007521867752075,0.0
10499,18,10499,spatial_specificity,41.01219177246094,0.8872098922729492,0.00010505319369258359
10499,18,10499,spatial_specificity,41.03656768798828,0.8971589803695679,0.00934600830078125
10499,18,10499,spatial_specificity,41.1096076965332,0.903286337852478,0.0
10499,18,10499,spatial_specificity,41.72529220581055,0.8996402621269226,0.010100901126861572
10499,18,10499,spatial_specificity,41.773197174072266,0.9074146151542664,0.0
10499,18,10499,spatial_specificity,42.42640686035156,0.9026956558227539,0.0009120404720306396
10499,18,10499,spatial_specificity,42.44997024536133,0.9094031453132629,0.0
10499,18,10499,spatial_specificity,43.13930892944336,0.9290566444396973,0.0
10999,19,10999,cls_effective_rank,,16.062488555908203,1.1041326522827148
10999,19,10999,patch_effective_rank,,89.67659759521484,14.47767162322998
10999,19,10999,mean_off_diagonal_similarity,,0.591056764125824,0.03565002232789993
10999,19,10999,spatial_specificity_correlation,,-0.15028682351112366,0.06784966588020325
10999,19,10999,spatial_specificity,1.0,0.9346623420715332,0.006647760979831219
10999,19,10999,spatial_specificity,1.4142135381698608,0.899574875831604,0.010043519549071789
10999,19,10999,spatial_specificity,2.0,0.8537279963493347,0.015427564270794392
10999,19,10999,spatial_specificity,2.2360680103302,0.8340754508972168,0.016490554437041283
10999,19,10999,spatial_specificity,2.8284270763397217,0.7913386225700378,0.019118711352348328
10999,19,10999,spatial_specificity,3.0,0.7824896574020386,0.020543046295642853
10999,19,10999,spatial_specificity,3.1622776985168457,0.771734893321991,0.020269725471735
10999,19,10999,spatial_specificity,3.605551242828369,0.7462090849876404,0.020751455798745155
10999,19,10999,spatial_specificity,4.0,0.7279924154281616,0.02321334183216095
10999,19,10999,spatial_specificity,4.123105525970459,0.7215483784675598,0.022838443517684937
10999,19,10999,spatial_specificity,4.242640495300293,0.71446692943573,0.021538279950618744
10999,19,10999,spatial_specificity,4.4721360206604,0.7058649063110352,0.022675372660160065
10999,19,10999,spatial_specificity,5.0,0.6840894818305969,0.023900175467133522
10999,19,10999,spatial_specificity,5.099019527435303,0.6824979186058044,0.025082234293222427
10999,19,10999,spatial_specificity,5.385164737701416,0.6712757349014282,0.02563146874308586
10999,19,10999,spatial_specificity,5.656854152679443,0.6568475365638733,0.026085657998919487
10999,19,10999,spatial_specificity,5.830952167510986,0.653192937374115,0.027181020006537437
10999,19,10999,spatial_specificity,6.0,0.6554399728775024,0.027493607252836227
10999,19,10999,spatial_specificity,6.082762241363525,0.6515766382217407,0.027571983635425568
10999,19,10999,spatial_specificity,6.324555397033691,0.6424623727798462,0.028793051838874817
10999,19,10999,spatial_specificity,6.4031243324279785,0.6317173838615417,0.02994343638420105
10999,19,10999,spatial_specificity,6.7082037925720215,0.6276717782020569,0.031028317287564278
10999,19,10999,spatial_specificity,7.0,0.6309187412261963,0.02961304597556591
10999,19,10999,spatial_specificity,7.071067810058594,0.6218741536140442,0.030749434605240822
10999,19,10999,spatial_specificity,7.211102485656738,0.6095567941665649,0.03414250537753105
10999,19,10999,spatial_specificity,7.280109882354736,0.6195108294487,0.03157523274421692
10999,19,10999,spatial_specificity,7.6157732009887695,0.6067315340042114,0.03431832045316696
10999,19,10999,spatial_specificity,7.8102498054504395,0.5913597941398621,0.037712644785642624
10999,19,10999,spatial_specificity,8.0,0.6127055287361145,0.03152330219745636
10999,19,10999,spatial_specificity,8.062257766723633,0.6002762317657471,0.0345391109585762
10999,19,10999,spatial_specificity,8.246211051940918,0.6015815734863281,0.033885370939970016
10999,19,10999,spatial_specificity,8.485280990600586,0.575045645236969,0.041616883128881454
10999,19,10999,spatial_specificity,8.5440034866333,0.5901917815208435,0.03695552423596382
10999,19,10999,spatial_specificity,8.602325439453125,0.5754297971725464,0.041555654257535934
10999,19,10999,spatial_specificity,8.9442720413208,0.576664924621582,0.04064656421542168
10999,19,10999,spatial_specificity,9.0,0.5997172594070435,0.03288402035832405
10999,19,10999,spatial_specificity,9.05538558959961,0.5961083173751831,0.03366784006357193
10999,19,10999,spatial_specificity,9.219544410705566,0.5750855207443237,0.04050711914896965
10999,19,10999,spatial_specificity,9.433980941772461,0.5629161596298218,0.044814568012952805
10999,19,10999,spatial_specificity,9.486832618713379,0.578227162361145,0.0391065739095211
10999,19,10999,spatial_specificity,9.848857879638672,0.5660926103591919,0.04312621429562569
10999,19,10999,spatial_specificity,9.899495124816895,0.5496658086776733,0.05014364793896675
10999,19,10999,spatial_specificity,10.0,0.5643471479415894,0.043317392468452454
10999,19,10999,spatial_specificity,10.049875259399414,0.5871313214302063,0.0350404717028141
10999,19,10999,spatial_specificity,10.198039054870605,0.5797373056411743,0.037536900490522385
10999,19,10999,spatial_specificity,10.29563045501709,0.5540986061096191,0.04759320244193077
10999,19,10999,spatial_specificity,10.440306663513184,0.5700392127037048,0.04092845693230629
10999,19,10999,spatial_specificity,10.630146026611328,0.5406887531280518,0.05409303307533264
10999,19,10999,spatial_specificity,10.770329475402832,0.5588417649269104,0.04533620551228523
10999,19,10999,spatial_specificity,10.816654205322266,0.5433716177940369,0.05226685851812363
10999,19,10999,spatial_specificity,11.0,0.5850139260292053,0.03514253720641136
10999,19,10999,spatial_specificity,11.045360565185547,0.581558108329773,0.03628329932689667
10999,19,10999,spatial_specificity,11.180339813232422,0.561332106590271,0.04408581927418709
10999,19,10999,spatial_specificity,11.313708305358887,0.5326133966445923,0.05827931687235832
10999,19,10999,spatial_specificity,11.401754379272461,0.5498831868171692,0.04937729611992836
10999,19,10999,spatial_specificity,11.661904335021973,0.5381513833999634,0.05462858825922012
10999,19,10999,spatial_specificity,11.704700469970703,0.5546237826347351,0.04681229963898659
10999,19,10999,spatial_specificity,12.0,0.5824493765830994,0.03624588996171951
10999,19,10999,spatial_specificity,12.041594505310059,0.5534413456916809,0.047895196825265884
10999,19,10999,spatial_specificity,12.083045959472656,0.5440887808799744,0.051713693886995316
10999,19,10999,spatial_specificity,12.16552448272705,0.5720590353012085,0.04026900231838226
10999,19,10999,spatial_specificity,12.206555366516113,0.5298904180526733,0.05893956124782562
10999,19,10999,spatial_specificity,12.369317054748535,0.5629999041557312,0.04371847212314606
10999,19,10999,spatial_specificity,12.529964447021484,0.5347327589988708,0.05651700124144554
10999,19,10999,spatial_specificity,12.649110794067383,0.5527349710464478,0.0479186587035656
10999,19,10999,spatial_specificity,12.727921485900879,0.5213497877120972,0.06345181167125702
10999,19,10999,spatial_specificity,12.806248664855957,0.5229403376579285,0.06232099607586861
10999,19,10999,spatial_specificity,13.0,0.5560719966888428,0.04656752198934555
10999,19,10999,spatial_specificity,13.038405418395996,0.5535823106765747,0.048173341900110245
10999,19,10999,spatial_specificity,13.152946472167969,0.5720468759536743,0.041464079171419144
10999,19,10999,spatial_specificity,13.34166431427002,0.563021183013916,0.044701095670461655
10999,19,10999,spatial_specificity,13.416407585144043,0.5332764983177185,0.0569840632379055
10999,19,10999,spatial_specificity,13.45362377166748,0.5175079107284546,0.0644863024353981
10999,19,10999,spatial_specificity,13.601469993591309,0.5368147492408752,0.055396467447280884
10999,19,10999,spatial_specificity,13.892444610595703,0.5254568457603455,0.060512229800224304
10999,19,10999,spatial_specificity,13.928387641906738,0.5427131056785583,0.0528300404548645
10999,19,10999,spatial_specificity,14.0,0.5836571455001831,0.03906387835741043
10999,19,10999,spatial_specificity,14.03566837310791,0.5804915428161621,0.0400458499789238
10999,19,10999,spatial_specificity,14.142135620117188,0.5539108514785767,0.048447947949171066
10999,19,10999,spatial_specificity,14.21267032623291,0.5149990916252136,0.06490158289670944
10999,19,10999,spatial_specificity,14.317821502685547,0.5490289330482483,0.05060756951570511
10999,19,10999,spatial_specificity,14.422204971313477,0.5189802050590515,0.06309666484594345
10999,19,10999,spatial_specificity,14.560219764709473,0.5543617010116577,0.048684924840927124
10999,19,10999,spatial_specificity,14.764822959899902,0.5255610942840576,0.06010548770427704
10999,19,10999,spatial_specificity,14.866068840026855,0.5278507471084595,0.058755069971084595
10999,19,10999,spatial_specificity,15.0,0.5379812121391296,0.05373688042163849
10999,19,10999,spatial_specificity,15.033296585083008,0.5812824368476868,0.0399828664958477
10999,19,10999,spatial_specificity,15.132745742797852,0.5744048357009888,0.041785817593336105
10999,19,10999,spatial_specificity,15.231546401977539,0.5351566076278687,0.055771809071302414
10999,19,10999,spatial_specificity,15.264337539672852,0.5189635157585144,0.06252887845039368
10999,19,10999,spatial_specificity,15.297059059143066,0.5653327703475952,0.04456960782408714
10999,19,10999,spatial_specificity,15.524174690246582,0.5556241273880005,0.047758594155311584
10999,19,10999,spatial_specificity,15.55634880065918,0.5085490942001343,0.06559141725301743
10999,19,10999,spatial_specificity,15.620499610900879,0.509745717048645,0.06525052338838577
10999,19,10999,spatial_specificity,15.65247631072998,0.5269750356674194,0.058773353695869446
10999,19,10999,spatial_specificity,15.81138801574707,0.5297218561172485,0.05708533897995949
10999,19,10999,spatial_specificity,16.0,0.5832308530807495,0.03868872672319412
10999,19,10999,spatial_specificity,16.031219482421875,0.5804306268692017,0.039207153022289276
10999,19,10999,spatial_specificity,16.124515533447266,0.5475707650184631,0.04888153076171875
10999,19,10999,spatial_specificity,16.155494689941406,0.5366336703300476,0.053829848766326904
10999,19,10999,spatial_specificity,16.278820037841797,0.5370014309883118,0.05218159407377243
10999,19,10999,spatial_specificity,16.401220321655273,0.5098504424095154,0.06402319669723511
10999,19,10999,spatial_specificity,16.492422103881836,0.5558449029922485,0.045739226043224335
10999,19,10999,spatial_specificity,16.552946090698242,0.528770387172699,0.05625391751527786
10999,19,10999,spatial_specificity,16.6433162689209,0.5147429704666138,0.06179095059633255
10999,19,10999,spatial_specificity,16.76305389404297,0.546355128288269,0.048454124480485916
10999,19,10999,spatial_specificity,16.970561981201172,0.5058852434158325,0.06406723707914352
10999,19,10999,spatial_specificity,17.0,0.5425302982330322,0.04799517244100571
10999,19,10999,spatial_specificity,17.029386520385742,0.5438952445983887,0.04701591655611992
10999,19,10999,spatial_specificity,17.0880069732666,0.5374816656112671,0.05101260542869568
10999,19,10999,spatial_specificity,17.11724281311035,0.5729667544364929,0.03966039419174194
10999,19,10999,spatial_specificity,17.20465087890625,0.5108279585838318,0.061645857989788055
10999,19,10999,spatial_specificity,17.262676239013672,0.5651110410690308,0.041439589112997055
10999,19,10999,spatial_specificity,17.464248657226562,0.543171763420105,0.04772200062870979
10999,19,10999,spatial_specificity,17.492855072021484,0.5165284276008606,0.05818306282162666
10999,19,10999,spatial_specificity,17.69180679321289,0.5057939291000366,0.06244269385933876
10999,19,10999,spatial_specificity,17.72004508972168,0.5468514561653137,0.04586607217788696
10999,19,10999,spatial_specificity,17.804494857788086,0.5081248879432678,0.06070038303732872
10999,19,10999,spatial_specificity,17.8885440826416,0.5235034227371216,0.05388280376791954
10999,19,10999,spatial_specificity,18.0,0.5791609883308411,0.039468154311180115
10999,19,10999,spatial_specificity,18.027755737304688,0.543221116065979,0.04501519352197647
10999,19,10999,spatial_specificity,18.11077117919922,0.5714824199676514,0.040135979652404785
10999,19,10999,spatial_specificity,18.248287200927734,0.564235270023346,0.04150884971022606
10999,19,10999,spatial_specificity,18.357559204101562,0.5183576345443726,0.054120831191539764
10999,19,10999,spatial_specificity,18.384777069091797,0.5229515433311462,0.05268251895904541
10999,19,10999,spatial_specificity,18.439088821411133,0.5318623781204224,0.048628855496644974
10999,19,10999,spatial_specificity,18.601076126098633,0.5098937749862671,0.0571523979306221
10999,19,10999,spatial_specificity,18.681541442871094,0.5478919148445129,0.0445932075381279
10999,19,10999,spatial_specificity,18.788293838500977,0.5255216956138611,0.05020921304821968
10999,19,10999,spatial_specificity,18.867961883544922,0.5146946907043457,0.053914010524749756
10999,19,10999,spatial_specificity,18.973665237426758,0.5402728915214539,0.04623507335782051
10999,19,10999,spatial_specificity,19.0,0.5777674317359924,0.04193609952926636
10999,19,10999,spatial_specificity,19.02629852294922,0.5753229260444641,0.0418606735765934
10999,19,10999,spatial_specificity,19.10497283935547,0.5395236015319824,0.04387791082262993
10999,19,10999,spatial_specificity,19.209373474121094,0.5091773271560669,0.05591994524002075
10999,19,10999,spatial_specificity,19.235383987426758,0.5427595376968384,0.04377017915248871
10999,19,10999,spatial_specificity,19.313207626342773,0.533544659614563,0.04733610525727272
10999,19,10999,spatial_specificity,19.416488647460938,0.5349328517913818,0.045663345605134964
10999,19,10999,spatial_specificity,19.646883010864258,0.5494281053543091,0.04469723254442215
10999,19,10999,spatial_specificity,19.697715759277344,0.5285736322402954,0.04786350578069687
10999,19,10999,spatial_specificity,19.72308349609375,0.517869770526886,0.050614286214113235
10999,19,10999,spatial_specificity,19.79899024963379,0.508726179599762,0.05452576279640198
10999,19,10999,spatial_specificity,19.84943389892578,0.5096284747123718,0.054146867245435715
10999,19,10999,spatial_specificity,19.92485809326172,0.543297529220581,0.04516944661736488
10999,19,10999,spatial_specificity,20.0,0.5357535481452942,0.04334993660449982
10999,19,10999,spatial_specificity,20.02498435974121,0.5766788721084595,0.045230891555547714
10999,19,10999,spatial_specificity,20.099750518798828,0.5720347762107849,0.04494507610797882
10999,19,10999,spatial_specificity,20.124610900878906,0.5248014330863953,0.0486309751868248
10999,19,10999,spatial_specificity,20.2237491607666,0.565915584564209,0.04548345506191254
10999,19,10999,spatial_specificity,20.248456954956055,0.5275763273239136,0.04783743992447853
10999,19,10999,spatial_specificity,20.39607810974121,0.5597610473632812,0.0454234816133976
10999,19,10999,spatial_specificity,20.51828384399414,0.5118984580039978,0.05320671200752258
10999,19,10999,spatial_specificity,20.59126091003418,0.5233298540115356,0.04965643584728241
10999,19,10999,spatial_specificity,20.615528106689453,0.5342146754264832,0.04660771042108536
10999,19,10999,spatial_specificity,20.808650970458984,0.5190070867538452,0.05165528878569603
10999,19,10999,spatial_specificity,20.880613327026367,0.5488377213478088,0.04645255208015442
10999,19,10999,spatial_specificity,21.0,0.5842450857162476,0.050801001489162445
10999,19,10999,spatial_specificity,21.02379608154297,0.5576456189155579,0.04503672569990158
10999,19,10999,spatial_specificity,21.095022201538086,0.5519634485244751,0.045131757855415344
10999,19,10999,spatial_specificity,21.189619064331055,0.5453591346740723,0.04787297174334526
10999,19,10999,spatial_specificity,21.21320343017578,0.5546072721481323,0.04593291133642197
10999,19,10999,spatial_specificity,21.260292053222656,0.5182558298110962,0.054038092494010925
10999,19,10999,spatial_specificity,21.3775577545166,0.5680416226387024,0.04833037033677101
10999,19,10999,spatial_specificity,21.40093421936035,0.5224322080612183,0.053661152720451355
10999,19,10999,spatial_specificity,21.470911026000977,0.5320223569869995,0.05165981873869896
10999,19,10999,spatial_specificity,21.540658950805664,0.5436490178108215,0.05017198994755745
10999,19,10999,spatial_specificity,21.587032318115234,0.5634987354278564,0.048257194459438324
10999,19,10999,spatial_specificity,21.63330841064453,0.5282337665557861,0.05400156229734421
10999,19,10999,spatial_specificity,21.840330123901367,0.5608904957771301,0.05019255355000496
10999,19,10999,spatial_specificity,21.931711196899414,0.5350580215454102,0.055612463504076004
10999,19,10999,spatial_specificity,21.954498291015625,0.5358650088310242,0.0560145229101181
10999,19,10999,spatial_specificity,22.0,0.5965042114257812,0.05554112792015076
10999,19,10999,spatial_specificity,22.022714614868164,0.5624743103981018,0.04953603446483612
10999,19,10999,spatial_specificity,22.090721130371094,0.5911731719970703,0.05488631874322891
10999,19,10999,spatial_specificity,22.135944366455078,0.559678852558136,0.05358196422457695
10999,19,10999,spatial_specificity,22.203603744506836,0.561598539352417,0.05218200758099556
10999,19,10999,spatial_specificity,22.360679626464844,0.5665854215621948,0.05465802550315857
10999,19,10999,spatial_specificity,22.472204208374023,0.5517865419387817,0.06018860265612602
10999,19,10999,spatial_specificity,22.56102752685547,0.5830365419387817,0.05675004422664642
10999,19,10999,spatial_specificity,22.627416610717773,0.5401253700256348,0.06572220474481583
10999,19,10999,spatial_specificity,22.671567916870117,0.5416800379753113,0.06607193499803543
10999,19,10999,spatial_specificity,22.803508758544922,0.5638522505760193,0.06259984523057938
10999,19,10999,spatial_specificity,22.825424194335938,0.5551247596740723,0.06649261713027954
10999,19,10999,spatial_specificity,22.847320556640625,0.564464271068573,0.06580287963151932
10999,19,10999,spatial_specificity,23.0,0.6182318329811096,0.06531962007284164
10999,19,10999,spatial_specificity,23.021728515625,0.5857324004173279,0.061926599591970444
10999,19,10999,spatial_specificity,23.086793899536133,0.5992168188095093,0.06494832038879395
10999,19,10999,spatial_specificity,23.194828033447266,0.6134834289550781,0.0677802562713623
10999,19,10999,spatial_specificity,23.25940704345703,0.5716687440872192,0.07363349199295044
10999,19,10999,spatial_specificity,23.323808670043945,0.5650694370269775,0.07605235278606415
10999,19,10999,spatial_specificity,23.345233917236328,0.5867353677749634,0.06977429240942001
10999,19,10999,spatial_specificity,23.409400939941406,0.585955023765564,0.07541145384311676
10999,19,10999,spatial_specificity,23.430747985839844,0.5640197992324829,0.07813937962055206
10999,19,10999,spatial_specificity,23.53720474243164,0.6107915639877319,0.07548990845680237
10999,19,10999,spatial_specificity,23.600847244262695,0.569474458694458,0.08111537247896194
10999,19,10999,spatial_specificity,23.706539154052734,0.5809434056282043,0.08347458392381668
10999,19,10999,spatial_specificity,23.769729614257812,0.601379930973053,0.081753671169281
10999,19,10999,spatial_specificity,23.853721618652344,0.5790059566497803,0.08608595281839371
10999,19,10999,spatial_specificity,24.0,0.6495946645736694,0.0791294276714325
10999,19,10999,spatial_specificity,24.020824432373047,0.6481874585151672,0.07947955280542374
10999,19,10999,spatial_specificity,24.0416316986084,0.6038516163825989,0.087145134806633
10999,19,10999,spatial_specificity,24.083189010620117,0.6177036166191101,0.08108416199684143
10999,19,10999,spatial_specificity,24.166091918945312,0.6000306606292725,0.09166493266820908
10999,19,10999,spatial_specificity,24.1867733001709,0.6187514662742615,0.08438926935195923
10999,19,10999,spatial_specificity,24.207435607910156,0.5924521088600159,0.09486342966556549
10999,19,10999,spatial_specificity,24.3310489654541,0.6434510946273804,0.0863497331738472
10999,19,10999,spatial_specificity,24.351591110229492,0.6168376207351685,0.09273231774568558
10999,19,10999,spatial_specificity,24.413110733032227,0.5987180471420288,0.0983068197965622
10999,19,10999,spatial_specificity,24.515300750732422,0.642914891242981,0.09040400385856628
10999,19,10999,spatial_specificity,24.59674835205078,0.6103556156158447,0.09886065125465393
10999,19,10999,spatial_specificity,24.698179244995117,0.6164095997810364,0.10028586536645889
10999,19,10999,spatial_specificity,24.73863410949707,0.6431478261947632,0.09470633417367935
10999,19,10999,spatial_specificity,24.75883674621582,0.6164321303367615,0.10936757177114487
10999,19,10999,spatial_specificity,24.83948516845703,0.6185315847396851,0.1111190989613533
10999,19,10999,spatial_specificity,25.0,0.6445416212081909,0.10014060884714127
10999,19,10999,spatial_specificity,25.01999282836914,0.6836686730384827,0.09444916993379593
10999,19,10999,spatial_specificity,25.05992889404297,0.6254000067710876,0.1078575849533081
10999,19,10999,spatial_specificity,25.079872131347656,0.6578646898269653,0.09694217890501022
10999,19,10999,spatial_specificity,25.179357528686523,0.6827515363693237,0.0978199690580368
10999,19,10999,spatial_specificity,25.238859176635742,0.6324178576469421,0.1158875823020935
10999,19,10999,spatial_specificity,25.298221588134766,0.6532949209213257,0.10561096668243408
10999,19,10999,spatial_specificity,25.317977905273438,0.6818386912345886,0.10106342285871506
10999,19,10999,spatial_specificity,25.455842971801758,0.6433896422386169,0.1257503479719162
10999,19,10999,spatial_specificity,25.495098114013672,0.6568669080734253,0.11133428663015366
10999,19,10999,spatial_specificity,25.553865432739258,0.6460298895835876,0.11949964612722397
10999,19,10999,spatial_specificity,25.612497329711914,0.6503349542617798,0.12737800180912018
10999,19,10999,spatial_specificity,25.63201141357422,0.6628844738006592,0.11216071248054504
10999,19,10999,spatial_specificity,25.709918975830078,0.6855291724205017,0.10783164203166962
10999,19,10999,spatial_specificity,25.806976318359375,0.6589760184288025,0.12889212369918823
10999,19,10999,spatial_specificity,25.942243576049805,0.6654177904129028,0.12423165887594223
10999,19,10999,spatial_specificity,25.961509704589844,0.6920758485794067,0.11170429736375809
10999,19,10999,spatial_specificity,26.0,0.6915295720100403,0.11000558733940125
10999,19,10999,spatial_specificity,26.019224166870117,0.7240657806396484,0.10016025602817535
10999,19,10999,spatial_specificity,26.076810836791992,0.6968132853507996,0.11138071119785309
10999,19,10999,spatial_specificity,26.172504425048828,0.6975910067558289,0.11479013413190842
10999,19,10999,spatial_specificity,26.248809814453125,0.6879521012306213,0.12293629348278046
10999,19,10999,spatial_specificity,26.305892944335938,0.7287973165512085,0.10730908811092377
10999,19,10999,spatial_specificity,26.400758743286133,0.6892375349998474,0.1310572475194931
10999,19,10999,spatial_specificity,26.419689178466797,0.6898573637008667,0.13352744281291962
10999,19,10999,spatial_specificity,26.476404190063477,0.7331479787826538,0.10915964096784592
10999,19,10999,spatial_specificity,26.570661544799805,0.7119730114936829,0.11959118396043777
10999,19,10999,spatial_specificity,26.62705421447754,0.6992067098617554,0.1368573009967804
10999,19,10999,spatial_specificity,26.68332862854004,0.7387573719024658,0.11057623475790024
10999,19,10999,spatial_specificity,26.832815170288086,0.7154160737991333,0.13266660273075104
10999,19,10999,spatial_specificity,26.870058059692383,0.7083871960639954,0.1390606164932251
10999,19,10999,spatial_specificity,26.90724754333496,0.7093604803085327,0.13790062069892883
10999,19,10999,spatial_specificity,26.925825119018555,0.7299402356147766,0.12281712889671326
10999,19,10999,spatial_specificity,27.0,0.7693491578102112,0.09406375885009766
10999,19,10999,spatial_specificity,27.018512725830078,0.7427075505256653,0.11140105873346329
10999,19,10999,spatial_specificity,27.073972702026367,0.7684526443481445,0.09669920057058334
10999,19,10999,spatial_specificity,27.166154861450195,0.7693219780921936,0.09758912026882172
10999,19,10999,spatial_specificity,27.202939987182617,0.741370677947998,0.12354157865047455
10999,19,10999,spatial_specificity,27.294689178466797,0.7598258256912231,0.11472167074680328
10999,19,10999,spatial_specificity,27.312999725341797,0.747848629951477,0.1274375468492508
10999,19,10999,spatial_specificity,27.459060668945312,0.7561840415000916,0.1127668097615242
10999,19,10999,spatial_specificity,27.51363182067871,0.7623934745788574,0.11403995007276535
10999,19,10999,spatial_specificity,27.58622932434082,0.7291947603225708,0.13100983202457428
10999,19,10999,spatial_specificity,27.658634185791016,0.7620747685432434,0.11338651180267334
10999,19,10999,spatial_specificity,27.730850219726562,0.7628161907196045,0.1260007917881012
10999,19,10999,spatial_specificity,27.784889221191406,0.7610243558883667,0.12965233623981476
10999,19,10999,spatial_specificity,27.80287742614746,0.7542604804039001,0.1310262382030487
10999,19,10999,spatial_specificity,27.856775283813477,0.7795707583427429,0.11734748631715775
10999,19,10999,spatial_specificity,27.89265251159668,0.7978777289390564,0.1028091311454773
10999,19,10999,spatial_specificity,28.0,0.8350256681442261,0.08292797952890396
10999,19,10999,spatial_specificity,28.017852783203125,0.7985898852348328,0.10256664454936981
10999,19,10999,spatial_specificity,28.07133674621582,0.8346274495124817,0.08456697314977646
10999,19,10999,spatial_specificity,28.160255432128906,0.8219297528266907,0.09251099079847336
10999,19,10999,spatial_specificity,28.17800521850586,0.7883079051971436,0.12386182695627213
10999,19,10999,spatial_specificity,28.231189727783203,0.7993648052215576,0.11726479977369308
10999,19,10999,spatial_specificity,28.284271240234375,0.8161799311637878,0.09641644358634949
10999,19,10999,spatial_specificity,28.301944732666016,0.7907673120498657,0.12609514594078064
10999,19,10999,spatial_specificity,28.319604873657227,0.7709784507751465,0.12762504816055298
10999,19,10999,spatial_specificity,28.42534065246582,0.781017005443573,0.12803024053573608
10999,19,10999,spatial_specificity,28.44292640686035,0.8423133492469788,0.08553756028413773
10999,19,10999,spatial_specificity,28.460498809814453,0.8191352486610413,0.10324124991893768
10999,19,10999,spatial_specificity,28.60070037841797,0.7950514554977417,0.1261824667453766
10999,19,10999,spatial_specificity,28.635643005371094,0.8306124210357666,0.09928809106349945
10999,19,10999,spatial_specificity,28.65309715270996,0.808797299861908,0.11984430253505707
10999,19,10999,spatial_specificity,28.792360305786133,0.8337290287017822,0.09929149597883224
10999,19,10999,spatial_specificity,28.844409942626953,0.8056208491325378,0.1226062923669815
10999,19,10999,spatial_specificity,28.861740112304688,0.8538654446601868,0.08321154862642288
10999,19,10999,spatial_specificity,29.0,0.8319033980369568,0.102183036506176
10999,19,10999,spatial_specificity,29.017236709594727,0.8854480981826782,0.0668506845831871
10999,19,10999,spatial_specificity,29.068883895874023,0.8407379388809204,0.09705639630556107
10999,19,10999,spatial_specificity,29.120439529418945,0.8616358041763306,0.07925786823034286
10999,19,10999,spatial_specificity,29.15475845336914,0.8551595211029053,0.08948533982038498
10999,19,10999,spatial_specificity,29.20616340637207,0.8216486573219299,0.1153358593583107
10999,19,10999,spatial_specificity,29.27456283569336,0.8869410753250122,0.05954144522547722
10999,19,10999,spatial_specificity,29.4108829498291,0.8537740111351013,0.09212978929281235
10999,19,10999,spatial_specificity,29.42787742614746,0.889499306678772,0.05712031200528145
10999,19,10999,spatial_specificity,29.529645919799805,0.8402605652809143,0.1012071967124939
10999,19,10999,spatial_specificity,29.546573638916016,0.8540515899658203,0.09129895269870758
10999,19,10999,spatial_specificity,29.614185333251953,0.8901166915893555,0.05481758341193199
10999,19,10999,spatial_specificity,29.681644439697266,0.8485659956932068,0.10191620141267776
10999,19,10999,spatial_specificity,29.698484420776367,0.8311759233474731,0.10703573375940323
10999,19,10999,spatial_specificity,29.73213768005371,0.8521442413330078,0.08841364830732346
10999,19,10999,spatial_specificity,29.832868576049805,0.8623520731925964,0.08017454296350479
10999,19,10999,spatial_specificity,29.96664810180664,0.8548784255981445,0.0850226879119873
10999,19,10999,spatial_specificity,30.0,0.8675047159194946,0.08456334471702576
10999,19,10999,spatial_specificity,30.01666259765625,0.8780194520950317,0.07073244452476501
10999,19,10999,spatial_specificity,30.066593170166016,0.9132696390151978,0.031600307673215866
10999,19,10999,spatial_specificity,30.08321762084961,0.8754990696907043,0.06193546950817108
10999,19,10999,spatial_specificity,30.149627685546875,0.9111454486846924,0.031366609036922455
10999,19,10999,spatial_specificity,30.232433319091797,0.8523706197738647,0.09241925925016403
10999,19,10999,spatial_specificity,30.265491485595703,0.9082899689674377,0.03134383633732796
10999,19,10999,spatial_specificity,30.36445426940918,0.8810076117515564,0.054227154701948166
10999,19,10999,spatial_specificity,30.4138126373291,0.8692260980606079,0.07677263766527176
10999,19,10999,spatial_specificity,30.463092803955078,0.8712781667709351,0.06954297423362732
10999,19,10999,spatial_specificity,30.479501724243164,0.8535717725753784,0.08995076268911362
10999,19,10999,spatial_specificity,30.528675079345703,0.8564767837524414,0.08534473180770874
10999,19,10999,spatial_specificity,30.594118118286133,0.9088123440742493,0.03253861144185066
10999,19,10999,spatial_specificity,30.610454559326172,0.8606767654418945,0.08730576187372208
10999,19,10999,spatial_specificity,30.675724029541016,0.8850486874580383,0.05697702243924141
10999,19,10999,spatial_specificity,30.805843353271484,0.8802962899208069,0.06941936165094376
10999,19,10999,spatial_specificity,30.870698928833008,0.8794103264808655,0.07090441137552261
10999,19,10999,spatial_specificity,30.886890411376953,0.871952474117279,0.0783669650554657
10999,19,10999,spatial_specificity,31.0,0.9422650933265686,0.010295168496668339
10999,19,10999,spatial_specificity,31.016124725341797,0.9039549231529236,0.04325385391712189
10999,19,10999,spatial_specificity,31.048349380493164,0.9086925983428955,0.037422969937324524
10999,19,10999,spatial_specificity,31.064449310302734,0.8898096084594727,0.06984821707010269
10999,19,10999,spatial_specificity,31.11269760131836,0.8639366626739502,0.08708109706640244
10999,19,10999,spatial_specificity,31.14482307434082,0.8834087252616882,0.07463151216506958
10999,19,10999,spatial_specificity,31.240999221801758,0.8690962195396423,0.08283701539039612
10999,19,10999,spatial_specificity,31.256999969482422,0.9308923482894897,0.015207166783511639
10999,19,10999,spatial_specificity,31.30495262145996,0.8794044256210327,0.07184359431266785
10999,19,10999,spatial_specificity,31.320920944213867,0.9045066833496094,0.04010629281401634
10999,19,10999,spatial_specificity,31.384708404541016,0.8844276666641235,0.06772216409444809
10999,19,10999,spatial_specificity,31.400636672973633,0.8869346976280212,0.06954202055931091
10999,19,10999,spatial_specificity,31.575305938720703,0.9201974868774414,0.02228485979139805
10999,19,10999,spatial_specificity,31.62277603149414,0.8830918073654175,0.06586836278438568
10999,19,10999,spatial_specificity,31.764760971069336,0.8808804750442505,0.06904947012662888
10999,19,10999,spatial_specificity,31.780498504638672,0.8908344507217407,0.05205259472131729
10999,19,10999,spatial_specificity,31.827659606933594,0.8524356484413147,0.08008895814418793
10999,19,10999,spatial_specificity,31.890438079833984,0.8572872281074524,0.0795343816280365
10999,19,10999,spatial_specificity,31.906112670898438,0.8790158033370972,0.07637922465801239
10999,19,10999,spatial_specificity,31.95309066772461,0.8927637934684753,0.04813328757882118
10999,19,10999,spatial_specificity,32.015621185302734,0.867364227771759,0.0677906721830368
10999,19,10999,spatial_specificity,32.202484130859375,0.8799890279769897,0.06953849643468857
10999,19,10999,spatial_specificity,32.24903106689453,0.8846477270126343,0.06932665407657623
10999,19,10999,spatial_specificity,32.280025482177734,0.9093868136405945,0.035270966589450836
10999,19,10999,spatial_specificity,32.31098937988281,0.8940538167953491,0.05531236529350281
10999,19,10999,spatial_specificity,32.4499626159668,0.8668866753578186,0.06639757007360458
10999,19,10999,spatial_specificity,32.526912689208984,0.8551887273788452,0.08493458479642868
10999,19,10999,spatial_specificity,32.557640075683594,0.8577157855033875,0.08328689634799957
10999,19,10999,spatial_specificity,32.572994232177734,0.9073920249938965,0.03835154324769974
10999,19,10999,spatial_specificity,32.649654388427734,0.8645610809326172,0.06331134587526321
10999,19,10999,spatial_specificity,32.69556427001953,0.870526134967804,0.05992194265127182
10999,19,10999,spatial_specificity,32.75667953491211,0.8772318959236145,0.07102114707231522
10999,19,10999,spatial_specificity,32.80244064331055,0.867297351360321,0.06700101494789124
10999,19,10999,spatial_specificity,32.893768310546875,0.898367702960968,0.041753944009542465
10999,19,10999,spatial_specificity,33.0151481628418,0.8733963966369629,0.06716955453157425
10999,19,10999,spatial_specificity,33.105892181396484,0.8870408535003662,0.06553050875663757
10999,19,10999,spatial_specificity,33.12099075317383,0.8824232220649719,0.07120585441589355
10999,19,10999,spatial_specificity,33.241539001464844,0.8569238781929016,0.06030261144042015
10999,19,10999,spatial_specificity,33.2866325378418,0.8563287854194641,0.06304147094488144
10999,19,10999,spatial_specificity,33.30165100097656,0.8556699156761169,0.06469165533781052
10999,19,10999,spatial_specificity,33.42155075073242,0.8598690032958984,0.060688406229019165
10999,19,10999,spatial_specificity,33.541019439697266,0.8654975295066833,0.053352776914834976
10999,19,10999,spatial_specificity,33.60059356689453,0.8602917790412903,0.06328785419464111
10999,19,10999,spatial_specificity,33.615474700927734,0.8680923581123352,0.0528714694082737
10999,19,10999,spatial_specificity,33.83784866333008,0.8661683201789856,0.056870900094509125
10999,19,10999,spatial_specificity,33.941123962402344,0.8635616898536682,0.05690091475844383
10999,19,10999,spatial_specificity,33.97057342529297,0.8608243465423584,0.05605541542172432
10999,19,10999,spatial_specificity,34.0,0.8688539862632751,0.05186539515852928
10999,19,10999,spatial_specificity,34.01470184326172,0.8922390937805176,0.034537166357040405
10999,19,10999,spatial_specificity,34.058773040771484,0.8644285202026367,0.06068510562181473
10999,19,10999,spatial_specificity,34.13209533691406,0.8688231110572815,0.053180497139692307
10999,19,10999,spatial_specificity,34.20526123046875,0.8686947226524353,0.05723791942000389
10999,19,10999,spatial_specificity,34.4093017578125,0.8355456590652466,0.0060173869132995605
10999,19,10999,spatial_specificity,34.438350677490234,0.8946282267570496,0.03277610242366791
10999,19,10999,spatial_specificity,34.48188018798828,0.8395776748657227,0.006299763917922974
10999,19,10999,spatial_specificity,34.65544891357422,0.8309897184371948,9.372831118525937e-05
10999,19,10999,spatial_specificity,34.66987228393555,0.839325487613678,0.01458728313446045
10999,19,10999,spatial_specificity,34.71310806274414,0.8330317735671997,0.0035376548767089844
10999,19,10999,spatial_specificity,34.828147888183594,0.8376525640487671,0.00859573483467102
10999,19,10999,spatial_specificity,34.885528564453125,0.8744020462036133,0.009839177131652832
10999,19,10999,spatial_specificity,34.98571014404297,0.8455235362052917,0.008925437927246094
10999,19,10999,spatial_specificity,35.0,0.8427402973175049,0.014422744512557983
10999,19,10999,spatial_specificity,35.22782897949219,0.8455523252487183,0.020475059747695923
10999,19,10999,spatial_specificity,35.35533905029297,0.8495063781738281,0.014833658933639526
10999,19,10999,spatial_specificity,35.38361358642578,0.8419308066368103,0.014833509922027588
10999,19,10999,spatial_specificity,35.46829605102539,0.8447866439819336,0.017422348260879517
10999,19,10999,spatial_specificity,35.510562896728516,0.8521047234535217,0.01324474811553955
10999,19,10999,spatial_specificity,35.60898971557617,0.847268283367157,0.020308077335357666
10999,19,10999,spatial_specificity,35.80502700805664,0.8489400148391724,0.02357909083366394
10999,19,10999,spatial_specificity,35.84689712524414,0.8800734281539917,0.012027204036712646
10999,19,10999,spatial_specificity,36.055511474609375,0.8573989868164062,0.01423594355583191
10999,19,10999,spatial_specificity,36.06937789916992,0.8504854440689087,0.023380517959594727
10999,19,10999,spatial_specificity,36.12478256225586,0.8499201536178589,0.024649709463119507
10999,19,10999,spatial_specificity,36.2353401184082,0.8508467078208923,0.025571048259735107
10999,19,10999,spatial_specificity,36.359317779541016,0.886665940284729,0.013155311346054077
10999,19,10999,spatial_specificity,36.400550842285156,0.8512464761734009,0.025923997163772583
10999,19,10999,spatial_specificity,36.619667053222656,0.8604796528816223,0.012899041175842285
10999,19,10999,spatial_specificity,36.769554138183594,0.8562227487564087,0.028768718242645264
10999,19,10999,spatial_specificity,36.79673767089844,0.8557480573654175,0.028238803148269653
10999,19,10999,spatial_specificity,36.878177642822266,0.8543622493743896,0.02842995524406433
10999,19,10999,spatial_specificity,36.8917350769043,0.8937686681747437,0.008060932159423828
10999,19,10999,spatial_specificity,37.013511657714844,0.8528908491134644,0.026418566703796387
10999,19,10999,spatial_specificity,37.202152252197266,0.86489337682724,0.009637415409088135
10999,19,10999,spatial_specificity,37.44329071044922,0.8991202116012573,0.003681570291519165
10999,19,10999,spatial_specificity,37.48332977294922,0.85878986120224,0.02992802858352661
10999,19,10999,spatial_specificity,37.53664779663086,0.858261227607727,0.027813047170639038
10999,19,10999,spatial_specificity,37.643062591552734,0.8552489876747131,0.024852991104125977
10999,19,10999,spatial_specificity,37.80211639404297,0.8690214157104492,0.005960434675216675
10999,19,10999,spatial_specificity,38.01315689086914,0.9068845510482788,0.004870414733886719
10999,19,10999,spatial_specificity,38.18376541137695,0.8622084259986877,0.02725505828857422
10999,19,10999,spatial_specificity,38.20994567871094,0.860960841178894,0.02655962109565735
10999,19,10999,spatial_specificity,38.28837966918945,0.860428512096405,0.02236306667327881
10999,19,10999,spatial_specificity,38.41874694824219,0.873557448387146,0.002498030662536621
10999,19,10999,spatial_specificity,38.60051727294922,0.9089550971984863,0.004941761493682861
10999,19,10999,spatial_specificity,38.897300720214844,0.865749180316925,0.02274179458618164
10999,19,10999,spatial_specificity,38.94868469238281,0.8643795251846313,0.020915180444717407
10999,19,10999,spatial_specificity,39.051246643066406,0.8811856508255005,0.001132190227508545
10999,19,10999,spatial_specificity,39.20458984375,0.915594756603241,0.009514570236206055
10999,19,10999,spatial_specificity,39.59798049926758,0.8712352514266968,0.01734602451324463
10999,19,10999,spatial_specificity,39.623226165771484,0.8714594841003418,0.015774130821228027
10999,19,10999,spatial_specificity,39.69886779785156,0.8861709833145142,0.0012498795986175537
10999,19,10999,spatial_specificity,39.824615478515625,0.9127500057220459,0.00452423095703125
10999,19,10999,spatial_specificity,40.31128692626953,0.8773044347763062,0.00969088077545166
10999,19,10999,spatial_specificity,40.360870361328125,0.8923847675323486,0.005247920751571655
10999,19,10999,spatial_specificity,40.45985794067383,0.8998080492019653,0.0
10999,19,10999,spatial_specificity,41.01219177246094,0.8848491907119751,0.0017348825931549072
10999,19,10999,spatial_specificity,41.03656768798828,0.8961158990859985,0.009012013673782349
10999,19,10999,spatial_specificity,41.1096076965332,0.9023405909538269,0.0
10999,19,10999,spatial_specificity,41.72529220581055,0.8985797762870789,0.009700655937194824
10999,19,10999,spatial_specificity,41.773197174072266,0.9067875146865845,0.0
10999,19,10999,spatial_specificity,42.42640686035156,0.9012341499328613,0.0001513957977294922
10999,19,10999,spatial_specificity,42.44997024536133,0.908935010433197,0.0
10999,19,10999,spatial_specificity,43.13930892944336,0.931640088558197,0.0
